2025-07-03 08:10:31 [main] INFO  com.example.springboot.Application - Starting Application using Java 17.0.15 with PID 25462 (/Users/anilshrivastava/Downloads/gs-spring-boot/complete/target/classes started by anilshrivastava in /Users/anilshrivastava/Downloads/gs-spring-boot/complete)
2025-07-03 08:10:31 [main] DEBUG com.example.springboot.Application - Running with Spring Boot v3.3.0, Spring v6.1.8
2025-07-03 08:10:31 [main] INFO  com.example.springboot.Application - The following 1 profile is active: "dev"
2025-07-03 08:10:31 [main] INFO  o.s.d.r.c.RepositoryConfigurationDelegate - Bootstrapping Spring Data JPA repositories in DEFAULT mode.
2025-07-03 08:10:31 [main] INFO  o.s.d.r.c.RepositoryConfigurationDelegate - Finished Spring Data repository scanning in 17 ms. Found 2 JPA repository interfaces.
2025-07-03 08:10:32 [main] INFO  o.s.b.w.e.tomcat.TomcatWebServer - Tomcat initialized with port 8081 (http)
2025-07-03 08:10:32 [main] INFO  o.a.catalina.core.StandardService - Starting service [Tomcat]
2025-07-03 08:10:32 [main] INFO  o.a.catalina.core.StandardEngine - Starting Servlet engine: [Apache Tomcat/10.1.24]
2025-07-03 08:10:32 [main] INFO  o.a.c.c.C.[Tomcat].[localhost].[/] - Initializing Spring embedded WebApplicationContext
2025-07-03 08:10:32 [main] INFO  o.s.b.w.s.c.ServletWebServerApplicationContext - Root WebApplicationContext: initialization completed in 732 ms
2025-07-03 08:10:32 [main] DEBUG o.s.w.f.ServerHttpObservationFilter - Filter 'webMvcObservationFilter' configured for use
2025-07-03 08:10:32 [main] INFO  o.h.jpa.internal.util.LogHelper - HHH000204: Processing PersistenceUnitInfo [name: default]
2025-07-03 08:10:32 [main] INFO  org.hibernate.Version - HHH000412: Hibernate ORM core version 6.5.2.Final
2025-07-03 08:10:32 [main] INFO  o.h.c.i.RegionFactoryInitiator - HHH000026: Second-level cache disabled
2025-07-03 08:10:32 [main] INFO  o.s.o.j.p.SpringPersistenceUnitInfo - No LoadTimeWeaver setup: ignoring JPA class transformer
2025-07-03 08:10:32 [main] INFO  com.zaxxer.hikari.HikariDataSource - HikariPool-1 - Starting...
2025-07-03 08:10:32 [main] INFO  com.zaxxer.hikari.pool.HikariPool - HikariPool-1 - Added connection org.postgresql.jdbc.PgConnection@114b2414
2025-07-03 08:10:32 [main] INFO  com.zaxxer.hikari.HikariDataSource - HikariPool-1 - Start completed.
2025-07-03 08:10:32 [main] WARN  org.hibernate.orm.deprecation - HHH90000025: PostgreSQLDialect does not need to be specified explicitly using 'hibernate.dialect' (remove the property setting and it will be selected by default)
2025-07-03 08:10:33 [main] INFO  o.h.e.t.j.p.i.JtaPlatformInitiator - HHH000489: No JTA platform available (set 'hibernate.transaction.jta.platform' to enable JTA platform integration)
2025-07-03 08:10:33 [main] INFO  o.s.o.j.LocalContainerEntityManagerFactoryBean - Initialized JPA EntityManagerFactory for persistence unit 'default'
2025-07-03 08:10:33 [main] INFO  o.s.s.c.a.a.c.InitializeUserDetailsBeanManagerConfigurer$InitializeUserDetailsManagerConfigurer - Global AuthenticationManager configured with UserDetailsService bean with name customUserDetailsService
2025-07-03 08:10:33 [main] WARN  o.s.b.a.o.j.JpaBaseConfiguration$JpaWebConfiguration - spring.jpa.open-in-view is enabled by default. Therefore, database queries may be performed during view rendering. Explicitly configure spring.jpa.open-in-view to disable this warning
2025-07-03 08:10:33 [main] INFO  o.s.b.a.w.s.WelcomePageHandlerMapping - Adding welcome page: class path resource [static/index.html]
2025-07-03 08:10:33 [main] DEBUG o.s.w.s.m.m.a.RequestMappingHandlerMapping - 14 mappings in 'requestMappingHandlerMapping'
2025-07-03 08:10:33 [main] DEBUG o.s.w.s.h.SimpleUrlHandlerMapping - Patterns [/webjars/**, /**, /swagger-ui*/*swagger-initializer.js, /swagger-ui*/**] in 'resourceHandlerMapping'
2025-07-03 08:10:33 [main] INFO  o.s.b.a.e.web.EndpointLinksResolver - Exposing 15 endpoints beneath base path '/actuator'
2025-07-03 08:10:33 [main] INFO  o.s.s.web.DefaultSecurityFilterChain - Will secure any request with [org.springframework.security.web.session.DisableEncodeUrlFilter@c32908c, org.springframework.security.web.context.request.async.WebAsyncManagerIntegrationFilter@588b02a0, org.springframework.security.web.context.SecurityContextHolderFilter@5c6fae3c, org.springframework.security.web.header.HeaderWriterFilter@2898cd46, org.springframework.web.filter.CorsFilter@2100b770, org.springframework.security.web.authentication.logout.LogoutFilter@6960e7a6, org.springframework.security.web.authentication.www.BasicAuthenticationFilter@2f29046b, org.springframework.security.web.savedrequest.RequestCacheAwareFilter@346d8002, org.springframework.security.web.servletapi.SecurityContextHolderAwareRequestFilter@4ff233f9, org.springframework.security.web.authentication.AnonymousAuthenticationFilter@349469db, org.springframework.security.web.access.ExceptionTranslationFilter@7e3c5ef1, org.springframework.security.web.access.intercept.AuthorizationFilter@7ff26b29]
2025-07-03 08:10:33 [main] DEBUG o.s.w.s.m.m.a.RequestMappingHandlerAdapter - ControllerAdvice beans: 0 @ModelAttribute, 0 @InitBinder, 1 RequestBodyAdvice, 1 ResponseBodyAdvice
2025-07-03 08:10:33 [main] DEBUG o.s.w.s.m.m.a.ExceptionHandlerExceptionResolver - ControllerAdvice beans: 2 @ExceptionHandler, 1 ResponseBodyAdvice
2025-07-03 08:10:33 [main] INFO  o.s.b.w.e.tomcat.TomcatWebServer - Tomcat started on port 8081 (http) with context path '/'
2025-07-03 08:10:33 [main] INFO  com.example.springboot.Application - Started Application in 2.547 seconds (process running for 2.69)
2025-07-03 08:11:08 [http-nio-8081-exec-1] INFO  o.a.c.c.C.[Tomcat].[localhost].[/] - Initializing Spring DispatcherServlet 'dispatcherServlet'
2025-07-03 08:11:08 [http-nio-8081-exec-1] INFO  o.s.web.servlet.DispatcherServlet - Initializing Servlet 'dispatcherServlet'
2025-07-03 08:11:08 [http-nio-8081-exec-1] DEBUG o.s.web.servlet.DispatcherServlet - Detected StandardServletMultipartResolver
2025-07-03 08:11:08 [http-nio-8081-exec-1] DEBUG o.s.web.servlet.DispatcherServlet - Detected AcceptHeaderLocaleResolver
2025-07-03 08:11:08 [http-nio-8081-exec-1] DEBUG o.s.web.servlet.DispatcherServlet - Detected FixedThemeResolver
2025-07-03 08:11:08 [http-nio-8081-exec-1] DEBUG o.s.web.servlet.DispatcherServlet - Detected org.springframework.web.servlet.view.DefaultRequestToViewNameTranslator@4b391e45
2025-07-03 08:11:08 [http-nio-8081-exec-1] DEBUG o.s.web.servlet.DispatcherServlet - Detected org.springframework.web.servlet.support.SessionFlashMapManager@52b4da7c
2025-07-03 08:11:08 [http-nio-8081-exec-1] DEBUG o.s.web.servlet.DispatcherServlet - enableLoggingRequestDetails='false': request parameters and headers will be masked to prevent unsafe logging of potentially sensitive data
2025-07-03 08:11:08 [http-nio-8081-exec-1] INFO  o.s.web.servlet.DispatcherServlet - Completed initialization in 8 ms
2025-07-03 08:11:08 [http-nio-8081-exec-1] DEBUG o.s.web.servlet.DispatcherServlet - GET "/static/css/main.e6c13ad2.css", parameters={}
2025-07-03 08:11:08 [http-nio-8081-exec-2] DEBUG o.s.web.servlet.DispatcherServlet - GET "/static/js/main.e64168eb.js.map", parameters={}
2025-07-03 08:11:08 [http-nio-8081-exec-3] DEBUG o.s.web.servlet.DispatcherServlet - GET "/manifest.json", parameters={}
2025-07-03 08:11:08 [http-nio-8081-exec-3] DEBUG o.s.w.s.h.SimpleUrlHandlerMapping - Mapped to ResourceHttpRequestHandler [classpath [META-INF/resources/], classpath [resources/], classpath [static/], classpath [public/], ServletContext [/]]
2025-07-03 08:11:08 [http-nio-8081-exec-1] DEBUG o.s.w.s.h.SimpleUrlHandlerMapping - Mapped to ResourceHttpRequestHandler [classpath [META-INF/resources/], classpath [resources/], classpath [static/], classpath [public/], ServletContext [/]]
2025-07-03 08:11:08 [http-nio-8081-exec-2] DEBUG o.s.w.s.h.SimpleUrlHandlerMapping - Mapped to ResourceHttpRequestHandler [classpath [META-INF/resources/], classpath [resources/], classpath [static/], classpath [public/], ServletContext [/]]
2025-07-03 08:11:08 [http-nio-8081-exec-3] DEBUG o.s.web.servlet.DispatcherServlet - Completed 200 OK
2025-07-03 08:11:08 [http-nio-8081-exec-1] DEBUG o.s.web.servlet.DispatcherServlet - Completed 200 OK
2025-07-03 08:11:08 [http-nio-8081-exec-2] DEBUG o.s.web.servlet.DispatcherServlet - Completed 200 OK
2025-07-03 08:11:08 [http-nio-8081-exec-5] DEBUG o.s.web.servlet.DispatcherServlet - GET "/static/css/main.e6c13ad2.css.map", parameters={}
2025-07-03 08:11:08 [http-nio-8081-exec-5] DEBUG o.s.w.s.h.SimpleUrlHandlerMapping - Mapped to ResourceHttpRequestHandler [classpath [META-INF/resources/], classpath [resources/], classpath [static/], classpath [public/], ServletContext [/]]
2025-07-03 08:11:08 [http-nio-8081-exec-5] DEBUG o.s.web.servlet.DispatcherServlet - Completed 200 OK
2025-07-03 08:11:45 [http-nio-8081-exec-10] DEBUG o.s.web.servlet.DispatcherServlet - POST "/auth/token", parameters={}
2025-07-03 08:11:45 [http-nio-8081-exec-10] DEBUG o.s.w.s.m.m.a.RequestMappingHandlerMapping - Mapped to com.example.springboot.controller.AuthController#getToken(AuthRequest)
2025-07-03 08:11:45 [http-nio-8081-exec-10] DEBUG o.s.w.s.m.m.a.RequestResponseBodyMethodProcessor - Read "application/json;charset=UTF-8" to [com.example.springboot.dto.AuthRequest@6e5a0066]
2025-07-03 08:11:46 [http-nio-8081-exec-10] DEBUG o.s.w.s.m.m.a.HttpEntityMethodProcessor - Using 'application/json', given [application/json, text/plain, */*] and supported [application/json, application/*+json]
2025-07-03 08:11:46 [http-nio-8081-exec-10] DEBUG o.s.w.s.m.m.a.HttpEntityMethodProcessor - Writing [{token=eyJhbGciOiJSUzI1NiJ9.eyJzdWIiOiJhbmlsIiwicm9sZSI6IlVTRVIiLCJpYXQiOjE3NTE1MTA1MDYsImV4cCI6MTc1 (truncated)...]
2025-07-03 08:11:46 [http-nio-8081-exec-10] DEBUG o.s.web.servlet.DispatcherServlet - Completed 200 OK
2025-07-03 08:11:46 [http-nio-8081-exec-3] DEBUG o.s.web.servlet.DispatcherServlet - GET "/employees/all", parameters={}
2025-07-03 08:11:46 [http-nio-8081-exec-3] DEBUG o.s.w.s.m.m.a.RequestMappingHandlerMapping - Mapped to com.example.springboot.controller.EmployeeController#getAll()
2025-07-03 08:11:46 [http-nio-8081-exec-3] INFO  c.e.s.controller.EmployeeController - Fetching all employees
2025-07-03 08:11:46 [http-nio-8081-exec-3] DEBUG o.s.w.s.m.m.a.RequestResponseBodyMethodProcessor - Using 'application/json', given [application/json, text/plain, */*] and supported [application/json, application/*+json]
2025-07-03 08:11:46 [http-nio-8081-exec-3] DEBUG o.s.w.s.m.m.a.RequestResponseBodyMethodProcessor - Writing [[EmployeeDTO(id=1, firstName=Anuradha, lastName=Shrivastava, email=anuradha@example.com, department= (truncated)...]
2025-07-03 08:11:46 [http-nio-8081-exec-3] DEBUG o.s.web.servlet.DispatcherServlet - Completed 200 OK
2025-07-03 08:12:58 [http-nio-8081-exec-2] DEBUG o.s.web.servlet.DispatcherServlet - POST "/auth/register", parameters={}
2025-07-03 08:12:58 [http-nio-8081-exec-2] DEBUG o.s.w.s.m.m.a.RequestMappingHandlerMapping - Mapped to com.example.springboot.controller.AuthController#registerUser(AuthRequest)
2025-07-03 08:12:58 [http-nio-8081-exec-2] DEBUG o.s.w.s.m.m.a.RequestResponseBodyMethodProcessor - Read "application/json;charset=UTF-8" to [com.example.springboot.dto.AuthRequest@599f702f]
2025-07-03 08:12:58 [http-nio-8081-exec-2] DEBUG o.s.w.s.m.m.a.HttpEntityMethodProcessor - Using 'application/json', given [application/json, text/plain, */*] and supported [text/plain, */*, application/json, application/*+json]
2025-07-03 08:12:58 [http-nio-8081-exec-2] DEBUG o.s.w.s.m.m.a.HttpEntityMethodProcessor - Writing ["User registered successfully"]
2025-07-03 08:12:58 [http-nio-8081-exec-2] DEBUG o.s.web.servlet.DispatcherServlet - Completed 201 CREATED
2025-07-03 08:13:00 [http-nio-8081-exec-5] DEBUG o.s.web.servlet.DispatcherServlet - GET "/employees/all", parameters={}
2025-07-03 08:13:00 [http-nio-8081-exec-5] DEBUG o.s.w.s.m.m.a.RequestMappingHandlerMapping - Mapped to com.example.springboot.controller.EmployeeController#getAll()
2025-07-03 08:13:00 [http-nio-8081-exec-5] INFO  c.e.s.controller.EmployeeController - Fetching all employees
2025-07-03 08:13:00 [http-nio-8081-exec-5] DEBUG o.s.w.s.m.m.a.RequestResponseBodyMethodProcessor - Using 'application/json', given [application/json, text/plain, */*] and supported [application/json, application/*+json]
2025-07-03 08:13:00 [http-nio-8081-exec-5] DEBUG o.s.w.s.m.m.a.RequestResponseBodyMethodProcessor - Writing [[EmployeeDTO(id=1, firstName=Anuradha, lastName=Shrivastava, email=anuradha@example.com, department= (truncated)...]
2025-07-03 08:13:00 [http-nio-8081-exec-5] DEBUG o.s.web.servlet.DispatcherServlet - Completed 200 OK
2025-07-03 08:13:32 [http-nio-8081-exec-8] DEBUG o.s.web.servlet.DispatcherServlet - POST "/auth/token", parameters={}
2025-07-03 08:13:32 [http-nio-8081-exec-8] DEBUG o.s.w.s.m.m.a.RequestMappingHandlerMapping - Mapped to com.example.springboot.controller.AuthController#getToken(AuthRequest)
2025-07-03 08:13:32 [http-nio-8081-exec-8] DEBUG o.s.w.s.m.m.a.RequestResponseBodyMethodProcessor - Read "application/json;charset=UTF-8" to [com.example.springboot.dto.AuthRequest@59ef5304]
2025-07-03 08:13:32 [http-nio-8081-exec-8] DEBUG o.s.w.s.m.m.a.HttpEntityMethodProcessor - Using 'application/json', given [application/json, text/plain, */*] and supported [application/json, application/*+json]
2025-07-03 08:13:32 [http-nio-8081-exec-8] DEBUG o.s.w.s.m.m.a.HttpEntityMethodProcessor - Writing [{token=eyJhbGciOiJSUzI1NiJ9.eyJzdWIiOiJkZW1vIiwicm9sZSI6IlVTRVIiLCJpYXQiOjE3NTE1MTA2MTIsImV4cCI6MTc1 (truncated)...]
2025-07-03 08:13:32 [http-nio-8081-exec-8] DEBUG o.s.web.servlet.DispatcherServlet - Completed 200 OK
2025-07-03 08:13:32 [http-nio-8081-exec-6] DEBUG o.s.web.servlet.DispatcherServlet - GET "/employees/all", parameters={}
2025-07-03 08:13:32 [http-nio-8081-exec-6] DEBUG o.s.w.s.m.m.a.RequestMappingHandlerMapping - Mapped to com.example.springboot.controller.EmployeeController#getAll()
2025-07-03 08:13:32 [http-nio-8081-exec-6] INFO  c.e.s.controller.EmployeeController - Fetching all employees
2025-07-03 08:13:32 [http-nio-8081-exec-6] DEBUG o.s.w.s.m.m.a.RequestResponseBodyMethodProcessor - Using 'application/json', given [application/json, text/plain, */*] and supported [application/json, application/*+json]
2025-07-03 08:13:32 [http-nio-8081-exec-6] DEBUG o.s.w.s.m.m.a.RequestResponseBodyMethodProcessor - Writing [[EmployeeDTO(id=1, firstName=Anuradha, lastName=Shrivastava, email=anuradha@example.com, department= (truncated)...]
2025-07-03 08:13:32 [http-nio-8081-exec-6] DEBUG o.s.web.servlet.DispatcherServlet - Completed 200 OK
2025-07-03 08:18:43 [SpringApplicationShutdownHook] INFO  o.s.o.j.LocalContainerEntityManagerFactoryBean - Closing JPA EntityManagerFactory for persistence unit 'default'
2025-07-03 08:18:43 [SpringApplicationShutdownHook] INFO  com.zaxxer.hikari.HikariDataSource - HikariPool-1 - Shutdown initiated...
2025-07-03 08:18:43 [SpringApplicationShutdownHook] INFO  com.zaxxer.hikari.HikariDataSource - HikariPool-1 - Shutdown completed.
2025-07-03 08:31:45 [main] INFO  com.example.springboot.Application - Starting Application using Java 17.0.15 with PID 26484 (/Users/anilshrivastava/Downloads/gs-spring-boot/complete/target/classes started by anilshrivastava in /Users/anilshrivastava/Downloads/gs-spring-boot/complete)
2025-07-03 08:31:45 [main] DEBUG com.example.springboot.Application - Running with Spring Boot v3.3.0, Spring v6.1.8
2025-07-03 08:31:45 [main] INFO  com.example.springboot.Application - The following 1 profile is active: "dev"
2025-07-03 08:31:46 [main] INFO  o.s.d.r.c.RepositoryConfigurationDelegate - Bootstrapping Spring Data JPA repositories in DEFAULT mode.
2025-07-03 08:31:46 [main] INFO  o.s.d.r.c.RepositoryConfigurationDelegate - Finished Spring Data repository scanning in 15 ms. Found 2 JPA repository interfaces.
2025-07-03 08:31:46 [main] INFO  o.s.b.w.e.tomcat.TomcatWebServer - Tomcat initialized with port 8081 (http)
2025-07-03 08:31:46 [main] INFO  o.a.catalina.core.StandardService - Starting service [Tomcat]
2025-07-03 08:31:46 [main] INFO  o.a.catalina.core.StandardEngine - Starting Servlet engine: [Apache Tomcat/10.1.24]
2025-07-03 08:31:46 [main] INFO  o.a.c.c.C.[Tomcat].[localhost].[/] - Initializing Spring embedded WebApplicationContext
2025-07-03 08:31:46 [main] INFO  o.s.b.w.s.c.ServletWebServerApplicationContext - Root WebApplicationContext: initialization completed in 644 ms
2025-07-03 08:31:46 [main] DEBUG o.s.w.f.ServerHttpObservationFilter - Filter 'webMvcObservationFilter' configured for use
2025-07-03 08:31:46 [main] INFO  o.h.jpa.internal.util.LogHelper - HHH000204: Processing PersistenceUnitInfo [name: default]
2025-07-03 08:31:46 [main] INFO  org.hibernate.Version - HHH000412: Hibernate ORM core version 6.5.2.Final
2025-07-03 08:31:46 [main] INFO  o.h.c.i.RegionFactoryInitiator - HHH000026: Second-level cache disabled
2025-07-03 08:31:46 [main] INFO  o.s.o.j.p.SpringPersistenceUnitInfo - No LoadTimeWeaver setup: ignoring JPA class transformer
2025-07-03 08:31:46 [main] INFO  com.zaxxer.hikari.HikariDataSource - HikariPool-1 - Starting...
2025-07-03 08:31:46 [main] INFO  com.zaxxer.hikari.pool.HikariPool - HikariPool-1 - Added connection org.postgresql.jdbc.PgConnection@45f8415b
2025-07-03 08:31:46 [main] INFO  com.zaxxer.hikari.HikariDataSource - HikariPool-1 - Start completed.
2025-07-03 08:31:46 [main] WARN  org.hibernate.orm.deprecation - HHH90000025: PostgreSQLDialect does not need to be specified explicitly using 'hibernate.dialect' (remove the property setting and it will be selected by default)
2025-07-03 08:31:46 [main] INFO  o.h.e.t.j.p.i.JtaPlatformInitiator - HHH000489: No JTA platform available (set 'hibernate.transaction.jta.platform' to enable JTA platform integration)
2025-07-03 08:31:47 [main] INFO  o.s.o.j.LocalContainerEntityManagerFactoryBean - Initialized JPA EntityManagerFactory for persistence unit 'default'
2025-07-03 08:31:47 [main] INFO  o.s.s.c.a.a.c.InitializeUserDetailsBeanManagerConfigurer$InitializeUserDetailsManagerConfigurer - Global AuthenticationManager configured with UserDetailsService bean with name customUserDetailsService
2025-07-03 08:31:47 [main] WARN  o.s.b.a.o.j.JpaBaseConfiguration$JpaWebConfiguration - spring.jpa.open-in-view is enabled by default. Therefore, database queries may be performed during view rendering. Explicitly configure spring.jpa.open-in-view to disable this warning
2025-07-03 08:31:47 [main] INFO  o.s.b.a.w.s.WelcomePageHandlerMapping - Adding welcome page: class path resource [static/index.html]
2025-07-03 08:31:47 [main] DEBUG o.s.w.s.m.m.a.RequestMappingHandlerMapping - 14 mappings in 'requestMappingHandlerMapping'
2025-07-03 08:31:47 [main] DEBUG o.s.w.s.h.SimpleUrlHandlerMapping - Patterns [/webjars/**, /**, /swagger-ui*/*swagger-initializer.js, /swagger-ui*/**] in 'resourceHandlerMapping'
2025-07-03 08:31:47 [main] INFO  o.s.b.a.e.web.EndpointLinksResolver - Exposing 15 endpoints beneath base path '/actuator'
2025-07-03 08:31:47 [main] INFO  o.s.s.web.DefaultSecurityFilterChain - Will secure any request with [org.springframework.security.web.session.DisableEncodeUrlFilter@7315264e, org.springframework.security.web.context.request.async.WebAsyncManagerIntegrationFilter@11c68269, org.springframework.security.web.context.SecurityContextHolderFilter@3f808ad9, org.springframework.security.web.header.HeaderWriterFilter@a589070, org.springframework.web.filter.CorsFilter@7b237c2c, org.springframework.security.web.authentication.logout.LogoutFilter@17c7cc93, org.springframework.security.web.authentication.www.BasicAuthenticationFilter@511ba9c9, org.springframework.security.web.savedrequest.RequestCacheAwareFilter@4fb1bffd, org.springframework.security.web.servletapi.SecurityContextHolderAwareRequestFilter@2cee1bcf, org.springframework.security.web.authentication.AnonymousAuthenticationFilter@6018a6a2, org.springframework.security.web.access.ExceptionTranslationFilter@472d7f34, org.springframework.security.web.access.intercept.AuthorizationFilter@640a80aa]
2025-07-03 08:31:47 [main] DEBUG o.s.w.s.m.m.a.RequestMappingHandlerAdapter - ControllerAdvice beans: 0 @ModelAttribute, 0 @InitBinder, 1 RequestBodyAdvice, 1 ResponseBodyAdvice
2025-07-03 08:31:47 [main] DEBUG o.s.w.s.m.m.a.ExceptionHandlerExceptionResolver - ControllerAdvice beans: 2 @ExceptionHandler, 1 ResponseBodyAdvice
2025-07-03 08:31:47 [main] INFO  o.s.b.w.e.tomcat.TomcatWebServer - Tomcat started on port 8081 (http) with context path '/'
2025-07-03 08:31:47 [main] INFO  com.example.springboot.Application - Started Application in 2.085 seconds (process running for 2.206)
2025-07-03 08:31:59 [http-nio-8081-exec-1] INFO  o.a.c.c.C.[Tomcat].[localhost].[/] - Initializing Spring DispatcherServlet 'dispatcherServlet'
2025-07-03 08:31:59 [http-nio-8081-exec-1] INFO  o.s.web.servlet.DispatcherServlet - Initializing Servlet 'dispatcherServlet'
2025-07-03 08:31:59 [http-nio-8081-exec-1] DEBUG o.s.web.servlet.DispatcherServlet - Detected StandardServletMultipartResolver
2025-07-03 08:31:59 [http-nio-8081-exec-1] DEBUG o.s.web.servlet.DispatcherServlet - Detected AcceptHeaderLocaleResolver
2025-07-03 08:31:59 [http-nio-8081-exec-1] DEBUG o.s.web.servlet.DispatcherServlet - Detected FixedThemeResolver
2025-07-03 08:31:59 [http-nio-8081-exec-1] DEBUG o.s.web.servlet.DispatcherServlet - Detected org.springframework.web.servlet.view.DefaultRequestToViewNameTranslator@3e3b41cb
2025-07-03 08:31:59 [http-nio-8081-exec-1] DEBUG o.s.web.servlet.DispatcherServlet - Detected org.springframework.web.servlet.support.SessionFlashMapManager@5a75bad4
2025-07-03 08:31:59 [http-nio-8081-exec-1] DEBUG o.s.web.servlet.DispatcherServlet - enableLoggingRequestDetails='false': request parameters and headers will be masked to prevent unsafe logging of potentially sensitive data
2025-07-03 08:31:59 [http-nio-8081-exec-1] INFO  o.s.web.servlet.DispatcherServlet - Completed initialization in 2 ms
2025-07-03 08:31:59 [http-nio-8081-exec-1] DEBUG o.s.web.servlet.DispatcherServlet - GET "/", parameters={}
2025-07-03 08:31:59 [http-nio-8081-exec-1] DEBUG o.s.w.s.v.ContentNegotiatingViewResolver - Selected 'text/html' given [text/html, application/xhtml+xml, image/avif, image/webp, image/apng, application/xml;q=0.9, */*;q=0.8, application/signed-exchange;v=b3;q=0.7]
2025-07-03 08:31:59 [http-nio-8081-exec-1] DEBUG o.s.w.s.view.InternalResourceView - View name 'forward:', model {}
2025-07-03 08:31:59 [http-nio-8081-exec-1] DEBUG o.s.w.s.view.InternalResourceView - Forwarding to [index.html]
2025-07-03 08:31:59 [http-nio-8081-exec-1] DEBUG o.s.web.servlet.DispatcherServlet - "FORWARD" dispatch for GET "/index.html", parameters={}
2025-07-03 08:31:59 [http-nio-8081-exec-1] DEBUG o.s.w.s.h.SimpleUrlHandlerMapping - Mapped to ResourceHttpRequestHandler [classpath [META-INF/resources/], classpath [resources/], classpath [static/], classpath [public/], ServletContext [/]]
2025-07-03 08:31:59 [http-nio-8081-exec-1] DEBUG o.s.web.servlet.DispatcherServlet - Exiting from "FORWARD" dispatch, status 200
2025-07-03 08:31:59 [http-nio-8081-exec-1] DEBUG o.s.web.servlet.DispatcherServlet - Completed 200 OK
2025-07-03 08:31:59 [http-nio-8081-exec-1] DEBUG o.s.web.servlet.DispatcherServlet - GET "/static/js/main.caea96e2.js", parameters={}
2025-07-03 08:31:59 [http-nio-8081-exec-1] DEBUG o.s.w.s.h.SimpleUrlHandlerMapping - Mapped to ResourceHttpRequestHandler [classpath [META-INF/resources/], classpath [resources/], classpath [static/], classpath [public/], ServletContext [/]]
2025-07-03 08:31:59 [http-nio-8081-exec-2] DEBUG o.s.web.servlet.DispatcherServlet - GET "/static/css/main.e6c13ad2.css", parameters={}
2025-07-03 08:31:59 [http-nio-8081-exec-2] DEBUG o.s.w.s.h.SimpleUrlHandlerMapping - Mapped to ResourceHttpRequestHandler [classpath [META-INF/resources/], classpath [resources/], classpath [static/], classpath [public/], ServletContext [/]]
2025-07-03 08:31:59 [http-nio-8081-exec-2] DEBUG o.s.web.servlet.DispatcherServlet - Completed 200 OK
2025-07-03 08:31:59 [http-nio-8081-exec-1] DEBUG o.s.web.servlet.DispatcherServlet - Completed 200 OK
2025-07-03 08:32:14 [http-nio-8081-exec-5] DEBUG o.s.web.servlet.DispatcherServlet - GET "/", parameters={}
2025-07-03 08:32:14 [http-nio-8081-exec-5] DEBUG o.s.w.s.v.ContentNegotiatingViewResolver - Selected 'text/html' given [text/html, application/xhtml+xml, image/avif, image/webp, image/apng, application/xml;q=0.9, */*;q=0.8, application/signed-exchange;v=b3;q=0.7]
2025-07-03 08:32:14 [http-nio-8081-exec-5] DEBUG o.s.w.s.view.InternalResourceView - View name 'forward:', model {}
2025-07-03 08:32:14 [http-nio-8081-exec-5] DEBUG o.s.w.s.view.InternalResourceView - Forwarding to [index.html]
2025-07-03 08:32:14 [http-nio-8081-exec-5] DEBUG o.s.web.servlet.DispatcherServlet - "FORWARD" dispatch for GET "/index.html", parameters={}
2025-07-03 08:32:14 [http-nio-8081-exec-5] DEBUG o.s.w.s.h.SimpleUrlHandlerMapping - Mapped to ResourceHttpRequestHandler [classpath [META-INF/resources/], classpath [resources/], classpath [static/], classpath [public/], ServletContext [/]]
2025-07-03 08:32:14 [http-nio-8081-exec-5] DEBUG o.s.web.servlet.DispatcherServlet - Exiting from "FORWARD" dispatch, status 200
2025-07-03 08:32:14 [http-nio-8081-exec-5] DEBUG o.s.web.servlet.DispatcherServlet - Completed 200 OK
2025-07-03 08:32:14 [http-nio-8081-exec-6] DEBUG o.s.web.servlet.DispatcherServlet - GET "/static/js/main.caea96e2.js", parameters={}
2025-07-03 08:32:14 [http-nio-8081-exec-7] DEBUG o.s.web.servlet.DispatcherServlet - GET "/static/css/main.e6c13ad2.css", parameters={}
2025-07-03 08:32:14 [http-nio-8081-exec-6] DEBUG o.s.w.s.h.SimpleUrlHandlerMapping - Mapped to ResourceHttpRequestHandler [classpath [META-INF/resources/], classpath [resources/], classpath [static/], classpath [public/], ServletContext [/]]
2025-07-03 08:32:14 [http-nio-8081-exec-7] DEBUG o.s.w.s.h.SimpleUrlHandlerMapping - Mapped to ResourceHttpRequestHandler [classpath [META-INF/resources/], classpath [resources/], classpath [static/], classpath [public/], ServletContext [/]]
2025-07-03 08:32:14 [http-nio-8081-exec-7] DEBUG o.s.web.servlet.DispatcherServlet - Completed 200 OK
2025-07-03 08:32:14 [http-nio-8081-exec-6] DEBUG o.s.web.servlet.DispatcherServlet - Completed 200 OK
2025-07-03 08:32:15 [http-nio-8081-exec-8] DEBUG o.s.web.servlet.DispatcherServlet - GET "/manifest.json", parameters={}
2025-07-03 08:32:15 [http-nio-8081-exec-8] DEBUG o.s.w.s.h.SimpleUrlHandlerMapping - Mapped to ResourceHttpRequestHandler [classpath [META-INF/resources/], classpath [resources/], classpath [static/], classpath [public/], ServletContext [/]]
2025-07-03 08:32:15 [http-nio-8081-exec-8] DEBUG o.s.web.servlet.DispatcherServlet - Completed 200 OK
2025-07-03 08:32:15 [http-nio-8081-exec-9] DEBUG o.s.web.servlet.DispatcherServlet - GET "/logo192.png", parameters={}
2025-07-03 08:32:15 [http-nio-8081-exec-9] DEBUG o.s.w.s.h.SimpleUrlHandlerMapping - Mapped to ResourceHttpRequestHandler [classpath [META-INF/resources/], classpath [resources/], classpath [static/], classpath [public/], ServletContext [/]]
2025-07-03 08:32:15 [http-nio-8081-exec-9] DEBUG o.s.web.servlet.DispatcherServlet - Completed 200 OK
2025-07-03 08:32:15 [http-nio-8081-exec-10] DEBUG o.s.web.servlet.DispatcherServlet - GET "/favicon.ico", parameters={}
2025-07-03 08:32:15 [http-nio-8081-exec-1] DEBUG o.s.web.servlet.DispatcherServlet - GET "/logo512.png", parameters={}
2025-07-03 08:32:15 [http-nio-8081-exec-2] DEBUG o.s.web.servlet.DispatcherServlet - GET "/logo192.png", parameters={}
2025-07-03 08:32:15 [http-nio-8081-exec-10] DEBUG o.s.w.s.h.SimpleUrlHandlerMapping - Mapped to ResourceHttpRequestHandler [classpath [META-INF/resources/], classpath [resources/], classpath [static/], classpath [public/], ServletContext [/]]
2025-07-03 08:32:15 [http-nio-8081-exec-2] DEBUG o.s.w.s.h.SimpleUrlHandlerMapping - Mapped to ResourceHttpRequestHandler [classpath [META-INF/resources/], classpath [resources/], classpath [static/], classpath [public/], ServletContext [/]]
2025-07-03 08:32:15 [http-nio-8081-exec-1] DEBUG o.s.w.s.h.SimpleUrlHandlerMapping - Mapped to ResourceHttpRequestHandler [classpath [META-INF/resources/], classpath [resources/], classpath [static/], classpath [public/], ServletContext [/]]
2025-07-03 08:32:15 [http-nio-8081-exec-2] DEBUG o.s.web.servlet.DispatcherServlet - Completed 200 OK
2025-07-03 08:32:15 [http-nio-8081-exec-1] DEBUG o.s.web.servlet.DispatcherServlet - Completed 200 OK
2025-07-03 08:32:15 [http-nio-8081-exec-10] DEBUG o.s.web.servlet.DispatcherServlet - Completed 200 OK
2025-07-03 08:32:24 [http-nio-8081-exec-3] DEBUG o.s.web.servlet.DispatcherServlet - POST "/auth/token", parameters={}
2025-07-03 08:32:24 [http-nio-8081-exec-3] DEBUG o.s.w.s.m.m.a.RequestMappingHandlerMapping - Mapped to com.example.springboot.controller.AuthController#getToken(AuthRequest)
2025-07-03 08:32:24 [http-nio-8081-exec-3] DEBUG o.s.w.s.m.m.a.RequestResponseBodyMethodProcessor - Read "application/json;charset=UTF-8" to [com.example.springboot.dto.AuthRequest@62fcac9]
2025-07-03 08:32:25 [http-nio-8081-exec-3] DEBUG o.s.w.s.m.m.a.HttpEntityMethodProcessor - Using 'application/json', given [application/json, text/plain, */*] and supported [application/json, application/*+json]
2025-07-03 08:32:25 [http-nio-8081-exec-3] DEBUG o.s.w.s.m.m.a.HttpEntityMethodProcessor - Writing [{token=eyJhbGciOiJSUzI1NiJ9.eyJzdWIiOiJhbmlsIiwicm9sZSI6IlVTRVIiLCJpYXQiOjE3NTE1MTE3NDQsImV4cCI6MTc1 (truncated)...]
2025-07-03 08:32:25 [http-nio-8081-exec-3] DEBUG o.s.web.servlet.DispatcherServlet - Completed 200 OK
2025-07-03 08:32:25 [http-nio-8081-exec-4] DEBUG o.s.web.servlet.DispatcherServlet - GET "/employees/all", parameters={}
2025-07-03 08:32:25 [http-nio-8081-exec-4] DEBUG o.s.w.s.m.m.a.RequestMappingHandlerMapping - Mapped to com.example.springboot.controller.EmployeeController#getAll()
2025-07-03 08:32:25 [http-nio-8081-exec-4] INFO  c.e.s.controller.EmployeeController - Fetching all employees
2025-07-03 08:32:25 [http-nio-8081-exec-4] DEBUG o.s.w.s.m.m.a.RequestResponseBodyMethodProcessor - Using 'application/json', given [application/json, text/plain, */*] and supported [application/json, application/*+json]
2025-07-03 08:32:25 [http-nio-8081-exec-4] DEBUG o.s.w.s.m.m.a.RequestResponseBodyMethodProcessor - Writing [[EmployeeDTO(id=1, firstName=Anuradha, lastName=Shrivastava, email=anuradha@example.com, department= (truncated)...]
2025-07-03 08:32:25 [http-nio-8081-exec-4] DEBUG o.s.web.servlet.DispatcherServlet - Completed 200 OK
2025-07-03 08:37:30 [SpringApplicationShutdownHook] INFO  o.s.o.j.LocalContainerEntityManagerFactoryBean - Closing JPA EntityManagerFactory for persistence unit 'default'
2025-07-03 08:37:30 [SpringApplicationShutdownHook] INFO  com.zaxxer.hikari.HikariDataSource - HikariPool-1 - Shutdown initiated...
2025-07-03 08:37:30 [SpringApplicationShutdownHook] INFO  com.zaxxer.hikari.HikariDataSource - HikariPool-1 - Shutdown completed.
2025-07-03 08:37:46 [main] INFO  com.example.springboot.Application - Starting Application using Java 17.0.15 with PID 26809 (/Users/anilshrivastava/Downloads/gs-spring-boot/complete/target/classes started by anilshrivastava in /Users/anilshrivastava/Downloads/gs-spring-boot/complete)
2025-07-03 08:37:46 [main] DEBUG com.example.springboot.Application - Running with Spring Boot v3.3.0, Spring v6.1.8
2025-07-03 08:37:46 [main] INFO  com.example.springboot.Application - The following 1 profile is active: "dev"
2025-07-03 08:37:46 [main] INFO  o.s.d.r.c.RepositoryConfigurationDelegate - Bootstrapping Spring Data JPA repositories in DEFAULT mode.
2025-07-03 08:37:46 [main] INFO  o.s.d.r.c.RepositoryConfigurationDelegate - Finished Spring Data repository scanning in 16 ms. Found 2 JPA repository interfaces.
2025-07-03 08:37:46 [main] INFO  o.s.b.w.e.tomcat.TomcatWebServer - Tomcat initialized with port 8081 (http)
2025-07-03 08:37:46 [main] INFO  o.a.catalina.core.StandardService - Starting service [Tomcat]
2025-07-03 08:37:46 [main] INFO  o.a.catalina.core.StandardEngine - Starting Servlet engine: [Apache Tomcat/10.1.24]
2025-07-03 08:37:46 [main] INFO  o.a.c.c.C.[Tomcat].[localhost].[/] - Initializing Spring embedded WebApplicationContext
2025-07-03 08:37:46 [main] INFO  o.s.b.w.s.c.ServletWebServerApplicationContext - Root WebApplicationContext: initialization completed in 719 ms
2025-07-03 08:37:46 [main] DEBUG o.s.w.f.ServerHttpObservationFilter - Filter 'webMvcObservationFilter' configured for use
2025-07-03 08:37:46 [main] INFO  o.h.jpa.internal.util.LogHelper - HHH000204: Processing PersistenceUnitInfo [name: default]
2025-07-03 08:37:46 [main] INFO  org.hibernate.Version - HHH000412: Hibernate ORM core version 6.5.2.Final
2025-07-03 08:37:46 [main] INFO  o.h.c.i.RegionFactoryInitiator - HHH000026: Second-level cache disabled
2025-07-03 08:37:47 [main] INFO  o.s.o.j.p.SpringPersistenceUnitInfo - No LoadTimeWeaver setup: ignoring JPA class transformer
2025-07-03 08:37:47 [main] INFO  com.zaxxer.hikari.HikariDataSource - HikariPool-1 - Starting...
2025-07-03 08:37:47 [main] INFO  com.zaxxer.hikari.pool.HikariPool - HikariPool-1 - Added connection org.postgresql.jdbc.PgConnection@543d2ef3
2025-07-03 08:37:47 [main] INFO  com.zaxxer.hikari.HikariDataSource - HikariPool-1 - Start completed.
2025-07-03 08:37:47 [main] WARN  org.hibernate.orm.deprecation - HHH90000025: PostgreSQLDialect does not need to be specified explicitly using 'hibernate.dialect' (remove the property setting and it will be selected by default)
2025-07-03 08:37:47 [main] INFO  o.h.e.t.j.p.i.JtaPlatformInitiator - HHH000489: No JTA platform available (set 'hibernate.transaction.jta.platform' to enable JTA platform integration)
2025-07-03 08:37:47 [main] INFO  o.s.o.j.LocalContainerEntityManagerFactoryBean - Initialized JPA EntityManagerFactory for persistence unit 'default'
2025-07-03 08:37:47 [main] INFO  o.s.s.c.a.a.c.InitializeUserDetailsBeanManagerConfigurer$InitializeUserDetailsManagerConfigurer - Global AuthenticationManager configured with UserDetailsService bean with name customUserDetailsService
2025-07-03 08:37:47 [main] WARN  o.s.b.a.o.j.JpaBaseConfiguration$JpaWebConfiguration - spring.jpa.open-in-view is enabled by default. Therefore, database queries may be performed during view rendering. Explicitly configure spring.jpa.open-in-view to disable this warning
2025-07-03 08:37:47 [main] INFO  o.s.b.a.w.s.WelcomePageHandlerMapping - Adding welcome page: class path resource [static/index.html]
2025-07-03 08:37:47 [main] DEBUG o.s.w.s.m.m.a.RequestMappingHandlerMapping - 14 mappings in 'requestMappingHandlerMapping'
2025-07-03 08:37:47 [main] DEBUG o.s.w.s.h.SimpleUrlHandlerMapping - Patterns [/webjars/**, /**, /swagger-ui*/*swagger-initializer.js, /swagger-ui*/**] in 'resourceHandlerMapping'
2025-07-03 08:37:47 [main] INFO  o.s.b.a.e.web.EndpointLinksResolver - Exposing 15 endpoints beneath base path '/actuator'
2025-07-03 08:37:47 [main] INFO  o.s.s.web.DefaultSecurityFilterChain - Will secure any request with [org.springframework.security.web.session.DisableEncodeUrlFilter@63fe055, org.springframework.security.web.context.request.async.WebAsyncManagerIntegrationFilter@50572c04, org.springframework.security.web.context.SecurityContextHolderFilter@4ce4c097, org.springframework.security.web.header.HeaderWriterFilter@63236968, org.springframework.web.filter.CorsFilter@ab90b8c, org.springframework.security.web.authentication.logout.LogoutFilter@2a10a99b, org.springframework.security.web.authentication.www.BasicAuthenticationFilter@532782f5, org.springframework.security.web.savedrequest.RequestCacheAwareFilter@2da7ef3e, org.springframework.security.web.servletapi.SecurityContextHolderAwareRequestFilter@1d82e396, org.springframework.security.web.authentication.AnonymousAuthenticationFilter@640a80aa, org.springframework.security.web.access.ExceptionTranslationFilter@58f27c37, org.springframework.security.web.access.intercept.AuthorizationFilter@50c442a5]
2025-07-03 08:37:48 [main] DEBUG o.s.w.s.m.m.a.RequestMappingHandlerAdapter - ControllerAdvice beans: 0 @ModelAttribute, 0 @InitBinder, 1 RequestBodyAdvice, 1 ResponseBodyAdvice
2025-07-03 08:37:48 [main] DEBUG o.s.w.s.m.m.a.ExceptionHandlerExceptionResolver - ControllerAdvice beans: 2 @ExceptionHandler, 1 ResponseBodyAdvice
2025-07-03 08:37:48 [main] INFO  o.s.b.w.e.tomcat.TomcatWebServer - Tomcat started on port 8081 (http) with context path '/'
2025-07-03 08:37:48 [main] INFO  com.example.springboot.Application - Started Application in 2.298 seconds (process running for 2.427)
2025-07-03 08:38:07 [http-nio-8081-exec-1] INFO  o.a.c.c.C.[Tomcat].[localhost].[/] - Initializing Spring DispatcherServlet 'dispatcherServlet'
2025-07-03 08:38:07 [http-nio-8081-exec-1] INFO  o.s.web.servlet.DispatcherServlet - Initializing Servlet 'dispatcherServlet'
2025-07-03 08:38:07 [http-nio-8081-exec-1] DEBUG o.s.web.servlet.DispatcherServlet - Detected StandardServletMultipartResolver
2025-07-03 08:38:07 [http-nio-8081-exec-1] DEBUG o.s.web.servlet.DispatcherServlet - Detected AcceptHeaderLocaleResolver
2025-07-03 08:38:07 [http-nio-8081-exec-1] DEBUG o.s.web.servlet.DispatcherServlet - Detected FixedThemeResolver
2025-07-03 08:38:07 [http-nio-8081-exec-1] DEBUG o.s.web.servlet.DispatcherServlet - Detected org.springframework.web.servlet.view.DefaultRequestToViewNameTranslator@3e283f1a
2025-07-03 08:38:07 [http-nio-8081-exec-1] DEBUG o.s.web.servlet.DispatcherServlet - Detected org.springframework.web.servlet.support.SessionFlashMapManager@15eaa2ce
2025-07-03 08:38:07 [http-nio-8081-exec-1] DEBUG o.s.web.servlet.DispatcherServlet - enableLoggingRequestDetails='false': request parameters and headers will be masked to prevent unsafe logging of potentially sensitive data
2025-07-03 08:38:07 [http-nio-8081-exec-1] INFO  o.s.web.servlet.DispatcherServlet - Completed initialization in 2 ms
2025-07-03 08:38:07 [http-nio-8081-exec-1] DEBUG o.s.web.servlet.DispatcherServlet - POST "/auth/token", parameters={}
2025-07-03 08:38:07 [http-nio-8081-exec-1] DEBUG o.s.w.s.m.m.a.RequestMappingHandlerMapping - Mapped to com.example.springboot.controller.AuthController#getToken(AuthRequest)
2025-07-03 08:38:07 [http-nio-8081-exec-1] DEBUG o.s.w.s.m.m.a.RequestResponseBodyMethodProcessor - Read "application/json;charset=UTF-8" to [com.example.springboot.dto.AuthRequest@137fd67]
2025-07-03 08:38:07 [http-nio-8081-exec-1] DEBUG o.s.w.s.m.m.a.HttpEntityMethodProcessor - Using 'application/json', given [application/json, text/plain, */*] and supported [application/json, application/*+json]
2025-07-03 08:38:07 [http-nio-8081-exec-1] DEBUG o.s.w.s.m.m.a.HttpEntityMethodProcessor - Writing [{token=eyJhbGciOiJSUzI1NiJ9.eyJzdWIiOiJhbmlsIiwicm9sZSI6IlVTRVIiLCJpYXQiOjE3NTE1MTIwODcsImV4cCI6MTc1 (truncated)...]
2025-07-03 08:38:07 [http-nio-8081-exec-1] DEBUG o.s.web.servlet.DispatcherServlet - Completed 200 OK
2025-07-03 08:38:07 [http-nio-8081-exec-2] DEBUG o.s.web.servlet.DispatcherServlet - GET "/employees/all", parameters={}
2025-07-03 08:38:07 [http-nio-8081-exec-2] DEBUG o.s.w.s.m.m.a.RequestMappingHandlerMapping - Mapped to com.example.springboot.controller.EmployeeController#getAll()
2025-07-03 08:38:07 [http-nio-8081-exec-2] INFO  c.e.s.controller.EmployeeController - Fetching all employees
2025-07-03 08:38:07 [http-nio-8081-exec-2] DEBUG o.s.w.s.m.m.a.RequestResponseBodyMethodProcessor - Using 'application/json', given [application/json, text/plain, */*] and supported [application/json, application/*+json]
2025-07-03 08:38:07 [http-nio-8081-exec-2] DEBUG o.s.w.s.m.m.a.RequestResponseBodyMethodProcessor - Writing [[EmployeeDTO(id=1, firstName=Anuradha, lastName=Shrivastava, email=anuradha@example.com, department= (truncated)...]
2025-07-03 08:38:07 [http-nio-8081-exec-2] DEBUG o.s.web.servlet.DispatcherServlet - Completed 200 OK
2025-07-03 08:41:27 [SpringApplicationShutdownHook] INFO  o.s.o.j.LocalContainerEntityManagerFactoryBean - Closing JPA EntityManagerFactory for persistence unit 'default'
2025-07-03 08:41:27 [SpringApplicationShutdownHook] INFO  com.zaxxer.hikari.HikariDataSource - HikariPool-1 - Shutdown initiated...
2025-07-03 08:41:27 [SpringApplicationShutdownHook] INFO  com.zaxxer.hikari.HikariDataSource - HikariPool-1 - Shutdown completed.
2025-07-03 08:41:51 [main] INFO  com.example.springboot.Application - Starting Application using Java 17.0.15 with PID 27027 (/Users/anilshrivastava/Downloads/gs-spring-boot/complete/target/classes started by anilshrivastava in /Users/anilshrivastava/Downloads/gs-spring-boot/complete)
2025-07-03 08:41:51 [main] DEBUG com.example.springboot.Application - Running with Spring Boot v3.3.0, Spring v6.1.8
2025-07-03 08:41:51 [main] INFO  com.example.springboot.Application - The following 1 profile is active: "dev"
2025-07-03 08:41:51 [main] INFO  o.s.d.r.c.RepositoryConfigurationDelegate - Bootstrapping Spring Data JPA repositories in DEFAULT mode.
2025-07-03 08:41:51 [main] INFO  o.s.d.r.c.RepositoryConfigurationDelegate - Finished Spring Data repository scanning in 17 ms. Found 2 JPA repository interfaces.
2025-07-03 08:41:52 [main] INFO  o.s.b.w.e.tomcat.TomcatWebServer - Tomcat initialized with port 8081 (http)
2025-07-03 08:41:52 [main] INFO  o.a.catalina.core.StandardService - Starting service [Tomcat]
2025-07-03 08:41:52 [main] INFO  o.a.catalina.core.StandardEngine - Starting Servlet engine: [Apache Tomcat/10.1.24]
2025-07-03 08:41:52 [main] INFO  o.a.c.c.C.[Tomcat].[localhost].[/] - Initializing Spring embedded WebApplicationContext
2025-07-03 08:41:52 [main] INFO  o.s.b.w.s.c.ServletWebServerApplicationContext - Root WebApplicationContext: initialization completed in 719 ms
2025-07-03 08:41:52 [main] DEBUG o.s.w.f.ServerHttpObservationFilter - Filter 'webMvcObservationFilter' configured for use
2025-07-03 08:41:52 [main] INFO  o.h.jpa.internal.util.LogHelper - HHH000204: Processing PersistenceUnitInfo [name: default]
2025-07-03 08:41:52 [main] INFO  org.hibernate.Version - HHH000412: Hibernate ORM core version 6.5.2.Final
2025-07-03 08:41:52 [main] INFO  o.h.c.i.RegionFactoryInitiator - HHH000026: Second-level cache disabled
2025-07-03 08:41:52 [main] INFO  o.s.o.j.p.SpringPersistenceUnitInfo - No LoadTimeWeaver setup: ignoring JPA class transformer
2025-07-03 08:41:52 [main] INFO  com.zaxxer.hikari.HikariDataSource - HikariPool-1 - Starting...
2025-07-03 08:41:52 [main] INFO  com.zaxxer.hikari.pool.HikariPool - HikariPool-1 - Added connection org.postgresql.jdbc.PgConnection@10dbf660
2025-07-03 08:41:52 [main] INFO  com.zaxxer.hikari.HikariDataSource - HikariPool-1 - Start completed.
2025-07-03 08:41:52 [main] WARN  org.hibernate.orm.deprecation - HHH90000025: PostgreSQLDialect does not need to be specified explicitly using 'hibernate.dialect' (remove the property setting and it will be selected by default)
2025-07-03 08:41:53 [main] INFO  o.h.e.t.j.p.i.JtaPlatformInitiator - HHH000489: No JTA platform available (set 'hibernate.transaction.jta.platform' to enable JTA platform integration)
2025-07-03 08:41:53 [main] INFO  o.s.o.j.LocalContainerEntityManagerFactoryBean - Initialized JPA EntityManagerFactory for persistence unit 'default'
2025-07-03 08:41:53 [main] INFO  o.s.s.c.a.a.c.InitializeUserDetailsBeanManagerConfigurer$InitializeUserDetailsManagerConfigurer - Global AuthenticationManager configured with UserDetailsService bean with name customUserDetailsService
2025-07-03 08:41:53 [main] WARN  o.s.b.a.o.j.JpaBaseConfiguration$JpaWebConfiguration - spring.jpa.open-in-view is enabled by default. Therefore, database queries may be performed during view rendering. Explicitly configure spring.jpa.open-in-view to disable this warning
2025-07-03 08:41:53 [main] INFO  o.s.b.a.w.s.WelcomePageHandlerMapping - Adding welcome page: class path resource [static/index.html]
2025-07-03 08:41:53 [main] DEBUG o.s.w.s.m.m.a.RequestMappingHandlerMapping - 14 mappings in 'requestMappingHandlerMapping'
2025-07-03 08:41:53 [main] DEBUG o.s.w.s.h.SimpleUrlHandlerMapping - Patterns [/webjars/**, /**, /swagger-ui*/*swagger-initializer.js, /swagger-ui*/**] in 'resourceHandlerMapping'
2025-07-03 08:41:53 [main] INFO  o.s.b.a.e.web.EndpointLinksResolver - Exposing 15 endpoints beneath base path '/actuator'
2025-07-03 08:41:53 [main] INFO  o.s.s.web.DefaultSecurityFilterChain - Will secure any request with [org.springframework.security.web.session.DisableEncodeUrlFilter@348d1a5e, org.springframework.security.web.context.request.async.WebAsyncManagerIntegrationFilter@7f746160, org.springframework.security.web.context.SecurityContextHolderFilter@51617b93, org.springframework.security.web.header.HeaderWriterFilter@405d123c, org.springframework.web.filter.CorsFilter@17524c36, org.springframework.security.web.authentication.logout.LogoutFilter@117bfeb8, org.springframework.security.web.authentication.www.BasicAuthenticationFilter@24e0bdb, org.springframework.security.web.savedrequest.RequestCacheAwareFilter@5d8cbb32, org.springframework.security.web.servletapi.SecurityContextHolderAwareRequestFilter@48c56b42, org.springframework.security.web.authentication.AnonymousAuthenticationFilter@2f89b44e, org.springframework.security.web.access.ExceptionTranslationFilter@6e620fa9, org.springframework.security.web.access.intercept.AuthorizationFilter@5abf9a76]
2025-07-03 08:41:53 [main] DEBUG o.s.w.s.m.m.a.RequestMappingHandlerAdapter - ControllerAdvice beans: 0 @ModelAttribute, 0 @InitBinder, 1 RequestBodyAdvice, 1 ResponseBodyAdvice
2025-07-03 08:41:53 [main] DEBUG o.s.w.s.m.m.a.ExceptionHandlerExceptionResolver - ControllerAdvice beans: 2 @ExceptionHandler, 1 ResponseBodyAdvice
2025-07-03 08:41:53 [main] INFO  o.s.b.w.e.tomcat.TomcatWebServer - Tomcat started on port 8081 (http) with context path '/'
2025-07-03 08:41:53 [main] INFO  com.example.springboot.Application - Started Application in 2.297 seconds (process running for 2.436)
2025-07-03 08:42:07 [http-nio-8081-exec-1] INFO  o.a.c.c.C.[Tomcat].[localhost].[/] - Initializing Spring DispatcherServlet 'dispatcherServlet'
2025-07-03 08:42:07 [http-nio-8081-exec-1] INFO  o.s.web.servlet.DispatcherServlet - Initializing Servlet 'dispatcherServlet'
2025-07-03 08:42:07 [http-nio-8081-exec-1] DEBUG o.s.web.servlet.DispatcherServlet - Detected StandardServletMultipartResolver
2025-07-03 08:42:07 [http-nio-8081-exec-1] DEBUG o.s.web.servlet.DispatcherServlet - Detected AcceptHeaderLocaleResolver
2025-07-03 08:42:07 [http-nio-8081-exec-1] DEBUG o.s.web.servlet.DispatcherServlet - Detected FixedThemeResolver
2025-07-03 08:42:07 [http-nio-8081-exec-1] DEBUG o.s.web.servlet.DispatcherServlet - Detected org.springframework.web.servlet.view.DefaultRequestToViewNameTranslator@56929ce
2025-07-03 08:42:07 [http-nio-8081-exec-1] DEBUG o.s.web.servlet.DispatcherServlet - Detected org.springframework.web.servlet.support.SessionFlashMapManager@70ba01be
2025-07-03 08:42:07 [http-nio-8081-exec-1] DEBUG o.s.web.servlet.DispatcherServlet - enableLoggingRequestDetails='false': request parameters and headers will be masked to prevent unsafe logging of potentially sensitive data
2025-07-03 08:42:07 [http-nio-8081-exec-1] INFO  o.s.web.servlet.DispatcherServlet - Completed initialization in 4 ms
2025-07-03 08:42:07 [http-nio-8081-exec-1] DEBUG o.s.web.servlet.DispatcherServlet - POST "/auth/token", parameters={}
2025-07-03 08:42:07 [http-nio-8081-exec-1] DEBUG o.s.w.s.m.m.a.RequestMappingHandlerMapping - Mapped to com.example.springboot.controller.AuthController#getToken(AuthRequest)
2025-07-03 08:42:07 [http-nio-8081-exec-1] DEBUG o.s.w.s.m.m.a.RequestResponseBodyMethodProcessor - Read "application/json;charset=UTF-8" to [com.example.springboot.dto.AuthRequest@7f8559fa]
2025-07-03 08:42:08 [http-nio-8081-exec-1] DEBUG o.s.w.s.m.m.a.HttpEntityMethodProcessor - Using 'application/json', given [application/json, text/plain, */*] and supported [application/json, application/*+json]
2025-07-03 08:42:08 [http-nio-8081-exec-1] DEBUG o.s.w.s.m.m.a.HttpEntityMethodProcessor - Writing [{token=eyJhbGciOiJSUzI1NiJ9.eyJzdWIiOiJkZW1vIiwicm9sZSI6IlVTRVIiLCJpYXQiOjE3NTE1MTIzMjgsImV4cCI6MTc1 (truncated)...]
2025-07-03 08:42:08 [http-nio-8081-exec-1] DEBUG o.s.web.servlet.DispatcherServlet - Completed 200 OK
2025-07-03 08:42:08 [http-nio-8081-exec-2] DEBUG o.s.web.servlet.DispatcherServlet - GET "/employees/all", parameters={}
2025-07-03 08:42:08 [http-nio-8081-exec-2] DEBUG o.s.w.s.m.m.a.RequestMappingHandlerMapping - Mapped to com.example.springboot.controller.EmployeeController#getAll()
2025-07-03 08:42:08 [http-nio-8081-exec-2] INFO  c.e.s.controller.EmployeeController - Fetching all employees
2025-07-03 08:42:08 [http-nio-8081-exec-2] DEBUG o.s.w.s.m.m.a.RequestResponseBodyMethodProcessor - Using 'application/json', given [application/json, text/plain, */*] and supported [application/json, application/*+json]
2025-07-03 08:42:08 [http-nio-8081-exec-2] DEBUG o.s.w.s.m.m.a.RequestResponseBodyMethodProcessor - Writing [[EmployeeDTO(id=1, firstName=Anuradha, lastName=Shrivastava, email=anuradha@example.com, department= (truncated)...]
2025-07-03 08:42:08 [http-nio-8081-exec-2] DEBUG o.s.web.servlet.DispatcherServlet - Completed 200 OK
2025-07-03 08:44:15 [SpringApplicationShutdownHook] INFO  o.s.o.j.LocalContainerEntityManagerFactoryBean - Closing JPA EntityManagerFactory for persistence unit 'default'
2025-07-03 08:44:15 [SpringApplicationShutdownHook] INFO  com.zaxxer.hikari.HikariDataSource - HikariPool-1 - Shutdown initiated...
2025-07-03 08:44:15 [SpringApplicationShutdownHook] INFO  com.zaxxer.hikari.HikariDataSource - HikariPool-1 - Shutdown completed.
2025-07-03 10:56:23 [main] INFO  com.example.springboot.Application - Starting Application using Java 17.0.15 with PID 27914 (/Users/anilshrivastava/Downloads/gs-spring-boot/complete/target/classes started by anilshrivastava in /Users/anilshrivastava/Downloads/gs-spring-boot/complete)
2025-07-03 10:56:23 [main] DEBUG com.example.springboot.Application - Running with Spring Boot v3.3.0, Spring v6.1.8
2025-07-03 10:56:23 [main] INFO  com.example.springboot.Application - The following 1 profile is active: "dev"
2025-07-03 10:56:23 [main] INFO  o.s.d.r.c.RepositoryConfigurationDelegate - Bootstrapping Spring Data JPA repositories in DEFAULT mode.
2025-07-03 10:56:23 [main] INFO  o.s.d.r.c.RepositoryConfigurationDelegate - Finished Spring Data repository scanning in 16 ms. Found 2 JPA repository interfaces.
2025-07-03 10:56:23 [main] INFO  o.s.b.w.e.tomcat.TomcatWebServer - Tomcat initialized with port 8081 (http)
2025-07-03 10:56:23 [main] INFO  o.a.catalina.core.StandardService - Starting service [Tomcat]
2025-07-03 10:56:23 [main] INFO  o.a.catalina.core.StandardEngine - Starting Servlet engine: [Apache Tomcat/10.1.24]
2025-07-03 10:56:23 [main] INFO  o.a.c.c.C.[Tomcat].[localhost].[/] - Initializing Spring embedded WebApplicationContext
2025-07-03 10:56:23 [main] INFO  o.s.b.w.s.c.ServletWebServerApplicationContext - Root WebApplicationContext: initialization completed in 733 ms
2025-07-03 10:56:23 [main] DEBUG o.s.w.f.ServerHttpObservationFilter - Filter 'webMvcObservationFilter' configured for use
2025-07-03 10:56:23 [main] INFO  o.h.jpa.internal.util.LogHelper - HHH000204: Processing PersistenceUnitInfo [name: default]
2025-07-03 10:56:23 [main] INFO  org.hibernate.Version - HHH000412: Hibernate ORM core version 6.5.2.Final
2025-07-03 10:56:23 [main] INFO  o.h.c.i.RegionFactoryInitiator - HHH000026: Second-level cache disabled
2025-07-03 10:56:24 [main] INFO  o.s.o.j.p.SpringPersistenceUnitInfo - No LoadTimeWeaver setup: ignoring JPA class transformer
2025-07-03 10:56:24 [main] INFO  com.zaxxer.hikari.HikariDataSource - HikariPool-1 - Starting...
2025-07-03 10:56:24 [main] INFO  com.zaxxer.hikari.pool.HikariPool - HikariPool-1 - Added connection org.postgresql.jdbc.PgConnection@543d2ef3
2025-07-03 10:56:24 [main] INFO  com.zaxxer.hikari.HikariDataSource - HikariPool-1 - Start completed.
2025-07-03 10:56:24 [main] WARN  org.hibernate.orm.deprecation - HHH90000025: PostgreSQLDialect does not need to be specified explicitly using 'hibernate.dialect' (remove the property setting and it will be selected by default)
2025-07-03 10:56:24 [main] INFO  o.h.e.t.j.p.i.JtaPlatformInitiator - HHH000489: No JTA platform available (set 'hibernate.transaction.jta.platform' to enable JTA platform integration)
2025-07-03 10:56:24 [main] INFO  o.s.o.j.LocalContainerEntityManagerFactoryBean - Initialized JPA EntityManagerFactory for persistence unit 'default'
2025-07-03 10:56:24 [main] INFO  o.s.s.c.a.a.c.InitializeUserDetailsBeanManagerConfigurer$InitializeUserDetailsManagerConfigurer - Global AuthenticationManager configured with UserDetailsService bean with name customUserDetailsService
2025-07-03 10:56:24 [main] WARN  o.s.b.a.o.j.JpaBaseConfiguration$JpaWebConfiguration - spring.jpa.open-in-view is enabled by default. Therefore, database queries may be performed during view rendering. Explicitly configure spring.jpa.open-in-view to disable this warning
2025-07-03 10:56:24 [main] INFO  o.s.b.a.w.s.WelcomePageHandlerMapping - Adding welcome page: class path resource [static/index.html]
2025-07-03 10:56:24 [main] DEBUG o.s.w.s.m.m.a.RequestMappingHandlerMapping - 14 mappings in 'requestMappingHandlerMapping'
2025-07-03 10:56:24 [main] DEBUG o.s.w.s.h.SimpleUrlHandlerMapping - Patterns [/webjars/**, /**, /swagger-ui*/*swagger-initializer.js, /swagger-ui*/**] in 'resourceHandlerMapping'
2025-07-03 10:56:24 [main] INFO  o.s.b.a.e.web.EndpointLinksResolver - Exposing 15 endpoints beneath base path '/actuator'
2025-07-03 10:56:24 [main] INFO  o.s.s.web.DefaultSecurityFilterChain - Will secure any request with [org.springframework.security.web.session.DisableEncodeUrlFilter@1f15d346, org.springframework.security.web.context.request.async.WebAsyncManagerIntegrationFilter@7fb70e94, org.springframework.security.web.context.SecurityContextHolderFilter@427c9a13, org.springframework.security.web.header.HeaderWriterFilter@358bbbe2, org.springframework.web.filter.CorsFilter@5abf9a76, org.springframework.security.web.authentication.logout.LogoutFilter@7cc966a9, org.springframework.security.web.authentication.www.BasicAuthenticationFilter@11c68269, org.springframework.security.web.savedrequest.RequestCacheAwareFilter@ae4a043, org.springframework.security.web.servletapi.SecurityContextHolderAwareRequestFilter@5d8de4bd, org.springframework.security.web.authentication.AnonymousAuthenticationFilter@4e132a9b, org.springframework.security.web.access.ExceptionTranslationFilter@23b62cc3, org.springframework.security.web.access.intercept.AuthorizationFilter@6c65c6f0]
2025-07-03 10:56:25 [main] DEBUG o.s.w.s.m.m.a.RequestMappingHandlerAdapter - ControllerAdvice beans: 0 @ModelAttribute, 0 @InitBinder, 1 RequestBodyAdvice, 1 ResponseBodyAdvice
2025-07-03 10:56:25 [main] DEBUG o.s.w.s.m.m.a.ExceptionHandlerExceptionResolver - ControllerAdvice beans: 2 @ExceptionHandler, 1 ResponseBodyAdvice
2025-07-03 10:56:25 [main] INFO  o.s.b.w.e.tomcat.TomcatWebServer - Tomcat started on port 8081 (http) with context path '/'
2025-07-03 10:56:25 [main] INFO  com.example.springboot.Application - Started Application in 2.321 seconds (process running for 2.456)
2025-07-03 10:56:43 [http-nio-8081-exec-1] INFO  o.a.c.c.C.[Tomcat].[localhost].[/] - Initializing Spring DispatcherServlet 'dispatcherServlet'
2025-07-03 10:56:43 [http-nio-8081-exec-1] INFO  o.s.web.servlet.DispatcherServlet - Initializing Servlet 'dispatcherServlet'
2025-07-03 10:56:43 [http-nio-8081-exec-1] DEBUG o.s.web.servlet.DispatcherServlet - Detected StandardServletMultipartResolver
2025-07-03 10:56:43 [http-nio-8081-exec-1] DEBUG o.s.web.servlet.DispatcherServlet - Detected AcceptHeaderLocaleResolver
2025-07-03 10:56:43 [http-nio-8081-exec-1] DEBUG o.s.web.servlet.DispatcherServlet - Detected FixedThemeResolver
2025-07-03 10:56:43 [http-nio-8081-exec-1] DEBUG o.s.web.servlet.DispatcherServlet - Detected org.springframework.web.servlet.view.DefaultRequestToViewNameTranslator@6c8b6782
2025-07-03 10:56:43 [http-nio-8081-exec-1] DEBUG o.s.web.servlet.DispatcherServlet - Detected org.springframework.web.servlet.support.SessionFlashMapManager@27ae6f9e
2025-07-03 10:56:43 [http-nio-8081-exec-1] DEBUG o.s.web.servlet.DispatcherServlet - enableLoggingRequestDetails='false': request parameters and headers will be masked to prevent unsafe logging of potentially sensitive data
2025-07-03 10:56:43 [http-nio-8081-exec-1] INFO  o.s.web.servlet.DispatcherServlet - Completed initialization in 8 ms
2025-07-03 10:56:43 [http-nio-8081-exec-1] DEBUG o.s.web.servlet.DispatcherServlet - POST "/auth/token", parameters={}
2025-07-03 10:56:43 [http-nio-8081-exec-1] DEBUG o.s.w.s.m.m.a.RequestMappingHandlerMapping - Mapped to com.example.springboot.controller.AuthController#getToken(AuthRequest)
2025-07-03 10:56:44 [http-nio-8081-exec-1] DEBUG o.s.w.s.m.m.a.RequestResponseBodyMethodProcessor - Read "application/json;charset=UTF-8" to [com.example.springboot.dto.AuthRequest@18a47a10]
2025-07-03 10:56:44 [http-nio-8081-exec-1] DEBUG o.s.w.s.m.m.a.HttpEntityMethodProcessor - Using 'application/json', given [application/json, text/plain, */*] and supported [application/json, application/*+json]
2025-07-03 10:56:44 [http-nio-8081-exec-1] DEBUG o.s.w.s.m.m.a.HttpEntityMethodProcessor - Writing [{token=eyJhbGciOiJSUzI1NiJ9.eyJzdWIiOiJhbmlsIiwicm9sZSI6IlVTRVIiLCJpYXQiOjE3NTE1MjA0MDQsImV4cCI6MTc1 (truncated)...]
2025-07-03 10:56:44 [http-nio-8081-exec-1] DEBUG o.s.web.servlet.DispatcherServlet - Completed 200 OK
2025-07-03 10:56:44 [http-nio-8081-exec-2] DEBUG o.s.web.servlet.DispatcherServlet - GET "/employees/all", parameters={}
2025-07-03 10:56:44 [http-nio-8081-exec-2] DEBUG o.s.w.s.m.m.a.RequestMappingHandlerMapping - Mapped to com.example.springboot.controller.EmployeeController#getAll()
2025-07-03 10:56:44 [http-nio-8081-exec-2] INFO  c.e.s.controller.EmployeeController - Fetching all employees
2025-07-03 10:56:44 [http-nio-8081-exec-2] DEBUG o.s.w.s.m.m.a.RequestResponseBodyMethodProcessor - Using 'application/json', given [application/json, text/plain, */*] and supported [application/json, application/*+json]
2025-07-03 10:56:44 [http-nio-8081-exec-2] DEBUG o.s.w.s.m.m.a.RequestResponseBodyMethodProcessor - Writing [[EmployeeDTO(id=1, firstName=Anuradha, lastName=Shrivastava, email=anuradha@example.com, department= (truncated)...]
2025-07-03 10:56:44 [http-nio-8081-exec-2] DEBUG o.s.web.servlet.DispatcherServlet - Completed 200 OK
2025-07-03 10:56:55 [http-nio-8081-exec-5] DEBUG o.s.web.servlet.DispatcherServlet - GET "/manifest.json", parameters={}
2025-07-03 10:56:55 [http-nio-8081-exec-5] DEBUG o.s.w.s.h.SimpleUrlHandlerMapping - Mapped to ResourceHttpRequestHandler [classpath [META-INF/resources/], classpath [resources/], classpath [static/], classpath [public/], ServletContext [/]]
2025-07-03 10:56:55 [http-nio-8081-exec-4] DEBUG o.s.web.servlet.DispatcherServlet - GET "/static/css/main.e6c13ad2.css", parameters={}
2025-07-03 10:56:55 [http-nio-8081-exec-4] DEBUG o.s.w.s.h.SimpleUrlHandlerMapping - Mapped to ResourceHttpRequestHandler [classpath [META-INF/resources/], classpath [resources/], classpath [static/], classpath [public/], ServletContext [/]]
2025-07-03 10:56:55 [http-nio-8081-exec-4] DEBUG o.s.web.servlet.DispatcherServlet - Completed 200 OK
2025-07-03 10:56:55 [http-nio-8081-exec-5] DEBUG o.s.web.servlet.DispatcherServlet - Completed 200 OK
2025-07-03 10:56:55 [http-nio-8081-exec-6] DEBUG o.s.web.servlet.DispatcherServlet - GET "/static/js/main.caea96e2.js.map", parameters={}
2025-07-03 10:56:55 [http-nio-8081-exec-6] DEBUG o.s.w.s.h.SimpleUrlHandlerMapping - Mapped to ResourceHttpRequestHandler [classpath [META-INF/resources/], classpath [resources/], classpath [static/], classpath [public/], ServletContext [/]]
2025-07-03 10:56:55 [http-nio-8081-exec-7] DEBUG o.s.web.servlet.DispatcherServlet - GET "/static/css/main.e6c13ad2.css.map", parameters={}
2025-07-03 10:56:55 [http-nio-8081-exec-7] DEBUG o.s.w.s.h.SimpleUrlHandlerMapping - Mapped to ResourceHttpRequestHandler [classpath [META-INF/resources/], classpath [resources/], classpath [static/], classpath [public/], ServletContext [/]]
2025-07-03 10:56:55 [http-nio-8081-exec-7] DEBUG o.s.web.servlet.DispatcherServlet - Completed 200 OK
2025-07-03 10:56:55 [http-nio-8081-exec-6] DEBUG o.s.web.servlet.DispatcherServlet - Completed 200 OK
2025-07-03 10:57:11 [http-nio-8081-exec-8] DEBUG o.s.web.servlet.DispatcherServlet - GET "/", parameters={}
2025-07-03 10:57:12 [http-nio-8081-exec-8] DEBUG o.s.w.s.v.ContentNegotiatingViewResolver - Selected 'text/html' given [text/html, application/xhtml+xml, image/avif, image/webp, image/apng, application/xml;q=0.9, */*;q=0.8, application/signed-exchange;v=b3;q=0.7]
2025-07-03 10:57:12 [http-nio-8081-exec-8] DEBUG o.s.w.s.view.InternalResourceView - View name 'forward:', model {}
2025-07-03 10:57:12 [http-nio-8081-exec-8] DEBUG o.s.w.s.view.InternalResourceView - Forwarding to [index.html]
2025-07-03 10:57:12 [http-nio-8081-exec-8] DEBUG o.s.web.servlet.DispatcherServlet - "FORWARD" dispatch for GET "/index.html", parameters={}
2025-07-03 10:57:12 [http-nio-8081-exec-8] DEBUG o.s.w.s.h.SimpleUrlHandlerMapping - Mapped to ResourceHttpRequestHandler [classpath [META-INF/resources/], classpath [resources/], classpath [static/], classpath [public/], ServletContext [/]]
2025-07-03 10:57:12 [http-nio-8081-exec-8] DEBUG o.s.web.servlet.DispatcherServlet - Exiting from "FORWARD" dispatch, status 200
2025-07-03 10:57:12 [http-nio-8081-exec-8] DEBUG o.s.web.servlet.DispatcherServlet - Completed 200 OK
2025-07-03 10:57:12 [http-nio-8081-exec-1] DEBUG o.s.web.servlet.DispatcherServlet - GET "/static/js/main.4e1df057.js", parameters={}
2025-07-03 10:57:12 [http-nio-8081-exec-1] DEBUG o.s.w.s.h.SimpleUrlHandlerMapping - Mapped to ResourceHttpRequestHandler [classpath [META-INF/resources/], classpath [resources/], classpath [static/], classpath [public/], ServletContext [/]]
2025-07-03 10:57:12 [http-nio-8081-exec-10] DEBUG o.s.web.servlet.DispatcherServlet - GET "/static/css/main.e6c13ad2.css", parameters={}
2025-07-03 10:57:12 [http-nio-8081-exec-10] DEBUG o.s.w.s.h.SimpleUrlHandlerMapping - Mapped to ResourceHttpRequestHandler [classpath [META-INF/resources/], classpath [resources/], classpath [static/], classpath [public/], ServletContext [/]]
2025-07-03 10:57:12 [http-nio-8081-exec-10] DEBUG o.s.web.servlet.DispatcherServlet - Completed 200 OK
2025-07-03 10:57:12 [http-nio-8081-exec-1] DEBUG o.s.web.servlet.DispatcherServlet - Completed 200 OK
2025-07-03 10:57:12 [http-nio-8081-exec-4] DEBUG o.s.web.servlet.DispatcherServlet - GET "/static/css/main.e6c13ad2.css.map", parameters={}
2025-07-03 10:57:12 [http-nio-8081-exec-2] DEBUG o.s.web.servlet.DispatcherServlet - GET "/static/js/main.4e1df057.js.map", parameters={}
2025-07-03 10:57:12 [http-nio-8081-exec-4] DEBUG o.s.w.s.h.SimpleUrlHandlerMapping - Mapped to ResourceHttpRequestHandler [classpath [META-INF/resources/], classpath [resources/], classpath [static/], classpath [public/], ServletContext [/]]
2025-07-03 10:57:12 [http-nio-8081-exec-2] DEBUG o.s.w.s.h.SimpleUrlHandlerMapping - Mapped to ResourceHttpRequestHandler [classpath [META-INF/resources/], classpath [resources/], classpath [static/], classpath [public/], ServletContext [/]]
2025-07-03 10:57:12 [http-nio-8081-exec-4] DEBUG o.s.web.servlet.DispatcherServlet - Completed 200 OK
2025-07-03 10:57:12 [http-nio-8081-exec-2] DEBUG o.s.web.servlet.DispatcherServlet - Completed 200 OK
2025-07-03 10:57:12 [http-nio-8081-exec-5] DEBUG o.s.web.servlet.DispatcherServlet - GET "/employees/all", parameters={}
2025-07-03 10:57:12 [http-nio-8081-exec-5] DEBUG o.s.w.s.m.m.a.RequestMappingHandlerMapping - Mapped to com.example.springboot.controller.EmployeeController#getAll()
2025-07-03 10:57:12 [http-nio-8081-exec-5] INFO  c.e.s.controller.EmployeeController - Fetching all employees
2025-07-03 10:57:12 [http-nio-8081-exec-5] DEBUG o.s.w.s.m.m.a.RequestResponseBodyMethodProcessor - Using 'application/json', given [application/json, text/plain, */*] and supported [application/json, application/*+json]
2025-07-03 10:57:12 [http-nio-8081-exec-5] DEBUG o.s.w.s.m.m.a.RequestResponseBodyMethodProcessor - Writing [[EmployeeDTO(id=1, firstName=Anuradha, lastName=Shrivastava, email=anuradha@example.com, department= (truncated)...]
2025-07-03 10:57:12 [http-nio-8081-exec-5] DEBUG o.s.web.servlet.DispatcherServlet - Completed 200 OK
2025-07-03 10:57:12 [http-nio-8081-exec-3] DEBUG o.s.web.servlet.DispatcherServlet - GET "/manifest.json", parameters={}
2025-07-03 10:57:12 [http-nio-8081-exec-3] DEBUG o.s.w.s.h.SimpleUrlHandlerMapping - Mapped to ResourceHttpRequestHandler [classpath [META-INF/resources/], classpath [resources/], classpath [static/], classpath [public/], ServletContext [/]]
2025-07-03 10:57:12 [http-nio-8081-exec-3] DEBUG o.s.web.servlet.DispatcherServlet - Completed 200 OK
2025-07-03 10:57:12 [http-nio-8081-exec-7] DEBUG o.s.web.servlet.DispatcherServlet - GET "/logo192.png", parameters={}
2025-07-03 10:57:12 [http-nio-8081-exec-7] DEBUG o.s.w.s.h.SimpleUrlHandlerMapping - Mapped to ResourceHttpRequestHandler [classpath [META-INF/resources/], classpath [resources/], classpath [static/], classpath [public/], ServletContext [/]]
2025-07-03 10:57:12 [http-nio-8081-exec-7] DEBUG o.s.web.servlet.DispatcherServlet - Completed 200 OK
2025-07-03 11:08:27 [HikariPool-1 housekeeper] WARN  com.zaxxer.hikari.pool.HikariPool - HikariPool-1 - Thread starvation or clock leap detected (housekeeper delta=9m3s297ms).
2025-07-03 11:21:25 [HikariPool-1 housekeeper] WARN  com.zaxxer.hikari.pool.HikariPool - HikariPool-1 - Thread starvation or clock leap detected (housekeeper delta=12m58s360ms).
2025-07-03 11:29:48 [HikariPool-1 housekeeper] WARN  com.zaxxer.hikari.pool.HikariPool - HikariPool-1 - Thread starvation or clock leap detected (housekeeper delta=7m52s126ms).
2025-07-03 11:48:02 [HikariPool-1 housekeeper] WARN  com.zaxxer.hikari.pool.HikariPool - HikariPool-1 - Thread starvation or clock leap detected (housekeeper delta=17m14s241ms).
2025-07-03 12:14:31 [HikariPool-1 housekeeper] WARN  com.zaxxer.hikari.pool.HikariPool - HikariPool-1 - Thread starvation or clock leap detected (housekeeper delta=26m28s854ms).
2025-07-03 12:19:02 [HikariPool-1 housekeeper] WARN  com.zaxxer.hikari.pool.HikariPool - HikariPool-1 - Thread starvation or clock leap detected (housekeeper delta=4m31s188ms).
2025-07-03 12:38:12 [HikariPool-1 housekeeper] WARN  com.zaxxer.hikari.pool.HikariPool - HikariPool-1 - Thread starvation or clock leap detected (housekeeper delta=19m9s614ms).
2025-07-03 12:42:43 [HikariPool-1 housekeeper] WARN  com.zaxxer.hikari.pool.HikariPool - HikariPool-1 - Thread starvation or clock leap detected (housekeeper delta=4m31s278ms).
2025-07-03 12:43:15 [http-nio-8081-exec-9] DEBUG o.s.web.servlet.DispatcherServlet - GET "/actuator/health", parameters={}
2025-07-03 12:43:15 [http-nio-8081-exec-9] DEBUG o.s.w.s.m.m.a.RequestResponseBodyMethodProcessor - Read "application/octet-stream" to []
2025-07-03 12:43:15 [http-nio-8081-exec-9] DEBUG o.s.w.s.m.m.a.HttpEntityMethodProcessor - Using 'application/vnd.spring-boot.actuator.v3+json;q=0.8', given [text/html, application/xhtml+xml, image/avif, image/webp, image/apng, application/xml;q=0.9, */*;q=0.8, application/signed-exchange;v=b3;q=0.7] and supported [application/vnd.spring-boot.actuator.v3+json, application/vnd.spring-boot.actuator.v2+json, application/json]
2025-07-03 12:43:15 [http-nio-8081-exec-9] DEBUG o.s.w.s.m.m.a.HttpEntityMethodProcessor - Writing [org.springframework.boot.actuate.health.SystemHealth@26d69604]
2025-07-03 12:43:15 [http-nio-8081-exec-9] DEBUG o.s.web.servlet.DispatcherServlet - Completed 200 OK
2025-07-03 12:43:18 [http-nio-8081-exec-1] DEBUG o.s.web.servlet.DispatcherServlet - GET "/actuator/health", parameters={}
2025-07-03 12:43:18 [http-nio-8081-exec-1] DEBUG o.s.w.s.m.m.a.RequestResponseBodyMethodProcessor - Read "application/octet-stream" to []
2025-07-03 12:43:18 [http-nio-8081-exec-1] DEBUG o.s.w.s.m.m.a.HttpEntityMethodProcessor - Using 'application/vnd.spring-boot.actuator.v3+json;q=0.8', given [text/html, application/xhtml+xml, image/avif, image/webp, image/apng, application/xml;q=0.9, */*;q=0.8, application/signed-exchange;v=b3;q=0.7] and supported [application/vnd.spring-boot.actuator.v3+json, application/vnd.spring-boot.actuator.v2+json, application/json]
2025-07-03 12:43:18 [http-nio-8081-exec-1] DEBUG o.s.w.s.m.m.a.HttpEntityMethodProcessor - Writing [org.springframework.boot.actuate.health.SystemHealth@74663004]
2025-07-03 12:43:18 [http-nio-8081-exec-1] DEBUG o.s.web.servlet.DispatcherServlet - Completed 200 OK
2025-07-03 12:43:26 [http-nio-8081-exec-5] DEBUG o.s.web.servlet.DispatcherServlet - GET "/swagger-ui/index.html", parameters={}
2025-07-03 12:43:26 [http-nio-8081-exec-5] DEBUG o.s.w.s.h.SimpleUrlHandlerMapping - Mapped to ResourceHttpRequestHandler [classpath [META-INF/resources/webjars/]]
2025-07-03 12:43:26 [http-nio-8081-exec-5] DEBUG o.s.web.servlet.DispatcherServlet - Completed 200 OK
2025-07-03 12:43:26 [http-nio-8081-exec-7] DEBUG o.s.web.servlet.DispatcherServlet - GET "/swagger-ui/swagger-ui.css", parameters={}
2025-07-03 12:43:26 [http-nio-8081-exec-7] DEBUG o.s.w.s.h.SimpleUrlHandlerMapping - Mapped to ResourceHttpRequestHandler [classpath [META-INF/resources/webjars/]]
2025-07-03 12:43:26 [http-nio-8081-exec-8] DEBUG o.s.web.servlet.DispatcherServlet - GET "/swagger-ui/index.css", parameters={}
2025-07-03 12:43:26 [http-nio-8081-exec-3] DEBUG o.s.web.servlet.DispatcherServlet - GET "/swagger-ui/swagger-ui-bundle.js", parameters={}
2025-07-03 12:43:26 [http-nio-8081-exec-3] DEBUG o.s.w.s.h.SimpleUrlHandlerMapping - Mapped to ResourceHttpRequestHandler [classpath [META-INF/resources/webjars/]]
2025-07-03 12:43:26 [http-nio-8081-exec-8] DEBUG o.s.w.s.h.SimpleUrlHandlerMapping - Mapped to ResourceHttpRequestHandler [classpath [META-INF/resources/webjars/]]
2025-07-03 12:43:26 [http-nio-8081-exec-8] DEBUG o.s.web.servlet.DispatcherServlet - Completed 200 OK
2025-07-03 12:43:26 [http-nio-8081-exec-6] DEBUG o.s.web.servlet.DispatcherServlet - GET "/swagger-ui/swagger-ui-standalone-preset.js", parameters={}
2025-07-03 12:43:26 [http-nio-8081-exec-10] DEBUG o.s.web.servlet.DispatcherServlet - GET "/swagger-ui/swagger-initializer.js", parameters={}
2025-07-03 12:43:26 [http-nio-8081-exec-6] DEBUG o.s.w.s.h.SimpleUrlHandlerMapping - Mapped to ResourceHttpRequestHandler [classpath [META-INF/resources/webjars/]]
2025-07-03 12:43:26 [http-nio-8081-exec-10] DEBUG o.s.w.s.h.SimpleUrlHandlerMapping - Mapped to ResourceHttpRequestHandler [classpath [META-INF/resources/webjars/]]
2025-07-03 12:43:26 [http-nio-8081-exec-7] DEBUG o.s.web.servlet.DispatcherServlet - Completed 200 OK
2025-07-03 12:43:26 [http-nio-8081-exec-6] DEBUG o.s.web.servlet.DispatcherServlet - Completed 200 OK
2025-07-03 12:43:26 [http-nio-8081-exec-3] DEBUG o.s.web.servlet.DispatcherServlet - Completed 200 OK
2025-07-03 12:43:26 [http-nio-8081-exec-10] DEBUG o.s.web.servlet.DispatcherServlet - Completed 200 OK
2025-07-03 12:43:26 [http-nio-8081-exec-9] DEBUG o.s.web.servlet.DispatcherServlet - GET "/v3/api-docs/swagger-config", parameters={}
2025-07-03 12:43:26 [http-nio-8081-exec-9] DEBUG o.s.w.s.m.m.a.RequestMappingHandlerMapping - Mapped to org.springdoc.webmvc.ui.SwaggerConfigResource#openapiJson(HttpServletRequest)
2025-07-03 12:43:26 [http-nio-8081-exec-1] DEBUG o.s.web.servlet.DispatcherServlet - GET "/swagger-ui/favicon-32x32.png", parameters={}
2025-07-03 12:43:26 [http-nio-8081-exec-1] DEBUG o.s.w.s.h.SimpleUrlHandlerMapping - Mapped to ResourceHttpRequestHandler [classpath [META-INF/resources/webjars/]]
2025-07-03 12:43:26 [http-nio-8081-exec-9] DEBUG o.s.w.s.m.m.a.RequestResponseBodyMethodProcessor - Using 'application/json', given [*/*] and supported [application/json]
2025-07-03 12:43:26 [http-nio-8081-exec-9] DEBUG o.s.w.s.m.m.a.RequestResponseBodyMethodProcessor - Writing [{configUrl=/v3/api-docs/swagger-config, oauth2RedirectUrl=http://localhost:8081/swagger-ui/oauth2-re (truncated)...]
2025-07-03 12:43:26 [http-nio-8081-exec-1] DEBUG o.s.web.servlet.DispatcherServlet - Completed 200 OK
2025-07-03 12:43:26 [http-nio-8081-exec-9] DEBUG o.s.web.servlet.DispatcherServlet - Completed 200 OK
2025-07-03 12:43:27 [http-nio-8081-exec-2] DEBUG o.s.web.servlet.DispatcherServlet - GET "/v3/api-docs", parameters={}
2025-07-03 12:43:27 [http-nio-8081-exec-2] DEBUG o.s.w.s.m.m.a.RequestMappingHandlerMapping - Mapped to org.springdoc.webmvc.api.OpenApiWebMvcResource#openapiJson(HttpServletRequest, String, Locale)
2025-07-03 12:43:27 [http-nio-8081-exec-2] INFO  o.s.api.AbstractOpenApiResource - Init duration for springdoc-openapi is: 282 ms
2025-07-03 12:43:27 [http-nio-8081-exec-2] DEBUG o.s.w.s.m.m.a.RequestResponseBodyMethodProcessor - Using 'application/json', given [application/json, */*] and supported [application/json]
2025-07-03 12:43:27 [http-nio-8081-exec-2] DEBUG o.s.w.s.m.m.a.RequestResponseBodyMethodProcessor - Writing [{123, 34, 111, 112, 101, 110, 97, 112, 105, 34, 58, 34, 51, 46, 48, 46, 49, 34, 44, 34, 105, 110, 10 (truncated)...]
2025-07-03 12:43:27 [http-nio-8081-exec-2] DEBUG o.s.web.servlet.DispatcherServlet - Completed 200 OK
2025-07-03 12:43:50 [http-nio-8081-exec-3] DEBUG o.s.web.servlet.DispatcherServlet - GET "/", parameters={}
2025-07-03 12:43:50 [http-nio-8081-exec-3] DEBUG o.s.w.s.v.ContentNegotiatingViewResolver - Selected 'text/html' given [text/html, application/xhtml+xml, image/avif, image/webp, image/apng, application/xml;q=0.9, */*;q=0.8, application/signed-exchange;v=b3;q=0.7]
2025-07-03 12:43:50 [http-nio-8081-exec-3] DEBUG o.s.w.s.view.InternalResourceView - View name 'forward:', model {}
2025-07-03 12:43:50 [http-nio-8081-exec-3] DEBUG o.s.w.s.view.InternalResourceView - Forwarding to [index.html]
2025-07-03 12:43:50 [http-nio-8081-exec-3] DEBUG o.s.web.servlet.DispatcherServlet - "FORWARD" dispatch for GET "/index.html", parameters={}
2025-07-03 12:43:50 [http-nio-8081-exec-3] DEBUG o.s.w.s.h.SimpleUrlHandlerMapping - Mapped to ResourceHttpRequestHandler [classpath [META-INF/resources/], classpath [resources/], classpath [static/], classpath [public/], ServletContext [/]]
2025-07-03 12:43:50 [http-nio-8081-exec-3] DEBUG o.s.web.servlet.DispatcherServlet - Exiting from "FORWARD" dispatch, status 200
2025-07-03 12:43:50 [http-nio-8081-exec-3] DEBUG o.s.web.servlet.DispatcherServlet - Completed 200 OK
2025-07-03 12:43:50 [http-nio-8081-exec-10] DEBUG o.s.web.servlet.DispatcherServlet - GET "/static/js/main.4e1df057.js", parameters={}
2025-07-03 12:43:50 [http-nio-8081-exec-10] DEBUG o.s.w.s.h.SimpleUrlHandlerMapping - Mapped to ResourceHttpRequestHandler [classpath [META-INF/resources/], classpath [resources/], classpath [static/], classpath [public/], ServletContext [/]]
2025-07-03 12:43:50 [http-nio-8081-exec-1] DEBUG o.s.web.servlet.DispatcherServlet - GET "/static/css/main.e6c13ad2.css", parameters={}
2025-07-03 12:43:50 [http-nio-8081-exec-1] DEBUG o.s.w.s.h.SimpleUrlHandlerMapping - Mapped to ResourceHttpRequestHandler [classpath [META-INF/resources/], classpath [resources/], classpath [static/], classpath [public/], ServletContext [/]]
2025-07-03 12:43:50 [http-nio-8081-exec-1] DEBUG o.s.web.servlet.DispatcherServlet - Completed 200 OK
2025-07-03 12:43:50 [http-nio-8081-exec-10] DEBUG o.s.web.servlet.DispatcherServlet - Completed 200 OK
2025-07-03 12:43:50 [http-nio-8081-exec-9] DEBUG o.s.web.servlet.DispatcherServlet - GET "/manifest.json", parameters={}
2025-07-03 12:43:50 [http-nio-8081-exec-9] DEBUG o.s.w.s.h.SimpleUrlHandlerMapping - Mapped to ResourceHttpRequestHandler [classpath [META-INF/resources/], classpath [resources/], classpath [static/], classpath [public/], ServletContext [/]]
2025-07-03 12:43:50 [http-nio-8081-exec-9] DEBUG o.s.web.servlet.DispatcherServlet - Completed 200 OK
2025-07-03 12:43:50 [http-nio-8081-exec-2] DEBUG o.s.web.servlet.DispatcherServlet - GET "/logo192.png", parameters={}
2025-07-03 12:43:50 [http-nio-8081-exec-2] DEBUG o.s.w.s.h.SimpleUrlHandlerMapping - Mapped to ResourceHttpRequestHandler [classpath [META-INF/resources/], classpath [resources/], classpath [static/], classpath [public/], ServletContext [/]]
2025-07-03 12:43:50 [http-nio-8081-exec-2] DEBUG o.s.web.servlet.DispatcherServlet - Completed 200 OK
2025-07-03 12:44:00 [http-nio-8081-exec-4] DEBUG o.s.web.servlet.DispatcherServlet - POST "/auth/token", parameters={}
2025-07-03 12:44:00 [http-nio-8081-exec-4] DEBUG o.s.w.s.m.m.a.RequestMappingHandlerMapping - Mapped to com.example.springboot.controller.AuthController#getToken(AuthRequest)
2025-07-03 12:44:00 [http-nio-8081-exec-4] DEBUG o.s.w.s.m.m.a.RequestResponseBodyMethodProcessor - Read "application/json;charset=UTF-8" to [com.example.springboot.dto.AuthRequest@4fdf0ba7]
2025-07-03 12:44:00 [http-nio-8081-exec-4] DEBUG o.s.w.s.m.m.a.HttpEntityMethodProcessor - Using 'application/json', given [application/json, text/plain, */*] and supported [application/json, application/*+json]
2025-07-03 12:44:00 [http-nio-8081-exec-4] DEBUG o.s.w.s.m.m.a.HttpEntityMethodProcessor - Writing [{token=eyJhbGciOiJSUzI1NiJ9.eyJzdWIiOiJhbmlsIiwicm9sZSI6IlVTRVIiLCJpYXQiOjE3NTE1MjY4NDAsImV4cCI6MTc1 (truncated)...]
2025-07-03 12:44:00 [http-nio-8081-exec-4] DEBUG o.s.web.servlet.DispatcherServlet - Completed 200 OK
2025-07-03 12:44:00 [http-nio-8081-exec-6] DEBUG o.s.web.servlet.DispatcherServlet - GET "/employees/all", parameters={}
2025-07-03 12:44:00 [http-nio-8081-exec-6] DEBUG o.s.w.s.m.m.a.RequestMappingHandlerMapping - Mapped to com.example.springboot.controller.EmployeeController#getAll()
2025-07-03 12:44:00 [http-nio-8081-exec-6] INFO  c.e.s.controller.EmployeeController - Fetching all employees
2025-07-03 12:44:00 [http-nio-8081-exec-6] DEBUG o.s.w.s.m.m.a.RequestResponseBodyMethodProcessor - Using 'application/json', given [application/json, text/plain, */*] and supported [application/json, application/*+json]
2025-07-03 12:44:00 [http-nio-8081-exec-6] DEBUG o.s.w.s.m.m.a.RequestResponseBodyMethodProcessor - Writing [[EmployeeDTO(id=1, firstName=Anuradha, lastName=Shrivastava, email=anuradha@example.com, department= (truncated)...]
2025-07-03 12:44:00 [http-nio-8081-exec-6] DEBUG o.s.web.servlet.DispatcherServlet - Completed 200 OK
2025-07-03 12:53:22 [SpringApplicationShutdownHook] INFO  o.s.o.j.LocalContainerEntityManagerFactoryBean - Closing JPA EntityManagerFactory for persistence unit 'default'
2025-07-03 12:53:22 [SpringApplicationShutdownHook] INFO  com.zaxxer.hikari.HikariDataSource - HikariPool-1 - Shutdown initiated...
2025-07-03 12:53:22 [SpringApplicationShutdownHook] INFO  com.zaxxer.hikari.HikariDataSource - HikariPool-1 - Shutdown completed.
2025-07-03 12:56:43 [main] INFO  com.example.springboot.Application - Starting Application using Java 17.0.15 with PID 28971 (/Users/anilshrivastava/Downloads/gs-spring-boot/complete/target/classes started by anilshrivastava in /Users/anilshrivastava/Downloads/gs-spring-boot/complete)
2025-07-03 12:56:43 [main] DEBUG com.example.springboot.Application - Running with Spring Boot v3.3.0, Spring v6.1.8
2025-07-03 12:56:43 [main] INFO  com.example.springboot.Application - The following 1 profile is active: "dev"
2025-07-03 12:56:43 [main] INFO  o.s.d.r.c.RepositoryConfigurationDelegate - Bootstrapping Spring Data JPA repositories in DEFAULT mode.
2025-07-03 12:56:43 [main] INFO  o.s.d.r.c.RepositoryConfigurationDelegate - Finished Spring Data repository scanning in 16 ms. Found 2 JPA repository interfaces.
2025-07-03 12:56:44 [main] INFO  o.s.b.w.e.tomcat.TomcatWebServer - Tomcat initialized with port 8081 (http)
2025-07-03 12:56:44 [main] INFO  o.a.catalina.core.StandardService - Starting service [Tomcat]
2025-07-03 12:56:44 [main] INFO  o.a.catalina.core.StandardEngine - Starting Servlet engine: [Apache Tomcat/10.1.24]
2025-07-03 12:56:44 [main] INFO  o.a.c.c.C.[Tomcat].[localhost].[/] - Initializing Spring embedded WebApplicationContext
2025-07-03 12:56:44 [main] INFO  o.s.b.w.s.c.ServletWebServerApplicationContext - Root WebApplicationContext: initialization completed in 712 ms
2025-07-03 12:56:44 [main] DEBUG o.s.w.f.ServerHttpObservationFilter - Filter 'webMvcObservationFilter' configured for use
2025-07-03 12:56:44 [main] INFO  o.h.jpa.internal.util.LogHelper - HHH000204: Processing PersistenceUnitInfo [name: default]
2025-07-03 12:56:44 [main] INFO  org.hibernate.Version - HHH000412: Hibernate ORM core version 6.5.2.Final
2025-07-03 12:56:44 [main] INFO  o.h.c.i.RegionFactoryInitiator - HHH000026: Second-level cache disabled
2025-07-03 12:56:44 [main] INFO  o.s.o.j.p.SpringPersistenceUnitInfo - No LoadTimeWeaver setup: ignoring JPA class transformer
2025-07-03 12:56:44 [main] INFO  com.zaxxer.hikari.HikariDataSource - HikariPool-1 - Starting...
2025-07-03 12:56:44 [main] INFO  com.zaxxer.hikari.pool.HikariPool - HikariPool-1 - Added connection org.postgresql.jdbc.PgConnection@543d2ef3
2025-07-03 12:56:44 [main] INFO  com.zaxxer.hikari.HikariDataSource - HikariPool-1 - Start completed.
2025-07-03 12:56:44 [main] WARN  org.hibernate.orm.deprecation - HHH90000025: PostgreSQLDialect does not need to be specified explicitly using 'hibernate.dialect' (remove the property setting and it will be selected by default)
2025-07-03 12:56:44 [main] INFO  o.h.e.t.j.p.i.JtaPlatformInitiator - HHH000489: No JTA platform available (set 'hibernate.transaction.jta.platform' to enable JTA platform integration)
2025-07-03 12:56:44 [main] INFO  o.s.o.j.LocalContainerEntityManagerFactoryBean - Initialized JPA EntityManagerFactory for persistence unit 'default'
2025-07-03 12:56:45 [main] INFO  o.s.s.c.a.a.c.InitializeUserDetailsBeanManagerConfigurer$InitializeUserDetailsManagerConfigurer - Global AuthenticationManager configured with UserDetailsService bean with name customUserDetailsService
2025-07-03 12:56:45 [main] WARN  o.s.b.a.o.j.JpaBaseConfiguration$JpaWebConfiguration - spring.jpa.open-in-view is enabled by default. Therefore, database queries may be performed during view rendering. Explicitly configure spring.jpa.open-in-view to disable this warning
2025-07-03 12:56:45 [main] INFO  o.s.b.a.w.s.WelcomePageHandlerMapping - Adding welcome page: class path resource [static/index.html]
2025-07-03 12:56:45 [main] DEBUG o.s.w.s.m.m.a.RequestMappingHandlerMapping - 14 mappings in 'requestMappingHandlerMapping'
2025-07-03 12:56:45 [main] DEBUG o.s.w.s.h.SimpleUrlHandlerMapping - Patterns [/webjars/**, /**, /swagger-ui*/*swagger-initializer.js, /swagger-ui*/**] in 'resourceHandlerMapping'
2025-07-03 12:56:45 [main] INFO  o.s.b.a.e.web.EndpointLinksResolver - Exposing 15 endpoints beneath base path '/actuator'
2025-07-03 12:56:45 [main] INFO  o.s.s.web.DefaultSecurityFilterChain - Will secure any request with [org.springframework.security.web.session.DisableEncodeUrlFilter@5cb42eb2, org.springframework.security.web.context.request.async.WebAsyncManagerIntegrationFilter@2d05d022, org.springframework.security.web.context.SecurityContextHolderFilter@5d8de4bd, org.springframework.security.web.header.HeaderWriterFilter@7b842e79, org.springframework.web.filter.CorsFilter@28806954, org.springframework.security.web.authentication.logout.LogoutFilter@14501070, org.springframework.security.web.authentication.www.BasicAuthenticationFilter@7f2d4ffc, org.springframework.security.web.savedrequest.RequestCacheAwareFilter@4ca6f587, org.springframework.security.web.servletapi.SecurityContextHolderAwareRequestFilter@51617b93, org.springframework.security.web.authentication.AnonymousAuthenticationFilter@7ff26b29, org.springframework.security.web.access.ExceptionTranslationFilter@57bc7f67, org.springframework.security.web.access.intercept.AuthorizationFilter@7fcc8d9f]
2025-07-03 12:56:45 [main] DEBUG o.s.w.s.m.m.a.RequestMappingHandlerAdapter - ControllerAdvice beans: 0 @ModelAttribute, 0 @InitBinder, 1 RequestBodyAdvice, 1 ResponseBodyAdvice
2025-07-03 12:56:45 [main] DEBUG o.s.w.s.m.m.a.ExceptionHandlerExceptionResolver - ControllerAdvice beans: 2 @ExceptionHandler, 1 ResponseBodyAdvice
2025-07-03 12:56:45 [main] INFO  o.s.b.w.e.tomcat.TomcatWebServer - Tomcat started on port 8081 (http) with context path '/'
2025-07-03 12:56:45 [main] INFO  com.example.springboot.Application - Started Application in 2.358 seconds (process running for 2.505)
2025-07-03 12:58:15 [http-nio-8081-exec-1] INFO  o.a.c.c.C.[Tomcat].[localhost].[/] - Initializing Spring DispatcherServlet 'dispatcherServlet'
2025-07-03 12:58:15 [http-nio-8081-exec-1] INFO  o.s.web.servlet.DispatcherServlet - Initializing Servlet 'dispatcherServlet'
2025-07-03 12:58:15 [http-nio-8081-exec-1] DEBUG o.s.web.servlet.DispatcherServlet - Detected StandardServletMultipartResolver
2025-07-03 12:58:15 [http-nio-8081-exec-1] DEBUG o.s.web.servlet.DispatcherServlet - Detected AcceptHeaderLocaleResolver
2025-07-03 12:58:15 [http-nio-8081-exec-1] DEBUG o.s.web.servlet.DispatcherServlet - Detected FixedThemeResolver
2025-07-03 12:58:15 [http-nio-8081-exec-1] DEBUG o.s.web.servlet.DispatcherServlet - Detected org.springframework.web.servlet.view.DefaultRequestToViewNameTranslator@16745ba7
2025-07-03 12:58:15 [http-nio-8081-exec-1] DEBUG o.s.web.servlet.DispatcherServlet - Detected org.springframework.web.servlet.support.SessionFlashMapManager@5915ab69
2025-07-03 12:58:15 [http-nio-8081-exec-1] DEBUG o.s.web.servlet.DispatcherServlet - enableLoggingRequestDetails='false': request parameters and headers will be masked to prevent unsafe logging of potentially sensitive data
2025-07-03 12:58:15 [http-nio-8081-exec-1] INFO  o.s.web.servlet.DispatcherServlet - Completed initialization in 4 ms
2025-07-03 12:58:15 [http-nio-8081-exec-1] DEBUG o.s.web.servlet.DispatcherServlet - GET "/", parameters={}
2025-07-03 12:58:15 [http-nio-8081-exec-1] DEBUG o.s.w.s.v.ContentNegotiatingViewResolver - Selected 'text/html' given [text/html, application/xhtml+xml, image/avif, image/webp, image/apng, application/xml;q=0.9, */*;q=0.8, application/signed-exchange;v=b3;q=0.7]
2025-07-03 12:58:15 [http-nio-8081-exec-1] DEBUG o.s.w.s.view.InternalResourceView - View name 'forward:', model {}
2025-07-03 12:58:15 [http-nio-8081-exec-1] DEBUG o.s.w.s.view.InternalResourceView - Forwarding to [index.html]
2025-07-03 12:58:15 [http-nio-8081-exec-1] DEBUG o.s.web.servlet.DispatcherServlet - "FORWARD" dispatch for GET "/index.html", parameters={}
2025-07-03 12:58:15 [http-nio-8081-exec-1] DEBUG o.s.w.s.h.SimpleUrlHandlerMapping - Mapped to ResourceHttpRequestHandler [classpath [META-INF/resources/], classpath [resources/], classpath [static/], classpath [public/], ServletContext [/]]
2025-07-03 12:58:15 [http-nio-8081-exec-1] DEBUG o.s.web.servlet.DispatcherServlet - Exiting from "FORWARD" dispatch, status 200
2025-07-03 12:58:15 [http-nio-8081-exec-1] DEBUG o.s.web.servlet.DispatcherServlet - Completed 200 OK
2025-07-03 12:58:15 [http-nio-8081-exec-2] DEBUG o.s.web.servlet.DispatcherServlet - GET "/static/js/main.a99c3301.js", parameters={}
2025-07-03 12:58:15 [http-nio-8081-exec-3] DEBUG o.s.web.servlet.DispatcherServlet - GET "/static/css/main.e6c13ad2.css", parameters={}
2025-07-03 12:58:15 [http-nio-8081-exec-3] DEBUG o.s.w.s.h.SimpleUrlHandlerMapping - Mapped to ResourceHttpRequestHandler [classpath [META-INF/resources/], classpath [resources/], classpath [static/], classpath [public/], ServletContext [/]]
2025-07-03 12:58:15 [http-nio-8081-exec-2] DEBUG o.s.w.s.h.SimpleUrlHandlerMapping - Mapped to ResourceHttpRequestHandler [classpath [META-INF/resources/], classpath [resources/], classpath [static/], classpath [public/], ServletContext [/]]
2025-07-03 12:58:15 [http-nio-8081-exec-3] DEBUG o.s.web.servlet.DispatcherServlet - Completed 200 OK
2025-07-03 12:58:15 [http-nio-8081-exec-2] DEBUG o.s.web.servlet.DispatcherServlet - Completed 200 OK
2025-07-03 12:58:15 [http-nio-8081-exec-4] DEBUG o.s.web.servlet.DispatcherServlet - GET "/employees/all", parameters={}
2025-07-03 12:58:15 [http-nio-8081-exec-4] DEBUG o.s.w.s.m.m.a.RequestMappingHandlerMapping - Mapped to com.example.springboot.controller.EmployeeController#getAll()
2025-07-03 12:58:15 [http-nio-8081-exec-4] INFO  c.e.s.controller.EmployeeController - Fetching all employees
2025-07-03 12:58:15 [http-nio-8081-exec-4] DEBUG o.s.w.s.m.m.a.RequestResponseBodyMethodProcessor - Using 'application/json', given [application/json, text/plain, */*] and supported [application/json, application/*+json]
2025-07-03 12:58:15 [http-nio-8081-exec-4] DEBUG o.s.w.s.m.m.a.RequestResponseBodyMethodProcessor - Writing [[EmployeeDTO(id=1, firstName=Anuradha, lastName=Shrivastava, email=anuradha@example.com, department= (truncated)...]
2025-07-03 12:58:15 [http-nio-8081-exec-4] DEBUG o.s.web.servlet.DispatcherServlet - Completed 200 OK
2025-07-03 12:58:16 [http-nio-8081-exec-5] DEBUG o.s.web.servlet.DispatcherServlet - GET "/manifest.json", parameters={}
2025-07-03 12:58:16 [http-nio-8081-exec-5] DEBUG o.s.w.s.h.SimpleUrlHandlerMapping - Mapped to ResourceHttpRequestHandler [classpath [META-INF/resources/], classpath [resources/], classpath [static/], classpath [public/], ServletContext [/]]
2025-07-03 12:58:16 [http-nio-8081-exec-5] DEBUG o.s.web.servlet.DispatcherServlet - Completed 200 OK
2025-07-03 12:58:16 [http-nio-8081-exec-6] DEBUG o.s.web.servlet.DispatcherServlet - GET "/logo192.png", parameters={}
2025-07-03 12:58:16 [http-nio-8081-exec-6] DEBUG o.s.w.s.h.SimpleUrlHandlerMapping - Mapped to ResourceHttpRequestHandler [classpath [META-INF/resources/], classpath [resources/], classpath [static/], classpath [public/], ServletContext [/]]
2025-07-03 12:58:16 [http-nio-8081-exec-6] DEBUG o.s.web.servlet.DispatcherServlet - Completed 200 OK
2025-07-03 12:58:31 [http-nio-8081-exec-7] DEBUG o.s.web.servlet.DispatcherServlet - POST "/auth/token", parameters={}
2025-07-03 12:58:31 [http-nio-8081-exec-7] DEBUG o.s.w.s.m.m.a.RequestMappingHandlerMapping - Mapped to com.example.springboot.controller.AuthController#getToken(AuthRequest)
2025-07-03 12:58:31 [http-nio-8081-exec-7] DEBUG o.s.w.s.m.m.a.RequestResponseBodyMethodProcessor - Read "application/json;charset=UTF-8" to [com.example.springboot.dto.AuthRequest@2855fced]
2025-07-03 12:58:31 [http-nio-8081-exec-7] DEBUG o.s.w.s.m.m.a.HttpEntityMethodProcessor - Using 'application/json', given [application/json, text/plain, */*] and supported [application/json, application/*+json]
2025-07-03 12:58:31 [http-nio-8081-exec-7] DEBUG o.s.w.s.m.m.a.HttpEntityMethodProcessor - Writing [{token=eyJhbGciOiJSUzI1NiJ9.eyJzdWIiOiJhbmlsIiwicm9sZSI6IkFETUlOIiwiaWF0IjoxNzUxNTI3NzExLCJleHAiOjE3 (truncated)...]
2025-07-03 12:58:31 [http-nio-8081-exec-7] DEBUG o.s.web.servlet.DispatcherServlet - Completed 200 OK
2025-07-03 12:58:31 [http-nio-8081-exec-8] DEBUG o.s.web.servlet.DispatcherServlet - GET "/employees/all", parameters={}
2025-07-03 12:58:31 [http-nio-8081-exec-8] DEBUG o.s.w.s.m.m.a.RequestMappingHandlerMapping - Mapped to com.example.springboot.controller.EmployeeController#getAll()
2025-07-03 12:58:31 [http-nio-8081-exec-8] INFO  c.e.s.controller.EmployeeController - Fetching all employees
2025-07-03 12:58:31 [http-nio-8081-exec-8] DEBUG o.s.w.s.m.m.a.RequestResponseBodyMethodProcessor - Using 'application/json', given [application/json, text/plain, */*] and supported [application/json, application/*+json]
2025-07-03 12:58:31 [http-nio-8081-exec-8] DEBUG o.s.w.s.m.m.a.RequestResponseBodyMethodProcessor - Writing [[EmployeeDTO(id=1, firstName=Anuradha, lastName=Shrivastava, email=anuradha@example.com, department= (truncated)...]
2025-07-03 12:58:31 [http-nio-8081-exec-8] DEBUG o.s.web.servlet.DispatcherServlet - Completed 200 OK
2025-07-03 13:08:36 [HikariPool-1 housekeeper] WARN  com.zaxxer.hikari.pool.HikariPool - HikariPool-1 - Thread starvation or clock leap detected (housekeeper delta=6m51s906ms).
2025-07-03 13:11:53 [HikariPool-1 housekeeper] WARN  com.zaxxer.hikari.pool.HikariPool - HikariPool-1 - Thread starvation or clock leap detected (housekeeper delta=3m17s283ms).
2025-07-03 13:14:46 [HikariPool-1 housekeeper] WARN  com.zaxxer.hikari.pool.HikariPool - HikariPool-1 - Thread starvation or clock leap detected (housekeeper delta=2m52s750ms).
2025-07-03 13:15:51 [SpringApplicationShutdownHook] INFO  o.s.o.j.LocalContainerEntityManagerFactoryBean - Closing JPA EntityManagerFactory for persistence unit 'default'
2025-07-03 13:15:51 [SpringApplicationShutdownHook] INFO  com.zaxxer.hikari.HikariDataSource - HikariPool-1 - Shutdown initiated...
2025-07-03 13:15:51 [SpringApplicationShutdownHook] INFO  com.zaxxer.hikari.HikariDataSource - HikariPool-1 - Shutdown completed.
2025-07-03 13:24:36 [main] INFO  com.example.springboot.Application - Starting Application using Java 17.0.15 with PID 29947 (/Users/anilshrivastava/Downloads/gs-spring-boot/complete/target/classes started by anilshrivastava in /Users/anilshrivastava/Downloads/gs-spring-boot/complete)
2025-07-03 13:24:36 [main] DEBUG com.example.springboot.Application - Running with Spring Boot v3.3.0, Spring v6.1.8
2025-07-03 13:24:36 [main] INFO  com.example.springboot.Application - The following 1 profile is active: "dev"
2025-07-03 13:24:36 [main] INFO  o.s.d.r.c.RepositoryConfigurationDelegate - Bootstrapping Spring Data JPA repositories in DEFAULT mode.
2025-07-03 13:24:36 [main] INFO  o.s.d.r.c.RepositoryConfigurationDelegate - Finished Spring Data repository scanning in 17 ms. Found 2 JPA repository interfaces.
2025-07-03 13:24:37 [main] INFO  o.s.b.w.e.tomcat.TomcatWebServer - Tomcat initialized with port 8081 (http)
2025-07-03 13:24:37 [main] INFO  o.a.catalina.core.StandardService - Starting service [Tomcat]
2025-07-03 13:24:37 [main] INFO  o.a.catalina.core.StandardEngine - Starting Servlet engine: [Apache Tomcat/10.1.24]
2025-07-03 13:24:37 [main] INFO  o.a.c.c.C.[Tomcat].[localhost].[/] - Initializing Spring embedded WebApplicationContext
2025-07-03 13:24:37 [main] INFO  o.s.b.w.s.c.ServletWebServerApplicationContext - Root WebApplicationContext: initialization completed in 768 ms
2025-07-03 13:24:37 [main] DEBUG o.s.w.f.ServerHttpObservationFilter - Filter 'webMvcObservationFilter' configured for use
2025-07-03 13:24:37 [main] INFO  o.h.jpa.internal.util.LogHelper - HHH000204: Processing PersistenceUnitInfo [name: default]
2025-07-03 13:24:37 [main] INFO  org.hibernate.Version - HHH000412: Hibernate ORM core version 6.5.2.Final
2025-07-03 13:24:37 [main] INFO  o.h.c.i.RegionFactoryInitiator - HHH000026: Second-level cache disabled
2025-07-03 13:24:37 [main] INFO  o.s.o.j.p.SpringPersistenceUnitInfo - No LoadTimeWeaver setup: ignoring JPA class transformer
2025-07-03 13:24:37 [main] INFO  com.zaxxer.hikari.HikariDataSource - HikariPool-1 - Starting...
2025-07-03 13:24:37 [main] INFO  com.zaxxer.hikari.pool.HikariPool - HikariPool-1 - Added connection org.postgresql.jdbc.PgConnection@6c8e5ac4
2025-07-03 13:24:37 [main] INFO  com.zaxxer.hikari.HikariDataSource - HikariPool-1 - Start completed.
2025-07-03 13:24:37 [main] WARN  org.hibernate.orm.deprecation - HHH90000025: PostgreSQLDialect does not need to be specified explicitly using 'hibernate.dialect' (remove the property setting and it will be selected by default)
2025-07-03 13:24:38 [main] INFO  o.h.e.t.j.p.i.JtaPlatformInitiator - HHH000489: No JTA platform available (set 'hibernate.transaction.jta.platform' to enable JTA platform integration)
2025-07-03 13:24:38 [main] INFO  o.s.o.j.LocalContainerEntityManagerFactoryBean - Initialized JPA EntityManagerFactory for persistence unit 'default'
2025-07-03 13:24:38 [main] INFO  o.s.s.c.a.a.c.InitializeUserDetailsBeanManagerConfigurer$InitializeUserDetailsManagerConfigurer - Global AuthenticationManager configured with UserDetailsService bean with name customUserDetailsService
2025-07-03 13:24:38 [main] WARN  o.s.b.a.o.j.JpaBaseConfiguration$JpaWebConfiguration - spring.jpa.open-in-view is enabled by default. Therefore, database queries may be performed during view rendering. Explicitly configure spring.jpa.open-in-view to disable this warning
2025-07-03 13:24:38 [main] INFO  o.s.b.a.w.s.WelcomePageHandlerMapping - Adding welcome page: class path resource [static/index.html]
2025-07-03 13:24:38 [main] DEBUG o.s.w.s.m.m.a.RequestMappingHandlerMapping - 17 mappings in 'requestMappingHandlerMapping'
2025-07-03 13:24:38 [main] DEBUG o.s.w.s.h.SimpleUrlHandlerMapping - Patterns [/webjars/**, /**, /swagger-ui*/*swagger-initializer.js, /swagger-ui*/**] in 'resourceHandlerMapping'
2025-07-03 13:24:38 [main] INFO  o.s.b.a.e.web.EndpointLinksResolver - Exposing 15 endpoints beneath base path '/actuator'
2025-07-03 13:24:38 [main] INFO  o.s.s.web.DefaultSecurityFilterChain - Will secure any request with [org.springframework.security.web.session.DisableEncodeUrlFilter@616d9a6d, org.springframework.security.web.context.request.async.WebAsyncManagerIntegrationFilter@16263fb2, org.springframework.security.web.context.SecurityContextHolderFilter@a479c0c, org.springframework.security.web.header.HeaderWriterFilter@77b7a4b2, org.springframework.web.filter.CorsFilter@52b4da7c, org.springframework.security.web.authentication.logout.LogoutFilter@1b841396, org.springframework.security.web.authentication.www.BasicAuthenticationFilter@6a40e660, org.springframework.security.web.savedrequest.RequestCacheAwareFilter@19203ff3, org.springframework.security.web.servletapi.SecurityContextHolderAwareRequestFilter@498102a4, org.springframework.security.web.authentication.AnonymousAuthenticationFilter@4620e669, org.springframework.security.web.access.ExceptionTranslationFilter@436867c3, org.springframework.security.web.access.intercept.AuthorizationFilter@1d63f6be]
2025-07-03 13:24:38 [main] DEBUG o.s.w.s.m.m.a.RequestMappingHandlerAdapter - ControllerAdvice beans: 0 @ModelAttribute, 0 @InitBinder, 1 RequestBodyAdvice, 1 ResponseBodyAdvice
2025-07-03 13:24:38 [main] DEBUG o.s.w.s.m.m.a.ExceptionHandlerExceptionResolver - ControllerAdvice beans: 2 @ExceptionHandler, 1 ResponseBodyAdvice
2025-07-03 13:24:38 [main] INFO  o.s.b.w.e.tomcat.TomcatWebServer - Tomcat started on port 8081 (http) with context path '/'
2025-07-03 13:24:38 [main] INFO  com.example.springboot.Application - Started Application in 2.602 seconds (process running for 2.737)
2025-07-03 13:24:55 [http-nio-8081-exec-1] INFO  o.a.c.c.C.[Tomcat].[localhost].[/] - Initializing Spring DispatcherServlet 'dispatcherServlet'
2025-07-03 13:24:55 [http-nio-8081-exec-1] INFO  o.s.web.servlet.DispatcherServlet - Initializing Servlet 'dispatcherServlet'
2025-07-03 13:24:55 [http-nio-8081-exec-1] DEBUG o.s.web.servlet.DispatcherServlet - Detected StandardServletMultipartResolver
2025-07-03 13:24:55 [http-nio-8081-exec-1] DEBUG o.s.web.servlet.DispatcherServlet - Detected AcceptHeaderLocaleResolver
2025-07-03 13:24:55 [http-nio-8081-exec-1] DEBUG o.s.web.servlet.DispatcherServlet - Detected FixedThemeResolver
2025-07-03 13:24:55 [http-nio-8081-exec-1] DEBUG o.s.web.servlet.DispatcherServlet - Detected org.springframework.web.servlet.view.DefaultRequestToViewNameTranslator@3b75fdd0
2025-07-03 13:24:55 [http-nio-8081-exec-1] DEBUG o.s.web.servlet.DispatcherServlet - Detected org.springframework.web.servlet.support.SessionFlashMapManager@4f61c7e1
2025-07-03 13:24:55 [http-nio-8081-exec-1] DEBUG o.s.web.servlet.DispatcherServlet - enableLoggingRequestDetails='false': request parameters and headers will be masked to prevent unsafe logging of potentially sensitive data
2025-07-03 13:24:55 [http-nio-8081-exec-1] INFO  o.s.web.servlet.DispatcherServlet - Completed initialization in 7 ms
2025-07-03 13:24:55 [http-nio-8081-exec-1] DEBUG o.s.web.servlet.DispatcherServlet - POST "/auth/token", parameters={}
2025-07-03 13:24:55 [http-nio-8081-exec-1] DEBUG o.s.w.s.m.m.a.RequestMappingHandlerMapping - Mapped to com.example.springboot.controller.AuthController#getToken(AuthRequest)
2025-07-03 13:24:55 [http-nio-8081-exec-1] DEBUG o.s.w.s.m.m.a.RequestResponseBodyMethodProcessor - Read "application/json;charset=UTF-8" to [com.example.springboot.dto.AuthRequest@72a8b21d]
2025-07-03 13:24:55 [http-nio-8081-exec-1] DEBUG o.s.w.s.m.m.a.HttpEntityMethodProcessor - Using 'application/json', given [application/json, text/plain, */*] and supported [application/json, application/*+json]
2025-07-03 13:24:55 [http-nio-8081-exec-1] DEBUG o.s.w.s.m.m.a.HttpEntityMethodProcessor - Writing [{token=eyJhbGciOiJSUzI1NiJ9.eyJzdWIiOiJhbmlsIiwicm9sZSI6IkFETUlOIiwiaWF0IjoxNzUxNTI5Mjk1LCJleHAiOjE3 (truncated)...]
2025-07-03 13:24:55 [http-nio-8081-exec-1] DEBUG o.s.web.servlet.DispatcherServlet - Completed 200 OK
2025-07-03 13:24:55 [http-nio-8081-exec-2] DEBUG o.s.web.servlet.DispatcherServlet - GET "/employees/all", parameters={}
2025-07-03 13:24:55 [http-nio-8081-exec-2] DEBUG o.s.w.s.m.m.a.RequestMappingHandlerMapping - Mapped to com.example.springboot.controller.EmployeeController#getAll()
2025-07-03 13:24:55 [http-nio-8081-exec-2] INFO  c.e.s.controller.EmployeeController - Fetching all employees
2025-07-03 13:24:55 [http-nio-8081-exec-2] DEBUG o.s.w.s.m.m.a.RequestResponseBodyMethodProcessor - Using 'application/json', given [application/json, text/plain, */*] and supported [application/json, application/*+json]
2025-07-03 13:24:55 [http-nio-8081-exec-2] DEBUG o.s.w.s.m.m.a.RequestResponseBodyMethodProcessor - Writing [[EmployeeDTO(id=1, firstName=Anuradha, lastName=Shrivastava, email=anuradha@example.com, department= (truncated)...]
2025-07-03 13:24:56 [http-nio-8081-exec-2] DEBUG o.s.web.servlet.DispatcherServlet - Completed 200 OK
2025-07-03 13:26:34 [SpringApplicationShutdownHook] INFO  o.s.o.j.LocalContainerEntityManagerFactoryBean - Closing JPA EntityManagerFactory for persistence unit 'default'
2025-07-03 13:26:34 [SpringApplicationShutdownHook] INFO  com.zaxxer.hikari.HikariDataSource - HikariPool-1 - Shutdown initiated...
2025-07-03 13:26:34 [SpringApplicationShutdownHook] INFO  com.zaxxer.hikari.HikariDataSource - HikariPool-1 - Shutdown completed.
2025-07-03 13:26:59 [main] INFO  com.example.springboot.Application - Starting Application using Java 17.0.15 with PID 30142 (/Users/anilshrivastava/Downloads/gs-spring-boot/complete/target/classes started by anilshrivastava in /Users/anilshrivastava/Downloads/gs-spring-boot/complete)
2025-07-03 13:26:59 [main] DEBUG com.example.springboot.Application - Running with Spring Boot v3.3.0, Spring v6.1.8
2025-07-03 13:26:59 [main] INFO  com.example.springboot.Application - The following 1 profile is active: "dev"
2025-07-03 13:27:00 [main] INFO  o.s.d.r.c.RepositoryConfigurationDelegate - Bootstrapping Spring Data JPA repositories in DEFAULT mode.
2025-07-03 13:27:00 [main] INFO  o.s.d.r.c.RepositoryConfigurationDelegate - Finished Spring Data repository scanning in 16 ms. Found 2 JPA repository interfaces.
2025-07-03 13:27:00 [main] INFO  o.s.b.w.e.tomcat.TomcatWebServer - Tomcat initialized with port 8081 (http)
2025-07-03 13:27:00 [main] INFO  o.a.catalina.core.StandardService - Starting service [Tomcat]
2025-07-03 13:27:00 [main] INFO  o.a.catalina.core.StandardEngine - Starting Servlet engine: [Apache Tomcat/10.1.24]
2025-07-03 13:27:00 [main] INFO  o.a.c.c.C.[Tomcat].[localhost].[/] - Initializing Spring embedded WebApplicationContext
2025-07-03 13:27:00 [main] INFO  o.s.b.w.s.c.ServletWebServerApplicationContext - Root WebApplicationContext: initialization completed in 704 ms
2025-07-03 13:27:00 [main] DEBUG o.s.w.f.ServerHttpObservationFilter - Filter 'webMvcObservationFilter' configured for use
2025-07-03 13:27:00 [main] INFO  o.h.jpa.internal.util.LogHelper - HHH000204: Processing PersistenceUnitInfo [name: default]
2025-07-03 13:27:00 [main] INFO  org.hibernate.Version - HHH000412: Hibernate ORM core version 6.5.2.Final
2025-07-03 13:27:00 [main] INFO  o.h.c.i.RegionFactoryInitiator - HHH000026: Second-level cache disabled
2025-07-03 13:27:00 [main] INFO  o.s.o.j.p.SpringPersistenceUnitInfo - No LoadTimeWeaver setup: ignoring JPA class transformer
2025-07-03 13:27:00 [main] INFO  com.zaxxer.hikari.HikariDataSource - HikariPool-1 - Starting...
2025-07-03 13:27:00 [main] INFO  com.zaxxer.hikari.pool.HikariPool - HikariPool-1 - Added connection org.postgresql.jdbc.PgConnection@40b70f31
2025-07-03 13:27:00 [main] INFO  com.zaxxer.hikari.HikariDataSource - HikariPool-1 - Start completed.
2025-07-03 13:27:00 [main] WARN  org.hibernate.orm.deprecation - HHH90000025: PostgreSQLDialect does not need to be specified explicitly using 'hibernate.dialect' (remove the property setting and it will be selected by default)
2025-07-03 13:27:01 [main] INFO  o.h.e.t.j.p.i.JtaPlatformInitiator - HHH000489: No JTA platform available (set 'hibernate.transaction.jta.platform' to enable JTA platform integration)
2025-07-03 13:27:01 [main] INFO  o.s.o.j.LocalContainerEntityManagerFactoryBean - Initialized JPA EntityManagerFactory for persistence unit 'default'
2025-07-03 13:27:01 [main] INFO  o.s.s.c.a.a.c.InitializeUserDetailsBeanManagerConfigurer$InitializeUserDetailsManagerConfigurer - Global AuthenticationManager configured with UserDetailsService bean with name customUserDetailsService
2025-07-03 13:27:01 [main] WARN  o.s.b.a.o.j.JpaBaseConfiguration$JpaWebConfiguration - spring.jpa.open-in-view is enabled by default. Therefore, database queries may be performed during view rendering. Explicitly configure spring.jpa.open-in-view to disable this warning
2025-07-03 13:27:01 [main] INFO  o.s.b.a.w.s.WelcomePageHandlerMapping - Adding welcome page: class path resource [static/index.html]
2025-07-03 13:27:01 [main] DEBUG o.s.w.s.m.m.a.RequestMappingHandlerMapping - 17 mappings in 'requestMappingHandlerMapping'
2025-07-03 13:27:01 [main] DEBUG o.s.w.s.h.SimpleUrlHandlerMapping - Patterns [/webjars/**, /**, /swagger-ui*/*swagger-initializer.js, /swagger-ui*/**] in 'resourceHandlerMapping'
2025-07-03 13:27:01 [main] INFO  o.s.b.a.e.web.EndpointLinksResolver - Exposing 15 endpoints beneath base path '/actuator'
2025-07-03 13:27:01 [main] INFO  o.s.s.web.DefaultSecurityFilterChain - Will secure any request with [org.springframework.security.web.session.DisableEncodeUrlFilter@76a13b12, org.springframework.security.web.context.request.async.WebAsyncManagerIntegrationFilter@7475f57e, org.springframework.security.web.context.SecurityContextHolderFilter@54b88247, org.springframework.security.web.header.HeaderWriterFilter@697797e4, org.springframework.web.filter.CorsFilter@514f2b5c, org.springframework.security.web.authentication.logout.LogoutFilter@2474331d, org.springframework.security.web.authentication.www.BasicAuthenticationFilter@5915ab69, org.springframework.security.web.savedrequest.RequestCacheAwareFilter@77b7a4b2, org.springframework.security.web.servletapi.SecurityContextHolderAwareRequestFilter@5acc6ca1, org.springframework.security.web.authentication.AnonymousAuthenticationFilter@f3cc2e0, org.springframework.security.web.access.ExceptionTranslationFilter@1d0b4b69, org.springframework.security.web.access.intercept.AuthorizationFilter@34e4a136]
2025-07-03 13:27:01 [main] DEBUG o.s.w.s.m.m.a.RequestMappingHandlerAdapter - ControllerAdvice beans: 0 @ModelAttribute, 0 @InitBinder, 1 RequestBodyAdvice, 1 ResponseBodyAdvice
2025-07-03 13:27:01 [main] DEBUG o.s.w.s.m.m.a.ExceptionHandlerExceptionResolver - ControllerAdvice beans: 2 @ExceptionHandler, 1 ResponseBodyAdvice
2025-07-03 13:27:02 [main] INFO  o.s.b.w.e.tomcat.TomcatWebServer - Tomcat started on port 8081 (http) with context path '/'
2025-07-03 13:27:02 [main] INFO  com.example.springboot.Application - Started Application in 2.521 seconds (process running for 2.661)
2025-07-03 13:27:14 [http-nio-8081-exec-1] INFO  o.a.c.c.C.[Tomcat].[localhost].[/] - Initializing Spring DispatcherServlet 'dispatcherServlet'
2025-07-03 13:27:14 [http-nio-8081-exec-1] INFO  o.s.web.servlet.DispatcherServlet - Initializing Servlet 'dispatcherServlet'
2025-07-03 13:27:14 [http-nio-8081-exec-1] DEBUG o.s.web.servlet.DispatcherServlet - Detected StandardServletMultipartResolver
2025-07-03 13:27:14 [http-nio-8081-exec-1] DEBUG o.s.web.servlet.DispatcherServlet - Detected AcceptHeaderLocaleResolver
2025-07-03 13:27:14 [http-nio-8081-exec-1] DEBUG o.s.web.servlet.DispatcherServlet - Detected FixedThemeResolver
2025-07-03 13:27:14 [http-nio-8081-exec-1] DEBUG o.s.web.servlet.DispatcherServlet - Detected org.springframework.web.servlet.view.DefaultRequestToViewNameTranslator@7c3bac88
2025-07-03 13:27:14 [http-nio-8081-exec-1] DEBUG o.s.web.servlet.DispatcherServlet - Detected org.springframework.web.servlet.support.SessionFlashMapManager@64aab3fd
2025-07-03 13:27:14 [http-nio-8081-exec-1] DEBUG o.s.web.servlet.DispatcherServlet - enableLoggingRequestDetails='false': request parameters and headers will be masked to prevent unsafe logging of potentially sensitive data
2025-07-03 13:27:14 [http-nio-8081-exec-1] INFO  o.s.web.servlet.DispatcherServlet - Completed initialization in 9 ms
2025-07-03 13:27:14 [http-nio-8081-exec-1] DEBUG o.s.web.servlet.DispatcherServlet - POST "/auth/token", parameters={}
2025-07-03 13:27:14 [http-nio-8081-exec-1] DEBUG o.s.w.s.m.m.a.RequestMappingHandlerMapping - Mapped to com.example.springboot.controller.AuthController#getToken(AuthRequest)
2025-07-03 13:27:14 [http-nio-8081-exec-1] DEBUG o.s.w.s.m.m.a.RequestResponseBodyMethodProcessor - Read "application/json;charset=UTF-8" to [com.example.springboot.dto.AuthRequest@e3c2058]
2025-07-03 13:27:15 [http-nio-8081-exec-1] DEBUG o.s.w.s.m.m.a.HttpEntityMethodProcessor - Using 'application/json', given [application/json, text/plain, */*] and supported [application/json, application/*+json]
2025-07-03 13:27:15 [http-nio-8081-exec-1] DEBUG o.s.w.s.m.m.a.HttpEntityMethodProcessor - Writing [{token=eyJhbGciOiJSUzI1NiJ9.eyJzdWIiOiJhbmlsIiwicm9sZSI6IkFETUlOIiwiaWF0IjoxNzUxNTI5NDM1LCJleHAiOjE3 (truncated)...]
2025-07-03 13:27:15 [http-nio-8081-exec-1] DEBUG o.s.web.servlet.DispatcherServlet - Completed 200 OK
2025-07-03 13:27:15 [http-nio-8081-exec-2] DEBUG o.s.web.servlet.DispatcherServlet - GET "/employees/all", parameters={}
2025-07-03 13:27:15 [http-nio-8081-exec-2] DEBUG o.s.w.s.m.m.a.RequestMappingHandlerMapping - Mapped to com.example.springboot.controller.EmployeeController#getAll()
2025-07-03 13:27:15 [http-nio-8081-exec-2] INFO  c.e.s.controller.EmployeeController - Fetching all employees
2025-07-03 13:27:15 [http-nio-8081-exec-2] DEBUG o.s.w.s.m.m.a.RequestResponseBodyMethodProcessor - Using 'application/json', given [application/json, text/plain, */*] and supported [application/json, application/*+json]
2025-07-03 13:27:15 [http-nio-8081-exec-2] DEBUG o.s.w.s.m.m.a.RequestResponseBodyMethodProcessor - Writing [[EmployeeDTO(id=1, firstName=Anuradha, lastName=Shrivastava, email=anuradha@example.com, department= (truncated)...]
2025-07-03 13:27:15 [http-nio-8081-exec-2] DEBUG o.s.web.servlet.DispatcherServlet - Completed 200 OK
2025-07-03 13:27:18 [http-nio-8081-exec-4] DEBUG o.s.web.servlet.DispatcherServlet - GET "/users", parameters={}
2025-07-03 13:27:18 [http-nio-8081-exec-4] DEBUG o.s.w.s.m.m.a.RequestMappingHandlerMapping - Mapped to com.example.springboot.controller.UserController#getAllUsers()
2025-07-03 13:27:18 [http-nio-8081-exec-4] DEBUG o.s.w.s.m.m.a.ExceptionHandlerExceptionResolver - Using @ExceptionHandler com.example.springboot.exception.GlobalExceptionHandler#handleGenericException(RuntimeException, WebRequest)
2025-07-03 13:27:18 [http-nio-8081-exec-4] DEBUG o.s.w.s.m.m.a.HttpEntityMethodProcessor - Using 'application/json', given [application/json, text/plain, */*] and supported [application/json, application/*+json]
2025-07-03 13:27:18 [http-nio-8081-exec-4] DEBUG o.s.w.s.m.m.a.HttpEntityMethodProcessor - Writing [ApiErrorResponse(timestamp=2025-07-03T13:27:18.990430, status=500, error=Server Error, path=/users,  (truncated)...]
2025-07-03 13:27:19 [http-nio-8081-exec-4] DEBUG o.s.w.s.m.m.a.ExceptionHandlerExceptionResolver - Resolved [org.springframework.security.authorization.AuthorizationDeniedException: Access Denied]
2025-07-03 13:27:19 [http-nio-8081-exec-4] DEBUG o.s.web.servlet.DispatcherServlet - Completed 500 INTERNAL_SERVER_ERROR
2025-07-03 13:27:28 [http-nio-8081-exec-7] DEBUG o.s.web.servlet.DispatcherServlet - GET "/manifest.json", parameters={}
2025-07-03 13:27:28 [http-nio-8081-exec-6] DEBUG o.s.web.servlet.DispatcherServlet - GET "/static/css/main.e6c13ad2.css", parameters={}
2025-07-03 13:27:28 [http-nio-8081-exec-7] DEBUG o.s.w.s.h.SimpleUrlHandlerMapping - Mapped to ResourceHttpRequestHandler [classpath [META-INF/resources/], classpath [resources/], classpath [static/], classpath [public/], ServletContext [/]]
2025-07-03 13:27:28 [http-nio-8081-exec-6] DEBUG o.s.w.s.h.SimpleUrlHandlerMapping - Mapped to ResourceHttpRequestHandler [classpath [META-INF/resources/], classpath [resources/], classpath [static/], classpath [public/], ServletContext [/]]
2025-07-03 13:27:28 [http-nio-8081-exec-7] DEBUG o.s.web.servlet.DispatcherServlet - Completed 200 OK
2025-07-03 13:27:28 [http-nio-8081-exec-6] DEBUG o.s.web.servlet.DispatcherServlet - Completed 200 OK
2025-07-03 13:27:29 [http-nio-8081-exec-8] DEBUG o.s.web.servlet.DispatcherServlet - GET "/static/js/main.a99c3301.js.map", parameters={}
2025-07-03 13:27:29 [http-nio-8081-exec-8] DEBUG o.s.w.s.h.SimpleUrlHandlerMapping - Mapped to ResourceHttpRequestHandler [classpath [META-INF/resources/], classpath [resources/], classpath [static/], classpath [public/], ServletContext [/]]
2025-07-03 13:27:29 [http-nio-8081-exec-10] DEBUG o.s.web.servlet.DispatcherServlet - GET "/static/css/main.e6c13ad2.css.map", parameters={}
2025-07-03 13:27:29 [http-nio-8081-exec-10] DEBUG o.s.w.s.h.SimpleUrlHandlerMapping - Mapped to ResourceHttpRequestHandler [classpath [META-INF/resources/], classpath [resources/], classpath [static/], classpath [public/], ServletContext [/]]
2025-07-03 13:27:29 [http-nio-8081-exec-10] DEBUG o.s.web.servlet.DispatcherServlet - Completed 200 OK
2025-07-03 13:27:29 [http-nio-8081-exec-8] DEBUG o.s.web.servlet.DispatcherServlet - Completed 200 OK
2025-07-03 13:27:53 [http-nio-8081-exec-4] DEBUG o.s.web.servlet.DispatcherServlet - GET "/users", parameters={}
2025-07-03 13:27:53 [http-nio-8081-exec-4] DEBUG o.s.w.s.m.m.a.RequestMappingHandlerMapping - Mapped to com.example.springboot.controller.UserController#getAllUsers()
2025-07-03 13:27:53 [http-nio-8081-exec-4] DEBUG o.s.w.s.m.m.a.ExceptionHandlerExceptionResolver - Using @ExceptionHandler com.example.springboot.exception.GlobalExceptionHandler#handleGenericException(RuntimeException, WebRequest)
2025-07-03 13:27:53 [http-nio-8081-exec-4] DEBUG o.s.w.s.m.m.a.HttpEntityMethodProcessor - Using 'application/json;q=0.8', given [text/html, application/xhtml+xml, image/avif, image/webp, image/apng, application/xml;q=0.9, */*;q=0.8, application/signed-exchange;v=b3;q=0.7] and supported [application/json, application/*+json]
2025-07-03 13:27:53 [http-nio-8081-exec-4] DEBUG o.s.w.s.m.m.a.HttpEntityMethodProcessor - Writing [ApiErrorResponse(timestamp=2025-07-03T13:27:53.240686, status=500, error=Server Error, path=/users,  (truncated)...]
2025-07-03 13:27:53 [http-nio-8081-exec-4] DEBUG o.s.w.s.m.m.a.ExceptionHandlerExceptionResolver - Resolved [org.springframework.security.authorization.AuthorizationDeniedException: Access Denied]
2025-07-03 13:27:53 [http-nio-8081-exec-4] DEBUG o.s.web.servlet.DispatcherServlet - Completed 500 INTERNAL_SERVER_ERROR
2025-07-03 13:28:07 [http-nio-8081-exec-7] DEBUG o.s.web.servlet.DispatcherServlet - GET "/.well-known/appspecific/com.chrome.devtools.json", parameters={}
2025-07-03 13:28:07 [http-nio-8081-exec-7] DEBUG o.s.w.s.h.SimpleUrlHandlerMapping - Mapped to ResourceHttpRequestHandler [classpath [META-INF/resources/], classpath [resources/], classpath [static/], classpath [public/], ServletContext [/]]
2025-07-03 13:28:07 [http-nio-8081-exec-7] DEBUG o.s.w.s.r.ResourceHttpRequestHandler - Resource not found
2025-07-03 13:28:07 [http-nio-8081-exec-7] DEBUG o.s.w.s.m.s.DefaultHandlerExceptionResolver - Resolved [org.springframework.web.servlet.resource.NoResourceFoundException: No static resource .well-known/appspecific/com.chrome.devtools.json.]
2025-07-03 13:28:07 [http-nio-8081-exec-7] DEBUG o.s.web.servlet.DispatcherServlet - Completed 404 NOT_FOUND
2025-07-03 13:28:07 [http-nio-8081-exec-7] DEBUG o.s.web.servlet.DispatcherServlet - "ERROR" dispatch for GET "/error", parameters={}
2025-07-03 13:28:07 [http-nio-8081-exec-7] DEBUG o.s.w.s.m.m.a.RequestMappingHandlerMapping - Mapped to org.springframework.boot.autoconfigure.web.servlet.error.BasicErrorController#error(HttpServletRequest)
2025-07-03 13:28:07 [http-nio-8081-exec-7] DEBUG o.s.w.s.m.m.a.HttpEntityMethodProcessor - Using 'application/json', given [*/*] and supported [application/json, application/*+json]
2025-07-03 13:28:07 [http-nio-8081-exec-7] DEBUG o.s.w.s.m.m.a.HttpEntityMethodProcessor - Writing [{timestamp=Thu Jul 03 13:28:07 IST 2025, status=404, error=Not Found, message=No static resource .we (truncated)...]
2025-07-03 13:28:07 [http-nio-8081-exec-7] DEBUG o.s.web.servlet.DispatcherServlet - Exiting from "ERROR" dispatch, status 404
2025-07-03 13:30:36 [SpringApplicationShutdownHook] INFO  o.s.o.j.LocalContainerEntityManagerFactoryBean - Closing JPA EntityManagerFactory for persistence unit 'default'
2025-07-03 13:30:36 [SpringApplicationShutdownHook] INFO  com.zaxxer.hikari.HikariDataSource - HikariPool-1 - Shutdown initiated...
2025-07-03 13:30:36 [SpringApplicationShutdownHook] INFO  com.zaxxer.hikari.HikariDataSource - HikariPool-1 - Shutdown completed.
2025-07-03 13:31:58 [main] INFO  com.example.springboot.Application - Starting Application using Java 17.0.15 with PID 30420 (/Users/anilshrivastava/Downloads/gs-spring-boot/complete/target/classes started by anilshrivastava in /Users/anilshrivastava/Downloads/gs-spring-boot/complete)
2025-07-03 13:31:58 [main] DEBUG com.example.springboot.Application - Running with Spring Boot v3.3.0, Spring v6.1.8
2025-07-03 13:31:58 [main] INFO  com.example.springboot.Application - The following 1 profile is active: "dev"
2025-07-03 13:31:58 [main] INFO  o.s.d.r.c.RepositoryConfigurationDelegate - Bootstrapping Spring Data JPA repositories in DEFAULT mode.
2025-07-03 13:31:58 [main] INFO  o.s.d.r.c.RepositoryConfigurationDelegate - Finished Spring Data repository scanning in 16 ms. Found 2 JPA repository interfaces.
2025-07-03 13:31:59 [main] INFO  o.s.b.w.e.tomcat.TomcatWebServer - Tomcat initialized with port 8081 (http)
2025-07-03 13:31:59 [main] INFO  o.a.catalina.core.StandardService - Starting service [Tomcat]
2025-07-03 13:31:59 [main] INFO  o.a.catalina.core.StandardEngine - Starting Servlet engine: [Apache Tomcat/10.1.24]
2025-07-03 13:31:59 [main] INFO  o.a.c.c.C.[Tomcat].[localhost].[/] - Initializing Spring embedded WebApplicationContext
2025-07-03 13:31:59 [main] INFO  o.s.b.w.s.c.ServletWebServerApplicationContext - Root WebApplicationContext: initialization completed in 751 ms
2025-07-03 13:31:59 [main] DEBUG o.s.w.f.ServerHttpObservationFilter - Filter 'webMvcObservationFilter' configured for use
2025-07-03 13:31:59 [main] INFO  o.h.jpa.internal.util.LogHelper - HHH000204: Processing PersistenceUnitInfo [name: default]
2025-07-03 13:31:59 [main] INFO  org.hibernate.Version - HHH000412: Hibernate ORM core version 6.5.2.Final
2025-07-03 13:31:59 [main] INFO  o.h.c.i.RegionFactoryInitiator - HHH000026: Second-level cache disabled
2025-07-03 13:31:59 [main] INFO  o.s.o.j.p.SpringPersistenceUnitInfo - No LoadTimeWeaver setup: ignoring JPA class transformer
2025-07-03 13:31:59 [main] INFO  com.zaxxer.hikari.HikariDataSource - HikariPool-1 - Starting...
2025-07-03 13:31:59 [main] INFO  com.zaxxer.hikari.pool.HikariPool - HikariPool-1 - Added connection org.postgresql.jdbc.PgConnection@780546f8
2025-07-03 13:31:59 [main] INFO  com.zaxxer.hikari.HikariDataSource - HikariPool-1 - Start completed.
2025-07-03 13:31:59 [main] WARN  org.hibernate.orm.deprecation - HHH90000025: PostgreSQLDialect does not need to be specified explicitly using 'hibernate.dialect' (remove the property setting and it will be selected by default)
2025-07-03 13:31:59 [main] INFO  o.h.e.t.j.p.i.JtaPlatformInitiator - HHH000489: No JTA platform available (set 'hibernate.transaction.jta.platform' to enable JTA platform integration)
2025-07-03 13:31:59 [main] INFO  o.s.o.j.LocalContainerEntityManagerFactoryBean - Initialized JPA EntityManagerFactory for persistence unit 'default'
2025-07-03 13:32:00 [main] INFO  o.s.s.c.a.a.c.InitializeUserDetailsBeanManagerConfigurer$InitializeUserDetailsManagerConfigurer - Global AuthenticationManager configured with UserDetailsService bean with name customUserDetailsService
2025-07-03 13:32:00 [main] WARN  o.s.b.a.o.j.JpaBaseConfiguration$JpaWebConfiguration - spring.jpa.open-in-view is enabled by default. Therefore, database queries may be performed during view rendering. Explicitly configure spring.jpa.open-in-view to disable this warning
2025-07-03 13:32:00 [main] INFO  o.s.b.a.w.s.WelcomePageHandlerMapping - Adding welcome page: class path resource [static/index.html]
2025-07-03 13:32:00 [main] DEBUG o.s.w.s.m.m.a.RequestMappingHandlerMapping - 17 mappings in 'requestMappingHandlerMapping'
2025-07-03 13:32:00 [main] DEBUG o.s.w.s.h.SimpleUrlHandlerMapping - Patterns [/webjars/**, /**, /swagger-ui*/*swagger-initializer.js, /swagger-ui*/**] in 'resourceHandlerMapping'
2025-07-03 13:32:00 [main] INFO  o.s.b.a.e.web.EndpointLinksResolver - Exposing 15 endpoints beneath base path '/actuator'
2025-07-03 13:32:00 [main] INFO  o.s.s.web.DefaultSecurityFilterChain - Will secure any request with [org.springframework.security.web.session.DisableEncodeUrlFilter@2b3fd4d2, org.springframework.security.web.context.request.async.WebAsyncManagerIntegrationFilter@3020f22, org.springframework.security.web.context.SecurityContextHolderFilter@56739ee9, org.springframework.security.web.header.HeaderWriterFilter@262ea940, org.springframework.web.filter.CorsFilter@6a40e660, org.springframework.security.web.authentication.logout.LogoutFilter@6af10aa7, org.springframework.security.web.authentication.www.BasicAuthenticationFilter@7475f57e, org.springframework.security.web.savedrequest.RequestCacheAwareFilter@100235c7, org.springframework.security.web.servletapi.SecurityContextHolderAwareRequestFilter@327af731, org.springframework.security.web.authentication.AnonymousAuthenticationFilter@4a57ad67, org.springframework.security.web.access.ExceptionTranslationFilter@628190ec, org.springframework.security.web.access.intercept.AuthorizationFilter@1da2219c]
2025-07-03 13:32:00 [main] DEBUG o.s.w.s.m.m.a.RequestMappingHandlerAdapter - ControllerAdvice beans: 0 @ModelAttribute, 0 @InitBinder, 1 RequestBodyAdvice, 1 ResponseBodyAdvice
2025-07-03 13:32:00 [main] DEBUG o.s.w.s.m.m.a.ExceptionHandlerExceptionResolver - ControllerAdvice beans: 2 @ExceptionHandler, 1 ResponseBodyAdvice
2025-07-03 13:32:00 [main] INFO  o.s.b.w.e.tomcat.TomcatWebServer - Tomcat started on port 8081 (http) with context path '/'
2025-07-03 13:32:00 [main] INFO  com.example.springboot.Application - Started Application in 2.567 seconds (process running for 2.701)
2025-07-03 13:32:12 [http-nio-8081-exec-1] INFO  o.a.c.c.C.[Tomcat].[localhost].[/] - Initializing Spring DispatcherServlet 'dispatcherServlet'
2025-07-03 13:32:12 [http-nio-8081-exec-1] INFO  o.s.web.servlet.DispatcherServlet - Initializing Servlet 'dispatcherServlet'
2025-07-03 13:32:12 [http-nio-8081-exec-1] DEBUG o.s.web.servlet.DispatcherServlet - Detected StandardServletMultipartResolver
2025-07-03 13:32:12 [http-nio-8081-exec-1] DEBUG o.s.web.servlet.DispatcherServlet - Detected AcceptHeaderLocaleResolver
2025-07-03 13:32:12 [http-nio-8081-exec-1] DEBUG o.s.web.servlet.DispatcherServlet - Detected FixedThemeResolver
2025-07-03 13:32:12 [http-nio-8081-exec-1] DEBUG o.s.web.servlet.DispatcherServlet - Detected org.springframework.web.servlet.view.DefaultRequestToViewNameTranslator@40f7fb45
2025-07-03 13:32:12 [http-nio-8081-exec-1] DEBUG o.s.web.servlet.DispatcherServlet - Detected org.springframework.web.servlet.support.SessionFlashMapManager@66859669
2025-07-03 13:32:12 [http-nio-8081-exec-1] DEBUG o.s.web.servlet.DispatcherServlet - enableLoggingRequestDetails='false': request parameters and headers will be masked to prevent unsafe logging of potentially sensitive data
2025-07-03 13:32:12 [http-nio-8081-exec-1] INFO  o.s.web.servlet.DispatcherServlet - Completed initialization in 2 ms
2025-07-03 13:32:12 [http-nio-8081-exec-1] DEBUG o.s.web.servlet.DispatcherServlet - GET "/", parameters={}
2025-07-03 13:32:12 [http-nio-8081-exec-1] DEBUG o.s.w.s.v.ContentNegotiatingViewResolver - Selected 'text/html' given [text/html, application/xhtml+xml, image/avif, image/webp, image/apng, application/xml;q=0.9, */*;q=0.8, application/signed-exchange;v=b3;q=0.7]
2025-07-03 13:32:12 [http-nio-8081-exec-1] DEBUG o.s.w.s.view.InternalResourceView - View name 'forward:', model {}
2025-07-03 13:32:12 [http-nio-8081-exec-1] DEBUG o.s.w.s.view.InternalResourceView - Forwarding to [index.html]
2025-07-03 13:32:12 [http-nio-8081-exec-1] DEBUG o.s.web.servlet.DispatcherServlet - "FORWARD" dispatch for GET "/index.html", parameters={}
2025-07-03 13:32:12 [http-nio-8081-exec-1] DEBUG o.s.w.s.h.SimpleUrlHandlerMapping - Mapped to ResourceHttpRequestHandler [classpath [META-INF/resources/], classpath [resources/], classpath [static/], classpath [public/], ServletContext [/]]
2025-07-03 13:32:12 [http-nio-8081-exec-1] DEBUG o.s.web.servlet.DispatcherServlet - Exiting from "FORWARD" dispatch, status 200
2025-07-03 13:32:12 [http-nio-8081-exec-1] DEBUG o.s.web.servlet.DispatcherServlet - Completed 200 OK
2025-07-03 13:32:12 [http-nio-8081-exec-3] DEBUG o.s.web.servlet.DispatcherServlet - GET "/static/js/main.a99c3301.js", parameters={}
2025-07-03 13:32:12 [http-nio-8081-exec-3] DEBUG o.s.w.s.h.SimpleUrlHandlerMapping - Mapped to ResourceHttpRequestHandler [classpath [META-INF/resources/], classpath [resources/], classpath [static/], classpath [public/], ServletContext [/]]
2025-07-03 13:32:12 [http-nio-8081-exec-4] DEBUG o.s.web.servlet.DispatcherServlet - GET "/static/css/main.e6c13ad2.css", parameters={}
2025-07-03 13:32:12 [http-nio-8081-exec-4] DEBUG o.s.w.s.h.SimpleUrlHandlerMapping - Mapped to ResourceHttpRequestHandler [classpath [META-INF/resources/], classpath [resources/], classpath [static/], classpath [public/], ServletContext [/]]
2025-07-03 13:32:12 [http-nio-8081-exec-4] DEBUG o.s.web.servlet.DispatcherServlet - Completed 200 OK
2025-07-03 13:32:12 [http-nio-8081-exec-3] DEBUG o.s.web.servlet.DispatcherServlet - Completed 200 OK
2025-07-03 13:32:12 [http-nio-8081-exec-5] DEBUG o.s.web.servlet.DispatcherServlet - GET "/static/css/main.e6c13ad2.css.map", parameters={}
2025-07-03 13:32:12 [http-nio-8081-exec-5] DEBUG o.s.w.s.h.SimpleUrlHandlerMapping - Mapped to ResourceHttpRequestHandler [classpath [META-INF/resources/], classpath [resources/], classpath [static/], classpath [public/], ServletContext [/]]
2025-07-03 13:32:12 [http-nio-8081-exec-5] DEBUG o.s.web.servlet.DispatcherServlet - Completed 200 OK
2025-07-03 13:32:12 [http-nio-8081-exec-5] DEBUG o.s.web.servlet.DispatcherServlet - GET "/static/js/main.a99c3301.js.map", parameters={}
2025-07-03 13:32:12 [http-nio-8081-exec-5] DEBUG o.s.w.s.h.SimpleUrlHandlerMapping - Mapped to ResourceHttpRequestHandler [classpath [META-INF/resources/], classpath [resources/], classpath [static/], classpath [public/], ServletContext [/]]
2025-07-03 13:32:12 [http-nio-8081-exec-6] DEBUG o.s.web.servlet.DispatcherServlet - GET "/employees/all", parameters={}
2025-07-03 13:32:12 [http-nio-8081-exec-6] DEBUG o.s.w.s.m.m.a.RequestMappingHandlerMapping - Mapped to com.example.springboot.controller.EmployeeController#getAll()
2025-07-03 13:32:12 [http-nio-8081-exec-5] DEBUG o.s.web.servlet.DispatcherServlet - Completed 200 OK
2025-07-03 13:32:13 [http-nio-8081-exec-7] DEBUG o.s.web.servlet.DispatcherServlet - GET "/manifest.json", parameters={}
2025-07-03 13:32:13 [http-nio-8081-exec-7] DEBUG o.s.w.s.h.SimpleUrlHandlerMapping - Mapped to ResourceHttpRequestHandler [classpath [META-INF/resources/], classpath [resources/], classpath [static/], classpath [public/], ServletContext [/]]
2025-07-03 13:32:13 [http-nio-8081-exec-7] DEBUG o.s.web.servlet.DispatcherServlet - Completed 200 OK
2025-07-03 13:32:13 [http-nio-8081-exec-6] INFO  c.e.s.controller.EmployeeController - Fetching all employees
2025-07-03 13:32:13 [http-nio-8081-exec-8] DEBUG o.s.web.servlet.DispatcherServlet - GET "/logo192.png", parameters={}
2025-07-03 13:32:13 [http-nio-8081-exec-8] DEBUG o.s.w.s.h.SimpleUrlHandlerMapping - Mapped to ResourceHttpRequestHandler [classpath [META-INF/resources/], classpath [resources/], classpath [static/], classpath [public/], ServletContext [/]]
2025-07-03 13:32:13 [http-nio-8081-exec-8] DEBUG o.s.web.servlet.DispatcherServlet - Completed 200 OK
2025-07-03 13:32:13 [http-nio-8081-exec-6] DEBUG o.s.w.s.m.m.a.RequestResponseBodyMethodProcessor - Using 'application/json', given [application/json, text/plain, */*] and supported [application/json, application/*+json]
2025-07-03 13:32:13 [http-nio-8081-exec-6] DEBUG o.s.w.s.m.m.a.RequestResponseBodyMethodProcessor - Writing [[EmployeeDTO(id=1, firstName=Anuradha, lastName=Shrivastava, email=anuradha@example.com, department= (truncated)...]
2025-07-03 13:32:13 [http-nio-8081-exec-6] DEBUG o.s.web.servlet.DispatcherServlet - Completed 200 OK
2025-07-03 13:32:13 [http-nio-8081-exec-2] DEBUG o.s.web.servlet.DispatcherServlet - GET "/.well-known/appspecific/com.chrome.devtools.json", parameters={}
2025-07-03 13:32:13 [http-nio-8081-exec-2] DEBUG o.s.w.s.h.SimpleUrlHandlerMapping - Mapped to ResourceHttpRequestHandler [classpath [META-INF/resources/], classpath [resources/], classpath [static/], classpath [public/], ServletContext [/]]
2025-07-03 13:32:13 [http-nio-8081-exec-2] DEBUG o.s.w.s.r.ResourceHttpRequestHandler - Resource not found
2025-07-03 13:32:13 [http-nio-8081-exec-2] DEBUG o.s.w.s.m.s.DefaultHandlerExceptionResolver - Resolved [org.springframework.web.servlet.resource.NoResourceFoundException: No static resource .well-known/appspecific/com.chrome.devtools.json.]
2025-07-03 13:32:13 [http-nio-8081-exec-2] DEBUG o.s.web.servlet.DispatcherServlet - Completed 404 NOT_FOUND
2025-07-03 13:32:13 [http-nio-8081-exec-2] DEBUG o.s.web.servlet.DispatcherServlet - "ERROR" dispatch for GET "/error", parameters={}
2025-07-03 13:32:13 [http-nio-8081-exec-2] DEBUG o.s.w.s.m.m.a.RequestMappingHandlerMapping - Mapped to org.springframework.boot.autoconfigure.web.servlet.error.BasicErrorController#error(HttpServletRequest)
2025-07-03 13:32:13 [http-nio-8081-exec-2] DEBUG o.s.w.s.m.m.a.HttpEntityMethodProcessor - Using 'application/json', given [*/*] and supported [application/json, application/*+json]
2025-07-03 13:32:13 [http-nio-8081-exec-2] DEBUG o.s.w.s.m.m.a.HttpEntityMethodProcessor - Writing [{timestamp=Thu Jul 03 13:32:13 IST 2025, status=404, error=Not Found, message=No static resource .we (truncated)...]
2025-07-03 13:32:13 [http-nio-8081-exec-2] DEBUG o.s.web.servlet.DispatcherServlet - Exiting from "ERROR" dispatch, status 404
2025-07-03 13:32:26 [http-nio-8081-exec-9] DEBUG o.s.web.servlet.DispatcherServlet - GET "/users", parameters={}
2025-07-03 13:32:26 [http-nio-8081-exec-9] DEBUG o.s.w.s.m.m.a.RequestMappingHandlerMapping - Mapped to com.example.springboot.controller.UserController#getAllUsers()
2025-07-03 13:32:26 [http-nio-8081-exec-9] DEBUG o.s.w.s.m.m.a.ExceptionHandlerExceptionResolver - Using @ExceptionHandler com.example.springboot.exception.GlobalExceptionHandler#handleGenericException(RuntimeException, WebRequest)
2025-07-03 13:32:26 [http-nio-8081-exec-9] DEBUG o.s.w.s.m.m.a.HttpEntityMethodProcessor - Using 'application/json', given [application/json, text/plain, */*] and supported [application/json, application/*+json]
2025-07-03 13:32:26 [http-nio-8081-exec-9] DEBUG o.s.w.s.m.m.a.HttpEntityMethodProcessor - Writing [ApiErrorResponse(timestamp=2025-07-03T13:32:26.437356, status=500, error=Server Error, path=/users,  (truncated)...]
2025-07-03 13:32:26 [http-nio-8081-exec-9] DEBUG o.s.w.s.m.m.a.ExceptionHandlerExceptionResolver - Resolved [org.springframework.security.authorization.AuthorizationDeniedException: Access Denied]
2025-07-03 13:32:26 [http-nio-8081-exec-9] DEBUG o.s.web.servlet.DispatcherServlet - Completed 500 INTERNAL_SERVER_ERROR
2025-07-03 13:51:48 [SpringApplicationShutdownHook] INFO  o.s.o.j.LocalContainerEntityManagerFactoryBean - Closing JPA EntityManagerFactory for persistence unit 'default'
2025-07-03 13:51:48 [SpringApplicationShutdownHook] INFO  com.zaxxer.hikari.HikariDataSource - HikariPool-1 - Shutdown initiated...
2025-07-03 13:51:48 [SpringApplicationShutdownHook] INFO  com.zaxxer.hikari.HikariDataSource - HikariPool-1 - Shutdown completed.
2025-07-03 13:52:04 [main] INFO  com.example.springboot.Application - Starting Application using Java 17.0.15 with PID 31517 (/Users/anilshrivastava/Downloads/gs-spring-boot/complete/target/classes started by anilshrivastava in /Users/anilshrivastava/Downloads/gs-spring-boot/complete)
2025-07-03 13:52:04 [main] DEBUG com.example.springboot.Application - Running with Spring Boot v3.3.0, Spring v6.1.8
2025-07-03 13:52:04 [main] INFO  com.example.springboot.Application - The following 1 profile is active: "dev"
2025-07-03 13:52:05 [main] INFO  o.s.d.r.c.RepositoryConfigurationDelegate - Bootstrapping Spring Data JPA repositories in DEFAULT mode.
2025-07-03 13:52:05 [main] INFO  o.s.d.r.c.RepositoryConfigurationDelegate - Finished Spring Data repository scanning in 16 ms. Found 2 JPA repository interfaces.
2025-07-03 13:52:05 [main] INFO  o.s.b.w.e.tomcat.TomcatWebServer - Tomcat initialized with port 8081 (http)
2025-07-03 13:52:05 [main] INFO  o.a.catalina.core.StandardService - Starting service [Tomcat]
2025-07-03 13:52:05 [main] INFO  o.a.catalina.core.StandardEngine - Starting Servlet engine: [Apache Tomcat/10.1.24]
2025-07-03 13:52:05 [main] INFO  o.a.c.c.C.[Tomcat].[localhost].[/] - Initializing Spring embedded WebApplicationContext
2025-07-03 13:52:05 [main] INFO  o.s.b.w.s.c.ServletWebServerApplicationContext - Root WebApplicationContext: initialization completed in 682 ms
2025-07-03 13:52:05 [main] DEBUG o.s.w.f.ServerHttpObservationFilter - Filter 'webMvcObservationFilter' configured for use
2025-07-03 13:52:05 [main] INFO  o.h.jpa.internal.util.LogHelper - HHH000204: Processing PersistenceUnitInfo [name: default]
2025-07-03 13:52:05 [main] INFO  org.hibernate.Version - HHH000412: Hibernate ORM core version 6.5.2.Final
2025-07-03 13:52:05 [main] INFO  o.h.c.i.RegionFactoryInitiator - HHH000026: Second-level cache disabled
2025-07-03 13:52:05 [main] INFO  o.s.o.j.p.SpringPersistenceUnitInfo - No LoadTimeWeaver setup: ignoring JPA class transformer
2025-07-03 13:52:05 [main] INFO  com.zaxxer.hikari.HikariDataSource - HikariPool-1 - Starting...
2025-07-03 13:52:05 [main] INFO  com.zaxxer.hikari.pool.HikariPool - HikariPool-1 - Added connection org.postgresql.jdbc.PgConnection@24842b8e
2025-07-03 13:52:05 [main] INFO  com.zaxxer.hikari.HikariDataSource - HikariPool-1 - Start completed.
2025-07-03 13:52:05 [main] WARN  org.hibernate.orm.deprecation - HHH90000025: PostgreSQLDialect does not need to be specified explicitly using 'hibernate.dialect' (remove the property setting and it will be selected by default)
2025-07-03 13:52:06 [main] INFO  o.h.e.t.j.p.i.JtaPlatformInitiator - HHH000489: No JTA platform available (set 'hibernate.transaction.jta.platform' to enable JTA platform integration)
2025-07-03 13:52:06 [main] INFO  o.s.o.j.LocalContainerEntityManagerFactoryBean - Initialized JPA EntityManagerFactory for persistence unit 'default'
2025-07-03 13:52:06 [main] INFO  o.s.s.c.a.a.c.InitializeUserDetailsBeanManagerConfigurer$InitializeUserDetailsManagerConfigurer - Global AuthenticationManager configured with UserDetailsService bean with name customUserDetailsService
2025-07-03 13:52:06 [main] WARN  o.s.b.a.o.j.JpaBaseConfiguration$JpaWebConfiguration - spring.jpa.open-in-view is enabled by default. Therefore, database queries may be performed during view rendering. Explicitly configure spring.jpa.open-in-view to disable this warning
2025-07-03 13:52:06 [main] INFO  o.s.b.a.w.s.WelcomePageHandlerMapping - Adding welcome page: class path resource [static/index.html]
2025-07-03 13:52:06 [main] DEBUG o.s.w.s.m.m.a.RequestMappingHandlerMapping - 17 mappings in 'requestMappingHandlerMapping'
2025-07-03 13:52:06 [main] DEBUG o.s.w.s.h.SimpleUrlHandlerMapping - Patterns [/webjars/**, /**, /swagger-ui*/*swagger-initializer.js, /swagger-ui*/**] in 'resourceHandlerMapping'
2025-07-03 13:52:06 [main] INFO  o.s.b.a.e.web.EndpointLinksResolver - Exposing 15 endpoints beneath base path '/actuator'
2025-07-03 13:52:06 [main] INFO  o.s.s.web.DefaultSecurityFilterChain - Will secure any request with [org.springframework.security.web.session.DisableEncodeUrlFilter@34db5935, org.springframework.security.web.context.request.async.WebAsyncManagerIntegrationFilter@1666e021, org.springframework.security.web.context.SecurityContextHolderFilter@117e9a56, org.springframework.security.web.header.HeaderWriterFilter@498d7c57, org.springframework.web.filter.CorsFilter@148c571c, org.springframework.security.web.authentication.logout.LogoutFilter@6affa355, org.springframework.security.oauth2.server.resource.web.authentication.BearerTokenAuthenticationFilter@5629e904, org.springframework.security.web.authentication.www.BasicAuthenticationFilter@5e18a6a7, org.springframework.security.web.savedrequest.RequestCacheAwareFilter@23938caa, org.springframework.security.web.servletapi.SecurityContextHolderAwareRequestFilter@495cac83, org.springframework.security.web.authentication.AnonymousAuthenticationFilter@545e200b, org.springframework.security.web.access.ExceptionTranslationFilter@4b93a232, org.springframework.security.web.access.intercept.AuthorizationFilter@17d3bf09]
2025-07-03 13:52:06 [main] DEBUG o.s.w.s.m.m.a.RequestMappingHandlerAdapter - ControllerAdvice beans: 0 @ModelAttribute, 0 @InitBinder, 1 RequestBodyAdvice, 1 ResponseBodyAdvice
2025-07-03 13:52:07 [main] DEBUG o.s.w.s.m.m.a.ExceptionHandlerExceptionResolver - ControllerAdvice beans: 2 @ExceptionHandler, 1 ResponseBodyAdvice
2025-07-03 13:52:07 [main] INFO  o.s.b.w.e.tomcat.TomcatWebServer - Tomcat started on port 8081 (http) with context path '/'
2025-07-03 13:52:07 [main] INFO  com.example.springboot.Application - Started Application in 2.42 seconds (process running for 2.554)
2025-07-03 13:52:16 [http-nio-8081-exec-1] INFO  o.a.c.c.C.[Tomcat].[localhost].[/] - Initializing Spring DispatcherServlet 'dispatcherServlet'
2025-07-03 13:52:16 [http-nio-8081-exec-1] INFO  o.s.web.servlet.DispatcherServlet - Initializing Servlet 'dispatcherServlet'
2025-07-03 13:52:16 [http-nio-8081-exec-1] DEBUG o.s.web.servlet.DispatcherServlet - Detected StandardServletMultipartResolver
2025-07-03 13:52:16 [http-nio-8081-exec-1] DEBUG o.s.web.servlet.DispatcherServlet - Detected AcceptHeaderLocaleResolver
2025-07-03 13:52:16 [http-nio-8081-exec-1] DEBUG o.s.web.servlet.DispatcherServlet - Detected FixedThemeResolver
2025-07-03 13:52:16 [http-nio-8081-exec-1] DEBUG o.s.web.servlet.DispatcherServlet - Detected org.springframework.web.servlet.view.DefaultRequestToViewNameTranslator@d3e9629
2025-07-03 13:52:16 [http-nio-8081-exec-1] DEBUG o.s.web.servlet.DispatcherServlet - Detected org.springframework.web.servlet.support.SessionFlashMapManager@2ddb260e
2025-07-03 13:52:16 [http-nio-8081-exec-1] DEBUG o.s.web.servlet.DispatcherServlet - enableLoggingRequestDetails='false': request parameters and headers will be masked to prevent unsafe logging of potentially sensitive data
2025-07-03 13:52:16 [http-nio-8081-exec-1] INFO  o.s.web.servlet.DispatcherServlet - Completed initialization in 7 ms
2025-07-03 13:52:16 [http-nio-8081-exec-1] DEBUG o.s.web.servlet.DispatcherServlet - GET "/", parameters={}
2025-07-03 13:52:16 [http-nio-8081-exec-1] DEBUG o.s.w.s.v.ContentNegotiatingViewResolver - Selected 'text/html' given [text/html, application/xhtml+xml, image/avif, image/webp, image/apng, application/xml;q=0.9, */*;q=0.8, application/signed-exchange;v=b3;q=0.7]
2025-07-03 13:52:16 [http-nio-8081-exec-1] DEBUG o.s.w.s.view.InternalResourceView - View name 'forward:', model {}
2025-07-03 13:52:16 [http-nio-8081-exec-1] DEBUG o.s.w.s.view.InternalResourceView - Forwarding to [index.html]
2025-07-03 13:52:16 [http-nio-8081-exec-1] DEBUG o.s.web.servlet.DispatcherServlet - "FORWARD" dispatch for GET "/index.html", parameters={}
2025-07-03 13:52:16 [http-nio-8081-exec-1] DEBUG o.s.w.s.h.SimpleUrlHandlerMapping - Mapped to ResourceHttpRequestHandler [classpath [META-INF/resources/], classpath [resources/], classpath [static/], classpath [public/], ServletContext [/]]
2025-07-03 13:52:16 [http-nio-8081-exec-1] DEBUG o.s.web.servlet.DispatcherServlet - Exiting from "FORWARD" dispatch, status 200
2025-07-03 13:52:16 [http-nio-8081-exec-1] DEBUG o.s.web.servlet.DispatcherServlet - Completed 200 OK
2025-07-03 13:52:16 [http-nio-8081-exec-3] DEBUG o.s.web.servlet.DispatcherServlet - GET "/static/js/main.a99c3301.js", parameters={}
2025-07-03 13:52:16 [http-nio-8081-exec-3] DEBUG o.s.w.s.h.SimpleUrlHandlerMapping - Mapped to ResourceHttpRequestHandler [classpath [META-INF/resources/], classpath [resources/], classpath [static/], classpath [public/], ServletContext [/]]
2025-07-03 13:52:16 [http-nio-8081-exec-4] DEBUG o.s.web.servlet.DispatcherServlet - GET "/static/css/main.e6c13ad2.css", parameters={}
2025-07-03 13:52:16 [http-nio-8081-exec-4] DEBUG o.s.w.s.h.SimpleUrlHandlerMapping - Mapped to ResourceHttpRequestHandler [classpath [META-INF/resources/], classpath [resources/], classpath [static/], classpath [public/], ServletContext [/]]
2025-07-03 13:52:16 [http-nio-8081-exec-4] DEBUG o.s.web.servlet.DispatcherServlet - Completed 200 OK
2025-07-03 13:52:16 [http-nio-8081-exec-3] DEBUG o.s.web.servlet.DispatcherServlet - Completed 200 OK
2025-07-03 13:52:16 [http-nio-8081-exec-5] DEBUG o.s.web.servlet.DispatcherServlet - GET "/static/css/main.e6c13ad2.css.map", parameters={}
2025-07-03 13:52:16 [http-nio-8081-exec-5] DEBUG o.s.w.s.h.SimpleUrlHandlerMapping - Mapped to ResourceHttpRequestHandler [classpath [META-INF/resources/], classpath [resources/], classpath [static/], classpath [public/], ServletContext [/]]
2025-07-03 13:52:16 [http-nio-8081-exec-6] DEBUG o.s.web.servlet.DispatcherServlet - GET "/static/js/main.a99c3301.js.map", parameters={}
2025-07-03 13:52:16 [http-nio-8081-exec-6] DEBUG o.s.w.s.h.SimpleUrlHandlerMapping - Mapped to ResourceHttpRequestHandler [classpath [META-INF/resources/], classpath [resources/], classpath [static/], classpath [public/], ServletContext [/]]
2025-07-03 13:52:16 [http-nio-8081-exec-5] DEBUG o.s.web.servlet.DispatcherServlet - Completed 200 OK
2025-07-03 13:52:17 [http-nio-8081-exec-6] DEBUG o.s.web.servlet.DispatcherServlet - Completed 200 OK
2025-07-03 13:52:17 [http-nio-8081-exec-7] DEBUG o.s.web.servlet.DispatcherServlet - GET "/employees/all", parameters={}
2025-07-03 13:52:17 [http-nio-8081-exec-7] DEBUG o.s.w.s.m.m.a.RequestMappingHandlerMapping - Mapped to com.example.springboot.controller.EmployeeController#getAll()
2025-07-03 13:52:17 [http-nio-8081-exec-8] DEBUG o.s.web.servlet.DispatcherServlet - GET "/manifest.json", parameters={}
2025-07-03 13:52:17 [http-nio-8081-exec-8] DEBUG o.s.w.s.h.SimpleUrlHandlerMapping - Mapped to ResourceHttpRequestHandler [classpath [META-INF/resources/], classpath [resources/], classpath [static/], classpath [public/], ServletContext [/]]
2025-07-03 13:52:17 [http-nio-8081-exec-8] DEBUG o.s.web.servlet.DispatcherServlet - Completed 200 OK
2025-07-03 13:52:17 [http-nio-8081-exec-7] INFO  c.e.s.controller.EmployeeController - Fetching all employees
2025-07-03 13:52:17 [http-nio-8081-exec-9] DEBUG o.s.web.servlet.DispatcherServlet - GET "/logo192.png", parameters={}
2025-07-03 13:52:17 [http-nio-8081-exec-9] DEBUG o.s.w.s.h.SimpleUrlHandlerMapping - Mapped to ResourceHttpRequestHandler [classpath [META-INF/resources/], classpath [resources/], classpath [static/], classpath [public/], ServletContext [/]]
2025-07-03 13:52:17 [http-nio-8081-exec-9] DEBUG o.s.web.servlet.DispatcherServlet - Completed 200 OK
2025-07-03 13:52:17 [http-nio-8081-exec-7] DEBUG o.s.w.s.m.m.a.RequestResponseBodyMethodProcessor - Using 'application/json', given [application/json, text/plain, */*] and supported [application/json, application/*+json]
2025-07-03 13:52:17 [http-nio-8081-exec-7] DEBUG o.s.w.s.m.m.a.RequestResponseBodyMethodProcessor - Writing [[EmployeeDTO(id=1, firstName=Anuradha, lastName=Shrivastava, email=anuradha@example.com, department= (truncated)...]
2025-07-03 13:52:17 [http-nio-8081-exec-7] DEBUG o.s.web.servlet.DispatcherServlet - Completed 200 OK
2025-07-03 13:52:17 [http-nio-8081-exec-2] DEBUG o.s.web.servlet.DispatcherServlet - GET "/.well-known/appspecific/com.chrome.devtools.json", parameters={}
2025-07-03 13:52:17 [http-nio-8081-exec-2] DEBUG o.s.w.s.h.SimpleUrlHandlerMapping - Mapped to ResourceHttpRequestHandler [classpath [META-INF/resources/], classpath [resources/], classpath [static/], classpath [public/], ServletContext [/]]
2025-07-03 13:52:17 [http-nio-8081-exec-2] DEBUG o.s.w.s.r.ResourceHttpRequestHandler - Resource not found
2025-07-03 13:52:17 [http-nio-8081-exec-2] DEBUG o.s.w.s.m.s.DefaultHandlerExceptionResolver - Resolved [org.springframework.web.servlet.resource.NoResourceFoundException: No static resource .well-known/appspecific/com.chrome.devtools.json.]
2025-07-03 13:52:17 [http-nio-8081-exec-2] DEBUG o.s.web.servlet.DispatcherServlet - Completed 404 NOT_FOUND
2025-07-03 13:52:17 [http-nio-8081-exec-2] DEBUG o.s.web.servlet.DispatcherServlet - "ERROR" dispatch for GET "/error", parameters={}
2025-07-03 13:52:17 [http-nio-8081-exec-2] DEBUG o.s.w.s.m.m.a.RequestMappingHandlerMapping - Mapped to org.springframework.boot.autoconfigure.web.servlet.error.BasicErrorController#error(HttpServletRequest)
2025-07-03 13:52:17 [http-nio-8081-exec-2] DEBUG o.s.w.s.m.m.a.HttpEntityMethodProcessor - Using 'application/json', given [*/*] and supported [application/json, application/*+json]
2025-07-03 13:52:17 [http-nio-8081-exec-2] DEBUG o.s.w.s.m.m.a.HttpEntityMethodProcessor - Writing [{timestamp=Thu Jul 03 13:52:17 IST 2025, status=404, error=Not Found, message=No static resource .we (truncated)...]
2025-07-03 13:52:17 [http-nio-8081-exec-2] DEBUG o.s.web.servlet.DispatcherServlet - Exiting from "ERROR" dispatch, status 404
2025-07-03 13:52:35 [http-nio-8081-exec-3] DEBUG o.s.web.servlet.DispatcherServlet - POST "/auth/token", parameters={}
2025-07-03 13:52:35 [http-nio-8081-exec-3] DEBUG o.s.w.s.m.m.a.RequestMappingHandlerMapping - Mapped to com.example.springboot.controller.AuthController#getToken(AuthRequest)
2025-07-03 13:52:35 [http-nio-8081-exec-3] DEBUG o.s.w.s.m.m.a.RequestResponseBodyMethodProcessor - Read "application/json;charset=UTF-8" to [com.example.springboot.dto.AuthRequest@a742de6]
2025-07-03 13:52:35 [http-nio-8081-exec-3] DEBUG o.s.w.s.m.m.a.HttpEntityMethodProcessor - Using 'application/json', given [application/json, text/plain, */*] and supported [application/json, application/*+json]
2025-07-03 13:52:35 [http-nio-8081-exec-3] DEBUG o.s.w.s.m.m.a.HttpEntityMethodProcessor - Writing [{token=eyJhbGciOiJSUzI1NiJ9.eyJzdWIiOiJhbmlsIiwicm9sZSI6IkFETUlOIiwiaWF0IjoxNzUxNTMwOTU1LCJleHAiOjE3 (truncated)...]
2025-07-03 13:52:35 [http-nio-8081-exec-3] DEBUG o.s.web.servlet.DispatcherServlet - Completed 200 OK
2025-07-03 13:52:35 [http-nio-8081-exec-5] DEBUG o.s.web.servlet.DispatcherServlet - GET "/employees/all", parameters={}
2025-07-03 13:52:35 [http-nio-8081-exec-5] DEBUG o.s.w.s.m.m.a.RequestMappingHandlerMapping - Mapped to com.example.springboot.controller.EmployeeController#getAll()
2025-07-03 13:52:35 [http-nio-8081-exec-5] INFO  c.e.s.controller.EmployeeController - Fetching all employees
2025-07-03 13:52:35 [http-nio-8081-exec-5] DEBUG o.s.w.s.m.m.a.RequestResponseBodyMethodProcessor - Using 'application/json', given [application/json, text/plain, */*] and supported [application/json, application/*+json]
2025-07-03 13:52:35 [http-nio-8081-exec-5] DEBUG o.s.w.s.m.m.a.RequestResponseBodyMethodProcessor - Writing [[EmployeeDTO(id=1, firstName=Anuradha, lastName=Shrivastava, email=anuradha@example.com, department= (truncated)...]
2025-07-03 13:52:35 [http-nio-8081-exec-5] DEBUG o.s.web.servlet.DispatcherServlet - Completed 200 OK
2025-07-03 13:56:10 [http-nio-8081-exec-7] DEBUG o.s.web.servlet.DispatcherServlet - GET "/swagger-ui/index.html", parameters={}
2025-07-03 13:56:10 [http-nio-8081-exec-7] DEBUG o.s.w.s.h.SimpleUrlHandlerMapping - Mapped to ResourceHttpRequestHandler [classpath [META-INF/resources/webjars/]]
2025-07-03 13:56:10 [http-nio-8081-exec-7] DEBUG o.s.web.servlet.DispatcherServlet - Completed 200 OK
2025-07-03 13:56:10 [http-nio-8081-exec-2] DEBUG o.s.web.servlet.DispatcherServlet - GET "/swagger-ui/swagger-ui.css", parameters={}
2025-07-03 13:56:10 [http-nio-8081-exec-2] DEBUG o.s.w.s.h.SimpleUrlHandlerMapping - Mapped to ResourceHttpRequestHandler [classpath [META-INF/resources/webjars/]]
2025-07-03 13:56:10 [http-nio-8081-exec-10] DEBUG o.s.web.servlet.DispatcherServlet - GET "/swagger-ui/index.css", parameters={}
2025-07-03 13:56:10 [http-nio-8081-exec-10] DEBUG o.s.w.s.h.SimpleUrlHandlerMapping - Mapped to ResourceHttpRequestHandler [classpath [META-INF/resources/webjars/]]
2025-07-03 13:56:10 [http-nio-8081-exec-1] DEBUG o.s.web.servlet.DispatcherServlet - GET "/swagger-ui/swagger-ui-bundle.js", parameters={}
2025-07-03 13:56:10 [http-nio-8081-exec-1] DEBUG o.s.w.s.h.SimpleUrlHandlerMapping - Mapped to ResourceHttpRequestHandler [classpath [META-INF/resources/webjars/]]
2025-07-03 13:56:10 [http-nio-8081-exec-10] DEBUG o.s.web.servlet.DispatcherServlet - Completed 200 OK
2025-07-03 13:56:10 [http-nio-8081-exec-4] DEBUG o.s.web.servlet.DispatcherServlet - GET "/swagger-ui/swagger-ui-standalone-preset.js", parameters={}
2025-07-03 13:56:10 [http-nio-8081-exec-4] DEBUG o.s.w.s.h.SimpleUrlHandlerMapping - Mapped to ResourceHttpRequestHandler [classpath [META-INF/resources/webjars/]]
2025-07-03 13:56:10 [http-nio-8081-exec-3] DEBUG o.s.web.servlet.DispatcherServlet - GET "/swagger-ui/swagger-initializer.js", parameters={}
2025-07-03 13:56:10 [http-nio-8081-exec-3] DEBUG o.s.w.s.h.SimpleUrlHandlerMapping - Mapped to ResourceHttpRequestHandler [classpath [META-INF/resources/webjars/]]
2025-07-03 13:56:10 [http-nio-8081-exec-2] DEBUG o.s.web.servlet.DispatcherServlet - Completed 200 OK
2025-07-03 13:56:10 [http-nio-8081-exec-4] DEBUG o.s.web.servlet.DispatcherServlet - Completed 200 OK
2025-07-03 13:56:10 [http-nio-8081-exec-1] DEBUG o.s.web.servlet.DispatcherServlet - Completed 200 OK
2025-07-03 13:56:10 [http-nio-8081-exec-3] DEBUG o.s.web.servlet.DispatcherServlet - Completed 200 OK
2025-07-03 13:56:10 [http-nio-8081-exec-5] DEBUG o.s.web.servlet.DispatcherServlet - GET "/v3/api-docs/swagger-config", parameters={}
2025-07-03 13:56:10 [http-nio-8081-exec-5] DEBUG o.s.w.s.m.m.a.RequestMappingHandlerMapping - Mapped to org.springdoc.webmvc.ui.SwaggerConfigResource#openapiJson(HttpServletRequest)
2025-07-03 13:56:10 [http-nio-8081-exec-6] DEBUG o.s.web.servlet.DispatcherServlet - GET "/swagger-ui/favicon-32x32.png", parameters={}
2025-07-03 13:56:10 [http-nio-8081-exec-6] DEBUG o.s.w.s.h.SimpleUrlHandlerMapping - Mapped to ResourceHttpRequestHandler [classpath [META-INF/resources/webjars/]]
2025-07-03 13:56:10 [http-nio-8081-exec-6] DEBUG o.s.web.servlet.DispatcherServlet - Completed 200 OK
2025-07-03 13:56:10 [http-nio-8081-exec-5] DEBUG o.s.w.s.m.m.a.RequestResponseBodyMethodProcessor - Using 'application/json', given [*/*] and supported [application/json]
2025-07-03 13:56:10 [http-nio-8081-exec-5] DEBUG o.s.w.s.m.m.a.RequestResponseBodyMethodProcessor - Writing [{configUrl=/v3/api-docs/swagger-config, oauth2RedirectUrl=http://localhost:8081/swagger-ui/oauth2-re (truncated)...]
2025-07-03 13:56:10 [http-nio-8081-exec-5] DEBUG o.s.web.servlet.DispatcherServlet - Completed 200 OK
2025-07-03 13:56:10 [http-nio-8081-exec-8] DEBUG o.s.web.servlet.DispatcherServlet - GET "/v3/api-docs", parameters={}
2025-07-03 13:56:10 [http-nio-8081-exec-8] DEBUG o.s.w.s.m.m.a.RequestMappingHandlerMapping - Mapped to org.springdoc.webmvc.api.OpenApiWebMvcResource#openapiJson(HttpServletRequest, String, Locale)
2025-07-03 13:56:11 [http-nio-8081-exec-8] INFO  o.s.api.AbstractOpenApiResource - Init duration for springdoc-openapi is: 244 ms
2025-07-03 13:56:11 [http-nio-8081-exec-8] DEBUG o.s.w.s.m.m.a.RequestResponseBodyMethodProcessor - Using 'application/json', given [application/json, */*] and supported [application/json]
2025-07-03 13:56:11 [http-nio-8081-exec-8] DEBUG o.s.w.s.m.m.a.RequestResponseBodyMethodProcessor - Writing [{123, 34, 111, 112, 101, 110, 97, 112, 105, 34, 58, 34, 51, 46, 48, 46, 49, 34, 44, 34, 105, 110, 10 (truncated)...]
2025-07-03 13:56:11 [http-nio-8081-exec-8] DEBUG o.s.web.servlet.DispatcherServlet - Completed 200 OK
2025-07-03 13:57:50 [http-nio-8081-exec-3] DEBUG o.s.web.servlet.DispatcherServlet - POST "/auth/token", parameters={}
2025-07-03 13:57:50 [http-nio-8081-exec-3] DEBUG o.s.w.s.m.m.a.RequestMappingHandlerMapping - Mapped to com.example.springboot.controller.AuthController#getToken(AuthRequest)
2025-07-03 13:57:50 [http-nio-8081-exec-3] DEBUG o.s.w.s.m.m.a.RequestResponseBodyMethodProcessor - Read "application/json;charset=UTF-8" to [com.example.springboot.dto.AuthRequest@52a3deb5]
2025-07-03 13:57:50 [http-nio-8081-exec-3] DEBUG o.s.w.s.m.m.a.HttpEntityMethodProcessor - Using 'application/json', given [*/*] and supported [application/json, application/*+json]
2025-07-03 13:57:50 [http-nio-8081-exec-3] DEBUG o.s.w.s.m.m.a.HttpEntityMethodProcessor - Writing [{token=eyJhbGciOiJSUzI1NiJ9.eyJzdWIiOiJhbmlsIiwicm9sZSI6IkFETUlOIiwiaWF0IjoxNzUxNTMxMjcwLCJleHAiOjE3 (truncated)...]
2025-07-03 13:57:50 [http-nio-8081-exec-3] DEBUG o.s.web.servlet.DispatcherServlet - Completed 200 OK
2025-07-03 14:03:31 [http-nio-8081-exec-7] DEBUG o.s.web.servlet.DispatcherServlet - GET "/employees/all", parameters={}
2025-07-03 14:03:31 [http-nio-8081-exec-7] DEBUG o.s.w.s.m.m.a.RequestMappingHandlerMapping - Mapped to com.example.springboot.controller.EmployeeController#getAll()
2025-07-03 14:03:31 [http-nio-8081-exec-7] INFO  c.e.s.controller.EmployeeController - Fetching all employees
2025-07-03 14:03:31 [http-nio-8081-exec-7] DEBUG o.s.w.s.m.m.a.RequestResponseBodyMethodProcessor - Using 'application/json', given [application/json, text/plain, */*] and supported [application/json, application/*+json]
2025-07-03 14:03:31 [http-nio-8081-exec-7] DEBUG o.s.w.s.m.m.a.RequestResponseBodyMethodProcessor - Writing [[EmployeeDTO(id=1, firstName=Anuradha, lastName=Shrivastava, email=anuradha@example.com, department= (truncated)...]
2025-07-03 14:03:31 [http-nio-8081-exec-7] DEBUG o.s.web.servlet.DispatcherServlet - Completed 200 OK
2025-07-03 14:03:47 [http-nio-8081-exec-1] DEBUG o.s.web.servlet.DispatcherServlet - GET "/employees/1", parameters={}
2025-07-03 14:03:47 [http-nio-8081-exec-1] DEBUG o.s.w.s.m.m.a.RequestMappingHandlerMapping - Mapped to com.example.springboot.controller.EmployeeController#getById(Long)
2025-07-03 14:03:47 [http-nio-8081-exec-1] INFO  c.e.s.controller.EmployeeController - Fetching employee with id: 1
2025-07-03 14:03:47 [http-nio-8081-exec-1] DEBUG c.e.s.service.EmployeeServiceImpl - Looking up employee with ID: 1
2025-07-03 14:03:47 [http-nio-8081-exec-1] DEBUG o.s.w.s.m.m.a.HttpEntityMethodProcessor - Using 'application/json', given [application/json, text/plain, */*] and supported [application/json, application/*+json]
2025-07-03 14:03:47 [http-nio-8081-exec-1] DEBUG o.s.w.s.m.m.a.HttpEntityMethodProcessor - Writing [EmployeeDTO(id=1, firstName=Anuradha, lastName=Shrivastava, email=anuradha@example.com, department=H (truncated)...]
2025-07-03 14:03:47 [http-nio-8081-exec-1] DEBUG o.s.web.servlet.DispatcherServlet - Completed 200 OK
2025-07-03 14:05:11 [http-nio-8081-exec-6] DEBUG o.s.web.servlet.DispatcherServlet - POST "/auth/token", parameters={}
2025-07-03 14:05:11 [http-nio-8081-exec-6] DEBUG o.s.w.s.m.m.a.RequestMappingHandlerMapping - Mapped to com.example.springboot.controller.AuthController#getToken(AuthRequest)
2025-07-03 14:05:11 [http-nio-8081-exec-6] DEBUG o.s.w.s.m.m.a.RequestResponseBodyMethodProcessor - Read "application/json;charset=UTF-8" to [com.example.springboot.dto.AuthRequest@583a41af]
2025-07-03 14:05:11 [http-nio-8081-exec-6] DEBUG o.s.w.s.m.m.a.HttpEntityMethodProcessor - Using 'application/json', given [application/json, text/plain, */*] and supported [application/json, application/*+json]
2025-07-03 14:05:11 [http-nio-8081-exec-6] DEBUG o.s.w.s.m.m.a.HttpEntityMethodProcessor - Writing [{token=eyJhbGciOiJSUzI1NiJ9.eyJzdWIiOiJhbmlsIiwicm9sZSI6IkFETUlOIiwiaWF0IjoxNzUxNTMxNzExLCJleHAiOjE3 (truncated)...]
2025-07-03 14:05:11 [http-nio-8081-exec-6] DEBUG o.s.web.servlet.DispatcherServlet - Completed 200 OK
2025-07-03 14:05:11 [http-nio-8081-exec-5] DEBUG o.s.web.servlet.DispatcherServlet - GET "/employees/all", parameters={}
2025-07-03 14:05:11 [http-nio-8081-exec-5] DEBUG o.s.w.s.m.m.a.RequestMappingHandlerMapping - Mapped to com.example.springboot.controller.EmployeeController#getAll()
2025-07-03 14:05:11 [http-nio-8081-exec-5] INFO  c.e.s.controller.EmployeeController - Fetching all employees
2025-07-03 14:05:11 [http-nio-8081-exec-5] DEBUG o.s.w.s.m.m.a.RequestResponseBodyMethodProcessor - Using 'application/json', given [application/json, text/plain, */*] and supported [application/json, application/*+json]
2025-07-03 14:05:11 [http-nio-8081-exec-5] DEBUG o.s.w.s.m.m.a.RequestResponseBodyMethodProcessor - Writing [[EmployeeDTO(id=1, firstName=Anuradha, lastName=Shrivastava, email=anuradha@example.com, department= (truncated)...]
2025-07-03 14:05:11 [http-nio-8081-exec-5] DEBUG o.s.web.servlet.DispatcherServlet - Completed 200 OK
2025-07-03 14:06:43 [http-nio-8081-exec-9] DEBUG o.s.web.servlet.DispatcherServlet - GET "/employees/1", parameters={}
2025-07-03 14:06:43 [http-nio-8081-exec-9] DEBUG o.s.w.s.m.m.a.RequestMappingHandlerMapping - Mapped to com.example.springboot.controller.EmployeeController#getById(Long)
2025-07-03 14:06:43 [http-nio-8081-exec-9] INFO  c.e.s.controller.EmployeeController - Fetching employee with id: 1
2025-07-03 14:06:43 [http-nio-8081-exec-9] DEBUG c.e.s.service.EmployeeServiceImpl - Looking up employee with ID: 1
2025-07-03 14:06:43 [http-nio-8081-exec-9] DEBUG o.s.w.s.m.m.a.HttpEntityMethodProcessor - Using 'application/json', given [application/json, text/plain, */*] and supported [application/json, application/*+json]
2025-07-03 14:06:43 [http-nio-8081-exec-9] DEBUG o.s.w.s.m.m.a.HttpEntityMethodProcessor - Writing [EmployeeDTO(id=1, firstName=Anuradha, lastName=Shrivastava, email=anuradha@example.com, department=H (truncated)...]
2025-07-03 14:06:43 [http-nio-8081-exec-9] DEBUG o.s.web.servlet.DispatcherServlet - Completed 200 OK
2025-07-03 14:07:35 [http-nio-8081-exec-4] DEBUG o.s.web.servlet.DispatcherServlet - GET "/employees/1", parameters={}
2025-07-03 14:07:35 [http-nio-8081-exec-4] DEBUG o.s.w.s.m.m.a.RequestMappingHandlerMapping - Mapped to com.example.springboot.controller.EmployeeController#getById(Long)
2025-07-03 14:07:35 [http-nio-8081-exec-4] INFO  c.e.s.controller.EmployeeController - Fetching employee with id: 1
2025-07-03 14:07:35 [http-nio-8081-exec-4] DEBUG c.e.s.service.EmployeeServiceImpl - Looking up employee with ID: 1
2025-07-03 14:07:35 [http-nio-8081-exec-4] DEBUG o.s.w.s.m.m.a.HttpEntityMethodProcessor - Using 'application/json', given [*/*] and supported [application/json, application/*+json]
2025-07-03 14:07:35 [http-nio-8081-exec-4] DEBUG o.s.w.s.m.m.a.HttpEntityMethodProcessor - Writing [EmployeeDTO(id=1, firstName=Anuradha, lastName=Shrivastava, email=anuradha@example.com, department=H (truncated)...]
2025-07-03 14:07:35 [http-nio-8081-exec-4] DEBUG o.s.web.servlet.DispatcherServlet - Completed 200 OK
2025-07-03 14:08:12 [http-nio-8081-exec-2] DEBUG o.s.web.servlet.DispatcherServlet - GET "/users/users", parameters={}
2025-07-03 14:08:12 [http-nio-8081-exec-2] DEBUG o.s.w.s.m.m.a.RequestMappingHandlerMapping - Mapped to com.example.springboot.controller.UserController#getAllUsers(Authentication)
2025-07-03 14:08:12 [http-nio-8081-exec-2] DEBUG o.s.w.s.m.m.a.ExceptionHandlerExceptionResolver - Using @ExceptionHandler com.example.springboot.exception.GlobalExceptionHandler#handleGenericException(RuntimeException, WebRequest)
2025-07-03 14:08:12 [http-nio-8081-exec-2] DEBUG o.s.w.s.m.m.a.HttpEntityMethodProcessor - Using 'application/json', given [*/*] and supported [application/json, application/*+json]
2025-07-03 14:08:12 [http-nio-8081-exec-2] DEBUG o.s.w.s.m.m.a.HttpEntityMethodProcessor - Writing [ApiErrorResponse(timestamp=2025-07-03T14:08:12.756055, status=500, error=Server Error, path=/users/u (truncated)...]
2025-07-03 14:08:12 [http-nio-8081-exec-2] DEBUG o.s.w.s.m.m.a.ExceptionHandlerExceptionResolver - Resolved [org.springframework.security.authorization.AuthorizationDeniedException: Access Denied]
2025-07-03 14:08:12 [http-nio-8081-exec-2] DEBUG o.s.web.servlet.DispatcherServlet - Completed 500 INTERNAL_SERVER_ERROR
2025-07-03 14:09:15 [http-nio-8081-exec-1] DEBUG o.s.web.servlet.DispatcherServlet - PUT "/users/2", parameters={}
2025-07-03 14:09:15 [http-nio-8081-exec-1] DEBUG o.s.w.s.m.m.a.RequestMappingHandlerMapping - Mapped to com.example.springboot.controller.UserController#updateUser(Long, User)
2025-07-03 14:09:15 [http-nio-8081-exec-1] DEBUG o.s.w.s.m.m.a.RequestResponseBodyMethodProcessor - Read "application/json;charset=UTF-8" to [User(id=0, username=demo, password=demo1234, role=USER)]
2025-07-03 14:09:15 [http-nio-8081-exec-1] DEBUG o.s.w.s.m.m.a.ExceptionHandlerExceptionResolver - Using @ExceptionHandler com.example.springboot.exception.GlobalExceptionHandler#handleGenericException(RuntimeException, WebRequest)
2025-07-03 14:09:15 [http-nio-8081-exec-1] DEBUG o.s.w.s.m.m.a.HttpEntityMethodProcessor - Using 'application/json', given [*/*] and supported [application/json, application/*+json]
2025-07-03 14:09:15 [http-nio-8081-exec-1] DEBUG o.s.w.s.m.m.a.HttpEntityMethodProcessor - Writing [ApiErrorResponse(timestamp=2025-07-03T14:09:15.514800, status=500, error=Server Error, path=/users/2 (truncated)...]
2025-07-03 14:09:15 [http-nio-8081-exec-1] DEBUG o.s.w.s.m.m.a.ExceptionHandlerExceptionResolver - Resolved [org.springframework.security.authorization.AuthorizationDeniedException: Access Denied]
2025-07-03 14:09:15 [http-nio-8081-exec-1] DEBUG o.s.web.servlet.DispatcherServlet - Completed 500 INTERNAL_SERVER_ERROR
2025-07-03 14:19:05 [SpringApplicationShutdownHook] INFO  o.s.o.j.LocalContainerEntityManagerFactoryBean - Closing JPA EntityManagerFactory for persistence unit 'default'
2025-07-03 14:19:05 [SpringApplicationShutdownHook] INFO  com.zaxxer.hikari.HikariDataSource - HikariPool-1 - Shutdown initiated...
2025-07-03 14:19:05 [SpringApplicationShutdownHook] INFO  com.zaxxer.hikari.HikariDataSource - HikariPool-1 - Shutdown completed.
2025-07-03 14:19:21 [main] INFO  com.example.springboot.Application - Starting Application using Java 17.0.15 with PID 32676 (/Users/anilshrivastava/Downloads/gs-spring-boot/complete/target/classes started by anilshrivastava in /Users/anilshrivastava/Downloads/gs-spring-boot/complete)
2025-07-03 14:19:21 [main] DEBUG com.example.springboot.Application - Running with Spring Boot v3.3.0, Spring v6.1.8
2025-07-03 14:19:21 [main] INFO  com.example.springboot.Application - The following 1 profile is active: "dev"
2025-07-03 14:19:21 [main] INFO  o.s.d.r.c.RepositoryConfigurationDelegate - Bootstrapping Spring Data JPA repositories in DEFAULT mode.
2025-07-03 14:19:21 [main] INFO  o.s.d.r.c.RepositoryConfigurationDelegate - Finished Spring Data repository scanning in 15 ms. Found 2 JPA repository interfaces.
2025-07-03 14:19:21 [main] INFO  o.s.b.w.e.tomcat.TomcatWebServer - Tomcat initialized with port 8081 (http)
2025-07-03 14:19:21 [main] INFO  o.a.catalina.core.StandardService - Starting service [Tomcat]
2025-07-03 14:19:21 [main] INFO  o.a.catalina.core.StandardEngine - Starting Servlet engine: [Apache Tomcat/10.1.24]
2025-07-03 14:19:21 [main] INFO  o.a.c.c.C.[Tomcat].[localhost].[/] - Initializing Spring embedded WebApplicationContext
2025-07-03 14:19:21 [main] INFO  o.s.b.w.s.c.ServletWebServerApplicationContext - Root WebApplicationContext: initialization completed in 717 ms
2025-07-03 14:19:21 [main] DEBUG o.s.w.f.ServerHttpObservationFilter - Filter 'webMvcObservationFilter' configured for use
2025-07-03 14:19:22 [main] INFO  o.h.jpa.internal.util.LogHelper - HHH000204: Processing PersistenceUnitInfo [name: default]
2025-07-03 14:19:22 [main] INFO  org.hibernate.Version - HHH000412: Hibernate ORM core version 6.5.2.Final
2025-07-03 14:19:22 [main] INFO  o.h.c.i.RegionFactoryInitiator - HHH000026: Second-level cache disabled
2025-07-03 14:19:22 [main] INFO  o.s.o.j.p.SpringPersistenceUnitInfo - No LoadTimeWeaver setup: ignoring JPA class transformer
2025-07-03 14:19:22 [main] INFO  com.zaxxer.hikari.HikariDataSource - HikariPool-1 - Starting...
2025-07-03 14:19:22 [main] INFO  com.zaxxer.hikari.pool.HikariPool - HikariPool-1 - Added connection org.postgresql.jdbc.PgConnection@4a2653a0
2025-07-03 14:19:22 [main] INFO  com.zaxxer.hikari.HikariDataSource - HikariPool-1 - Start completed.
2025-07-03 14:19:22 [main] WARN  org.hibernate.orm.deprecation - HHH90000025: PostgreSQLDialect does not need to be specified explicitly using 'hibernate.dialect' (remove the property setting and it will be selected by default)
2025-07-03 14:19:22 [main] INFO  o.h.e.t.j.p.i.JtaPlatformInitiator - HHH000489: No JTA platform available (set 'hibernate.transaction.jta.platform' to enable JTA platform integration)
2025-07-03 14:19:22 [main] INFO  o.s.o.j.LocalContainerEntityManagerFactoryBean - Initialized JPA EntityManagerFactory for persistence unit 'default'
2025-07-03 14:19:22 [main] INFO  o.s.s.c.a.a.c.InitializeUserDetailsBeanManagerConfigurer$InitializeUserDetailsManagerConfigurer - Global AuthenticationManager configured with UserDetailsService bean with name customUserDetailsService
2025-07-03 14:19:22 [main] WARN  o.s.b.a.o.j.JpaBaseConfiguration$JpaWebConfiguration - spring.jpa.open-in-view is enabled by default. Therefore, database queries may be performed during view rendering. Explicitly configure spring.jpa.open-in-view to disable this warning
2025-07-03 14:19:22 [main] INFO  o.s.b.a.w.s.WelcomePageHandlerMapping - Adding welcome page: class path resource [static/index.html]
2025-07-03 14:19:23 [main] DEBUG o.s.w.s.m.m.a.RequestMappingHandlerMapping - 17 mappings in 'requestMappingHandlerMapping'
2025-07-03 14:19:23 [main] DEBUG o.s.w.s.h.SimpleUrlHandlerMapping - Patterns [/webjars/**, /**, /swagger-ui*/*swagger-initializer.js, /swagger-ui*/**] in 'resourceHandlerMapping'
2025-07-03 14:19:23 [main] INFO  o.s.b.a.e.web.EndpointLinksResolver - Exposing 15 endpoints beneath base path '/actuator'
2025-07-03 14:19:23 [main] INFO  o.s.s.web.DefaultSecurityFilterChain - Will secure any request with [org.springframework.security.web.session.DisableEncodeUrlFilter@32ff3c98, org.springframework.security.web.context.request.async.WebAsyncManagerIntegrationFilter@5f804b36, org.springframework.security.web.context.SecurityContextHolderFilter@16263fb2, org.springframework.security.web.header.HeaderWriterFilter@2b3fd4d2, org.springframework.web.filter.CorsFilter@201f0e84, org.springframework.security.web.authentication.logout.LogoutFilter@1a6ab328, org.springframework.security.oauth2.server.resource.web.authentication.BearerTokenAuthenticationFilter@47db5b8f, org.springframework.security.web.authentication.www.BasicAuthenticationFilter@cb03360, org.springframework.security.web.savedrequest.RequestCacheAwareFilter@6c6fdf5d, org.springframework.security.web.servletapi.SecurityContextHolderAwareRequestFilter@1dfd39fe, org.springframework.security.web.authentication.AnonymousAuthenticationFilter@5629e904, org.springframework.security.web.access.ExceptionTranslationFilter@23a0c7f3, org.springframework.security.web.access.intercept.AuthorizationFilter@28357fc3]
2025-07-03 14:19:23 [main] DEBUG o.s.w.s.m.m.a.RequestMappingHandlerAdapter - ControllerAdvice beans: 0 @ModelAttribute, 0 @InitBinder, 1 RequestBodyAdvice, 1 ResponseBodyAdvice
2025-07-03 14:19:23 [main] DEBUG o.s.w.s.m.m.a.ExceptionHandlerExceptionResolver - ControllerAdvice beans: 2 @ExceptionHandler, 1 ResponseBodyAdvice
2025-07-03 14:19:23 [main] INFO  o.s.b.w.e.tomcat.TomcatWebServer - Tomcat started on port 8081 (http) with context path '/'
2025-07-03 14:19:23 [main] INFO  com.example.springboot.Application - Started Application in 2.557 seconds (process running for 2.685)
2025-07-03 14:19:46 [http-nio-8081-exec-1] INFO  o.a.c.c.C.[Tomcat].[localhost].[/] - Initializing Spring DispatcherServlet 'dispatcherServlet'
2025-07-03 14:19:46 [http-nio-8081-exec-1] INFO  o.s.web.servlet.DispatcherServlet - Initializing Servlet 'dispatcherServlet'
2025-07-03 14:19:46 [http-nio-8081-exec-1] DEBUG o.s.web.servlet.DispatcherServlet - Detected StandardServletMultipartResolver
2025-07-03 14:19:46 [http-nio-8081-exec-1] DEBUG o.s.web.servlet.DispatcherServlet - Detected AcceptHeaderLocaleResolver
2025-07-03 14:19:46 [http-nio-8081-exec-1] DEBUG o.s.web.servlet.DispatcherServlet - Detected FixedThemeResolver
2025-07-03 14:19:46 [http-nio-8081-exec-1] DEBUG o.s.web.servlet.DispatcherServlet - Detected org.springframework.web.servlet.view.DefaultRequestToViewNameTranslator@c88a842
2025-07-03 14:19:46 [http-nio-8081-exec-1] DEBUG o.s.web.servlet.DispatcherServlet - Detected org.springframework.web.servlet.support.SessionFlashMapManager@71d3dfd5
2025-07-03 14:19:46 [http-nio-8081-exec-1] DEBUG o.s.web.servlet.DispatcherServlet - enableLoggingRequestDetails='false': request parameters and headers will be masked to prevent unsafe logging of potentially sensitive data
2025-07-03 14:19:46 [http-nio-8081-exec-1] INFO  o.s.web.servlet.DispatcherServlet - Completed initialization in 15 ms
2025-07-03 14:19:46 [http-nio-8081-exec-1] DEBUG o.s.web.servlet.DispatcherServlet - POST "/auth/token", parameters={}
2025-07-03 14:19:46 [http-nio-8081-exec-1] DEBUG o.s.w.s.m.m.a.RequestMappingHandlerMapping - Mapped to com.example.springboot.controller.AuthController#getToken(AuthRequest)
2025-07-03 14:19:46 [http-nio-8081-exec-1] DEBUG o.s.w.s.m.m.a.RequestResponseBodyMethodProcessor - Read "application/json;charset=UTF-8" to [com.example.springboot.dto.AuthRequest@30e3be08]
2025-07-03 14:19:47 [http-nio-8081-exec-1] DEBUG o.s.w.s.m.m.a.HttpEntityMethodProcessor - Using 'application/json', given [application/json, text/plain, */*] and supported [application/json, application/*+json]
2025-07-03 14:19:47 [http-nio-8081-exec-1] DEBUG o.s.w.s.m.m.a.HttpEntityMethodProcessor - Writing [{token=eyJhbGciOiJSUzI1NiJ9.eyJzdWIiOiJhbmlsIiwicm9sZXMiOlsiQURNSU4iXSwiaWF0IjoxNzUxNTMyNTg3LCJleHAi (truncated)...]
2025-07-03 14:19:47 [http-nio-8081-exec-1] DEBUG o.s.web.servlet.DispatcherServlet - Completed 200 OK
2025-07-03 14:19:47 [http-nio-8081-exec-2] DEBUG o.s.web.servlet.DispatcherServlet - GET "/employees/all", parameters={}
2025-07-03 14:19:47 [http-nio-8081-exec-2] DEBUG o.s.w.s.m.m.a.RequestMappingHandlerMapping - Mapped to com.example.springboot.controller.EmployeeController#getAll()
2025-07-03 14:19:47 [http-nio-8081-exec-2] INFO  c.e.s.controller.EmployeeController - Fetching all employees
2025-07-03 14:19:47 [http-nio-8081-exec-2] DEBUG o.s.w.s.m.m.a.RequestResponseBodyMethodProcessor - Using 'application/json', given [application/json, text/plain, */*] and supported [application/json, application/*+json]
2025-07-03 14:19:47 [http-nio-8081-exec-2] DEBUG o.s.w.s.m.m.a.RequestResponseBodyMethodProcessor - Writing [[EmployeeDTO(id=1, firstName=Anuradha, lastName=Shrivastava, email=anuradha@example.com, department= (truncated)...]
2025-07-03 14:19:47 [http-nio-8081-exec-2] DEBUG o.s.web.servlet.DispatcherServlet - Completed 200 OK
2025-07-03 14:37:49 [SpringApplicationShutdownHook] INFO  o.s.o.j.LocalContainerEntityManagerFactoryBean - Closing JPA EntityManagerFactory for persistence unit 'default'
2025-07-03 14:37:49 [SpringApplicationShutdownHook] INFO  com.zaxxer.hikari.HikariDataSource - HikariPool-1 - Shutdown initiated...
2025-07-03 14:37:49 [SpringApplicationShutdownHook] INFO  com.zaxxer.hikari.HikariDataSource - HikariPool-1 - Shutdown completed.
2025-07-03 14:41:40 [main] INFO  com.example.springboot.Application - Starting Application using Java 17.0.15 with PID 34130 (/Users/anilshrivastava/Downloads/gs-spring-boot/complete/target/classes started by anilshrivastava in /Users/anilshrivastava/Downloads/gs-spring-boot/complete)
2025-07-03 14:41:40 [main] DEBUG com.example.springboot.Application - Running with Spring Boot v3.3.0, Spring v6.1.8
2025-07-03 14:41:40 [main] INFO  com.example.springboot.Application - The following 1 profile is active: "dev"
2025-07-03 14:41:40 [main] INFO  o.s.d.r.c.RepositoryConfigurationDelegate - Bootstrapping Spring Data JPA repositories in DEFAULT mode.
2025-07-03 14:41:40 [main] INFO  o.s.d.r.c.RepositoryConfigurationDelegate - Finished Spring Data repository scanning in 16 ms. Found 2 JPA repository interfaces.
2025-07-03 14:41:40 [main] INFO  o.s.b.w.e.tomcat.TomcatWebServer - Tomcat initialized with port 8081 (http)
2025-07-03 14:41:40 [main] INFO  o.a.catalina.core.StandardService - Starting service [Tomcat]
2025-07-03 14:41:40 [main] INFO  o.a.catalina.core.StandardEngine - Starting Servlet engine: [Apache Tomcat/10.1.24]
2025-07-03 14:41:40 [main] INFO  o.a.c.c.C.[Tomcat].[localhost].[/] - Initializing Spring embedded WebApplicationContext
2025-07-03 14:41:40 [main] INFO  o.s.b.w.s.c.ServletWebServerApplicationContext - Root WebApplicationContext: initialization completed in 677 ms
2025-07-03 14:41:41 [main] DEBUG o.s.w.f.ServerHttpObservationFilter - Filter 'webMvcObservationFilter' configured for use
2025-07-03 14:41:41 [main] INFO  o.h.jpa.internal.util.LogHelper - HHH000204: Processing PersistenceUnitInfo [name: default]
2025-07-03 14:41:41 [main] INFO  org.hibernate.Version - HHH000412: Hibernate ORM core version 6.5.2.Final
2025-07-03 14:41:41 [main] INFO  o.h.c.i.RegionFactoryInitiator - HHH000026: Second-level cache disabled
2025-07-03 14:41:41 [main] INFO  o.s.o.j.p.SpringPersistenceUnitInfo - No LoadTimeWeaver setup: ignoring JPA class transformer
2025-07-03 14:41:41 [main] INFO  com.zaxxer.hikari.HikariDataSource - HikariPool-1 - Starting...
2025-07-03 14:41:41 [main] INFO  com.zaxxer.hikari.pool.HikariPool - HikariPool-1 - Added connection org.postgresql.jdbc.PgConnection@437c1a87
2025-07-03 14:41:41 [main] INFO  com.zaxxer.hikari.HikariDataSource - HikariPool-1 - Start completed.
2025-07-03 14:41:41 [main] WARN  org.hibernate.orm.deprecation - HHH90000025: PostgreSQLDialect does not need to be specified explicitly using 'hibernate.dialect' (remove the property setting and it will be selected by default)
2025-07-03 14:41:41 [main] INFO  o.h.e.t.j.p.i.JtaPlatformInitiator - HHH000489: No JTA platform available (set 'hibernate.transaction.jta.platform' to enable JTA platform integration)
2025-07-03 14:41:41 [main] INFO  o.s.o.j.LocalContainerEntityManagerFactoryBean - Initialized JPA EntityManagerFactory for persistence unit 'default'
2025-07-03 14:41:41 [main] INFO  o.s.s.c.a.a.c.InitializeUserDetailsBeanManagerConfigurer$InitializeUserDetailsManagerConfigurer - Global AuthenticationManager configured with UserDetailsService bean with name customUserDetailsService
2025-07-03 14:41:41 [main] WARN  o.s.b.a.o.j.JpaBaseConfiguration$JpaWebConfiguration - spring.jpa.open-in-view is enabled by default. Therefore, database queries may be performed during view rendering. Explicitly configure spring.jpa.open-in-view to disable this warning
2025-07-03 14:41:41 [main] INFO  o.s.b.a.w.s.WelcomePageHandlerMapping - Adding welcome page: class path resource [static/index.html]
2025-07-03 14:41:41 [main] DEBUG o.s.w.s.m.m.a.RequestMappingHandlerMapping - 17 mappings in 'requestMappingHandlerMapping'
2025-07-03 14:41:42 [main] DEBUG o.s.w.s.h.SimpleUrlHandlerMapping - Patterns [/webjars/**, /**, /swagger-ui*/*swagger-initializer.js, /swagger-ui*/**] in 'resourceHandlerMapping'
2025-07-03 14:41:42 [main] INFO  o.s.b.a.e.web.EndpointLinksResolver - Exposing 15 endpoints beneath base path '/actuator'
2025-07-03 14:41:42 [main] INFO  o.s.s.web.DefaultSecurityFilterChain - Will secure any request with [org.springframework.security.web.session.DisableEncodeUrlFilter@2be89ba5, org.springframework.security.web.context.request.async.WebAsyncManagerIntegrationFilter@408573b1, org.springframework.security.web.context.SecurityContextHolderFilter@7356ec91, org.springframework.security.web.header.HeaderWriterFilter@34e4a136, org.springframework.web.filter.CorsFilter@5b7600ec, org.springframework.security.web.authentication.logout.LogoutFilter@21acc86a, org.springframework.security.oauth2.server.resource.web.authentication.BearerTokenAuthenticationFilter@58de1da2, org.springframework.security.web.authentication.www.BasicAuthenticationFilter@35ec9d29, org.springframework.security.web.savedrequest.RequestCacheAwareFilter@1d63f6be, org.springframework.security.web.servletapi.SecurityContextHolderAwareRequestFilter@7475f57e, org.springframework.security.web.authentication.AnonymousAuthenticationFilter@43f23338, org.springframework.security.web.access.ExceptionTranslationFilter@44992466, org.springframework.security.web.access.intercept.AuthorizationFilter@62857555]
2025-07-03 14:41:42 [main] DEBUG o.s.w.s.m.m.a.RequestMappingHandlerAdapter - ControllerAdvice beans: 0 @ModelAttribute, 0 @InitBinder, 1 RequestBodyAdvice, 1 ResponseBodyAdvice
2025-07-03 14:41:42 [main] DEBUG o.s.w.s.m.m.a.ExceptionHandlerExceptionResolver - ControllerAdvice beans: 2 @ExceptionHandler, 1 ResponseBodyAdvice
2025-07-03 14:41:42 [main] INFO  o.s.b.w.e.tomcat.TomcatWebServer - Tomcat started on port 8081 (http) with context path '/'
2025-07-03 14:41:42 [main] INFO  com.example.springboot.Application - Started Application in 2.337 seconds (process running for 2.464)
2025-07-03 14:41:58 [http-nio-8081-exec-1] INFO  o.a.c.c.C.[Tomcat].[localhost].[/] - Initializing Spring DispatcherServlet 'dispatcherServlet'
2025-07-03 14:41:58 [http-nio-8081-exec-1] INFO  o.s.web.servlet.DispatcherServlet - Initializing Servlet 'dispatcherServlet'
2025-07-03 14:41:58 [http-nio-8081-exec-1] DEBUG o.s.web.servlet.DispatcherServlet - Detected StandardServletMultipartResolver
2025-07-03 14:41:58 [http-nio-8081-exec-1] DEBUG o.s.web.servlet.DispatcherServlet - Detected AcceptHeaderLocaleResolver
2025-07-03 14:41:58 [http-nio-8081-exec-1] DEBUG o.s.web.servlet.DispatcherServlet - Detected FixedThemeResolver
2025-07-03 14:41:58 [http-nio-8081-exec-1] DEBUG o.s.web.servlet.DispatcherServlet - Detected org.springframework.web.servlet.view.DefaultRequestToViewNameTranslator@419dbd6d
2025-07-03 14:41:58 [http-nio-8081-exec-1] DEBUG o.s.web.servlet.DispatcherServlet - Detected org.springframework.web.servlet.support.SessionFlashMapManager@13c79e0d
2025-07-03 14:41:58 [http-nio-8081-exec-1] DEBUG o.s.web.servlet.DispatcherServlet - enableLoggingRequestDetails='false': request parameters and headers will be masked to prevent unsafe logging of potentially sensitive data
2025-07-03 14:41:58 [http-nio-8081-exec-1] INFO  o.s.web.servlet.DispatcherServlet - Completed initialization in 4 ms
2025-07-03 14:41:58 [http-nio-8081-exec-1] DEBUG o.s.web.servlet.DispatcherServlet - POST "/auth/token", parameters={}
2025-07-03 14:41:58 [http-nio-8081-exec-1] DEBUG o.s.w.s.m.m.a.RequestMappingHandlerMapping - Mapped to com.example.springboot.controller.AuthController#getToken(AuthRequest)
2025-07-03 14:41:58 [http-nio-8081-exec-1] DEBUG o.s.w.s.m.m.a.RequestResponseBodyMethodProcessor - Read "application/json;charset=UTF-8" to [com.example.springboot.dto.AuthRequest@447939d9]
2025-07-03 14:41:58 [http-nio-8081-exec-1] DEBUG o.s.w.s.m.m.a.HttpEntityMethodProcessor - Using 'application/json', given [application/json, text/plain, */*] and supported [application/json, application/*+json]
2025-07-03 14:41:58 [http-nio-8081-exec-1] DEBUG o.s.w.s.m.m.a.HttpEntityMethodProcessor - Writing [{token=eyJhbGciOiJSUzI1NiJ9.eyJzdWIiOiJhbmlsIiwicm9sZXMiOlsiQURNSU4iXSwiaWF0IjoxNzUxNTMzOTE4LCJleHAi (truncated)...]
2025-07-03 14:41:58 [http-nio-8081-exec-1] DEBUG o.s.web.servlet.DispatcherServlet - Completed 200 OK
2025-07-03 14:41:58 [http-nio-8081-exec-2] DEBUG o.s.web.servlet.DispatcherServlet - GET "/employees/all", parameters={}
2025-07-03 14:41:58 [http-nio-8081-exec-2] DEBUG o.s.w.s.m.m.a.RequestMappingHandlerMapping - Mapped to com.example.springboot.controller.EmployeeController#getAll()
2025-07-03 14:41:58 [http-nio-8081-exec-2] INFO  c.e.s.controller.EmployeeController - Fetching all employees
2025-07-03 14:41:58 [http-nio-8081-exec-2] DEBUG o.s.w.s.m.m.a.RequestResponseBodyMethodProcessor - Using 'application/json', given [application/json, text/plain, */*] and supported [application/json, application/*+json]
2025-07-03 14:41:58 [http-nio-8081-exec-2] DEBUG o.s.w.s.m.m.a.RequestResponseBodyMethodProcessor - Writing [[EmployeeDTO(id=1, firstName=Anuradha, lastName=Shrivastava, email=anuradha@example.com, department= (truncated)...]
2025-07-03 14:41:58 [http-nio-8081-exec-2] DEBUG o.s.web.servlet.DispatcherServlet - Completed 200 OK
2025-07-03 14:50:47 [SpringApplicationShutdownHook] INFO  o.s.o.j.LocalContainerEntityManagerFactoryBean - Closing JPA EntityManagerFactory for persistence unit 'default'
2025-07-03 14:50:47 [SpringApplicationShutdownHook] INFO  com.zaxxer.hikari.HikariDataSource - HikariPool-1 - Shutdown initiated...
2025-07-03 14:50:47 [SpringApplicationShutdownHook] INFO  com.zaxxer.hikari.HikariDataSource - HikariPool-1 - Shutdown completed.
2025-07-03 14:51:12 [main] INFO  com.example.springboot.Application - Starting Application using Java 17.0.15 with PID 34698 (/Users/anilshrivastava/Downloads/gs-spring-boot/complete/target/classes started by anilshrivastava in /Users/anilshrivastava/Downloads/gs-spring-boot/complete)
2025-07-03 14:51:12 [main] DEBUG com.example.springboot.Application - Running with Spring Boot v3.3.0, Spring v6.1.8
2025-07-03 14:51:12 [main] INFO  com.example.springboot.Application - The following 1 profile is active: "dev"
2025-07-03 14:51:12 [main] INFO  o.s.d.r.c.RepositoryConfigurationDelegate - Bootstrapping Spring Data JPA repositories in DEFAULT mode.
2025-07-03 14:51:12 [main] INFO  o.s.d.r.c.RepositoryConfigurationDelegate - Finished Spring Data repository scanning in 15 ms. Found 2 JPA repository interfaces.
2025-07-03 14:51:13 [main] INFO  o.s.b.w.e.tomcat.TomcatWebServer - Tomcat initialized with port 8081 (http)
2025-07-03 14:51:13 [main] INFO  o.a.catalina.core.StandardService - Starting service [Tomcat]
2025-07-03 14:51:13 [main] INFO  o.a.catalina.core.StandardEngine - Starting Servlet engine: [Apache Tomcat/10.1.24]
2025-07-03 14:51:13 [main] INFO  o.a.c.c.C.[Tomcat].[localhost].[/] - Initializing Spring embedded WebApplicationContext
2025-07-03 14:51:13 [main] INFO  o.s.b.w.s.c.ServletWebServerApplicationContext - Root WebApplicationContext: initialization completed in 796 ms
2025-07-03 14:51:13 [main] DEBUG o.s.w.f.ServerHttpObservationFilter - Filter 'webMvcObservationFilter' configured for use
2025-07-03 14:51:13 [main] INFO  o.h.jpa.internal.util.LogHelper - HHH000204: Processing PersistenceUnitInfo [name: default]
2025-07-03 14:51:13 [main] INFO  org.hibernate.Version - HHH000412: Hibernate ORM core version 6.5.2.Final
2025-07-03 14:51:13 [main] INFO  o.h.c.i.RegionFactoryInitiator - HHH000026: Second-level cache disabled
2025-07-03 14:51:13 [main] INFO  o.s.o.j.p.SpringPersistenceUnitInfo - No LoadTimeWeaver setup: ignoring JPA class transformer
2025-07-03 14:51:13 [main] INFO  com.zaxxer.hikari.HikariDataSource - HikariPool-1 - Starting...
2025-07-03 14:51:13 [main] INFO  com.zaxxer.hikari.pool.HikariPool - HikariPool-1 - Added connection org.postgresql.jdbc.PgConnection@4e357792
2025-07-03 14:51:13 [main] INFO  com.zaxxer.hikari.HikariDataSource - HikariPool-1 - Start completed.
2025-07-03 14:51:13 [main] WARN  org.hibernate.orm.deprecation - HHH90000025: PostgreSQLDialect does not need to be specified explicitly using 'hibernate.dialect' (remove the property setting and it will be selected by default)
2025-07-03 14:51:14 [main] INFO  o.h.e.t.j.p.i.JtaPlatformInitiator - HHH000489: No JTA platform available (set 'hibernate.transaction.jta.platform' to enable JTA platform integration)
2025-07-03 14:51:14 [main] INFO  o.s.o.j.LocalContainerEntityManagerFactoryBean - Initialized JPA EntityManagerFactory for persistence unit 'default'
2025-07-03 14:51:14 [main] INFO  o.s.s.c.a.a.c.InitializeUserDetailsBeanManagerConfigurer$InitializeUserDetailsManagerConfigurer - Global AuthenticationManager configured with UserDetailsService bean with name customUserDetailsService
2025-07-03 14:51:14 [main] WARN  o.s.b.a.o.j.JpaBaseConfiguration$JpaWebConfiguration - spring.jpa.open-in-view is enabled by default. Therefore, database queries may be performed during view rendering. Explicitly configure spring.jpa.open-in-view to disable this warning
2025-07-03 14:51:14 [main] INFO  o.s.b.a.w.s.WelcomePageHandlerMapping - Adding welcome page: class path resource [static/index.html]
2025-07-03 14:51:14 [main] DEBUG o.s.w.s.m.m.a.RequestMappingHandlerMapping - 17 mappings in 'requestMappingHandlerMapping'
2025-07-03 14:51:14 [main] DEBUG o.s.w.s.h.SimpleUrlHandlerMapping - Patterns [/webjars/**, /**, /swagger-ui*/*swagger-initializer.js, /swagger-ui*/**] in 'resourceHandlerMapping'
2025-07-03 14:51:14 [main] INFO  o.s.b.a.e.web.EndpointLinksResolver - Exposing 15 endpoints beneath base path '/actuator'
2025-07-03 14:51:14 [main] INFO  o.s.s.web.DefaultSecurityFilterChain - Will secure any request with [org.springframework.security.web.session.DisableEncodeUrlFilter@47db5b8f, org.springframework.security.web.context.request.async.WebAsyncManagerIntegrationFilter@2c4142f8, org.springframework.security.web.context.SecurityContextHolderFilter@23a0c7f3, org.springframework.security.web.header.HeaderWriterFilter@1da2219c, org.springframework.web.filter.CorsFilter@7ef8cfbb, org.springframework.security.web.authentication.logout.LogoutFilter@6049b4c9, org.springframework.security.oauth2.server.resource.web.authentication.BearerTokenAuthenticationFilter@28357fc3, org.springframework.security.web.authentication.www.BasicAuthenticationFilter@408573b1, org.springframework.security.web.savedrequest.RequestCacheAwareFilter@514f2b5c, org.springframework.security.web.servletapi.SecurityContextHolderAwareRequestFilter@3020f22, org.springframework.security.web.authentication.AnonymousAuthenticationFilter@17d3bf09, org.springframework.security.web.access.ExceptionTranslationFilter@77227b1f, org.springframework.security.web.access.intercept.AuthorizationFilter@4271960c]
2025-07-03 14:51:14 [main] DEBUG o.s.w.s.m.m.a.RequestMappingHandlerAdapter - ControllerAdvice beans: 0 @ModelAttribute, 0 @InitBinder, 1 RequestBodyAdvice, 1 ResponseBodyAdvice
2025-07-03 14:51:15 [main] DEBUG o.s.w.s.m.m.a.ExceptionHandlerExceptionResolver - ControllerAdvice beans: 2 @ExceptionHandler, 1 ResponseBodyAdvice
2025-07-03 14:51:15 [main] INFO  o.s.b.w.e.tomcat.TomcatWebServer - Tomcat started on port 8081 (http) with context path '/'
2025-07-03 14:51:15 [main] INFO  com.example.springboot.Application - Started Application in 2.932 seconds (process running for 3.068)
2025-07-03 14:53:29 [http-nio-8081-exec-1] INFO  o.a.c.c.C.[Tomcat].[localhost].[/] - Initializing Spring DispatcherServlet 'dispatcherServlet'
2025-07-03 14:53:29 [http-nio-8081-exec-1] INFO  o.s.web.servlet.DispatcherServlet - Initializing Servlet 'dispatcherServlet'
2025-07-03 14:53:29 [http-nio-8081-exec-1] DEBUG o.s.web.servlet.DispatcherServlet - Detected StandardServletMultipartResolver
2025-07-03 14:53:29 [http-nio-8081-exec-1] DEBUG o.s.web.servlet.DispatcherServlet - Detected AcceptHeaderLocaleResolver
2025-07-03 14:53:29 [http-nio-8081-exec-1] DEBUG o.s.web.servlet.DispatcherServlet - Detected FixedThemeResolver
2025-07-03 14:53:29 [http-nio-8081-exec-1] DEBUG o.s.web.servlet.DispatcherServlet - Detected org.springframework.web.servlet.view.DefaultRequestToViewNameTranslator@363d3958
2025-07-03 14:53:29 [http-nio-8081-exec-1] DEBUG o.s.web.servlet.DispatcherServlet - Detected org.springframework.web.servlet.support.SessionFlashMapManager@6193a9e2
2025-07-03 14:53:29 [http-nio-8081-exec-1] DEBUG o.s.web.servlet.DispatcherServlet - enableLoggingRequestDetails='false': request parameters and headers will be masked to prevent unsafe logging of potentially sensitive data
2025-07-03 14:53:29 [http-nio-8081-exec-1] INFO  o.s.web.servlet.DispatcherServlet - Completed initialization in 6 ms
2025-07-03 14:53:29 [http-nio-8081-exec-1] DEBUG o.s.web.servlet.DispatcherServlet - POST "/auth/token", parameters={}
2025-07-03 14:53:29 [http-nio-8081-exec-1] DEBUG o.s.w.s.m.m.a.RequestMappingHandlerMapping - Mapped to com.example.springboot.controller.AuthController#getToken(AuthRequest)
2025-07-03 14:53:30 [http-nio-8081-exec-1] DEBUG o.s.w.s.m.m.a.RequestResponseBodyMethodProcessor - Read "application/json;charset=UTF-8" to [com.example.springboot.dto.AuthRequest@ce619ff]
2025-07-03 14:53:30 [http-nio-8081-exec-1] DEBUG o.s.w.s.m.m.a.HttpEntityMethodProcessor - Using 'application/json', given [application/json, text/plain, */*] and supported [application/json, application/*+json]
2025-07-03 14:53:30 [http-nio-8081-exec-1] DEBUG o.s.w.s.m.m.a.HttpEntityMethodProcessor - Writing [{token=eyJhbGciOiJSUzI1NiJ9.eyJzdWIiOiJhbmlsIiwicm9sZXMiOlsiQURNSU4iXSwiaWF0IjoxNzUxNTM0NjEwLCJleHAi (truncated)...]
2025-07-03 14:53:30 [http-nio-8081-exec-1] DEBUG o.s.web.servlet.DispatcherServlet - Completed 200 OK
2025-07-03 14:53:30 [http-nio-8081-exec-2] DEBUG o.s.web.servlet.DispatcherServlet - GET "/employees/all", parameters={}
2025-07-03 14:53:30 [http-nio-8081-exec-2] DEBUG o.s.w.s.m.m.a.RequestMappingHandlerMapping - Mapped to com.example.springboot.controller.EmployeeController#getAll()
2025-07-03 14:53:30 [http-nio-8081-exec-2] INFO  c.e.s.controller.EmployeeController - Fetching all employees
2025-07-03 14:53:30 [http-nio-8081-exec-2] DEBUG o.s.w.s.m.m.a.RequestResponseBodyMethodProcessor - Using 'application/json', given [application/json, text/plain, */*] and supported [application/json, application/*+json]
2025-07-03 14:53:30 [http-nio-8081-exec-2] DEBUG o.s.w.s.m.m.a.RequestResponseBodyMethodProcessor - Writing [[EmployeeDTO(id=1, firstName=Anuradha, lastName=Shrivastava, email=anuradha@example.com, department= (truncated)...]
2025-07-03 14:53:30 [http-nio-8081-exec-2] DEBUG o.s.web.servlet.DispatcherServlet - Completed 200 OK
2025-07-03 14:55:33 [http-nio-8081-exec-4] DEBUG o.s.web.servlet.DispatcherServlet - GET "/", parameters={}
2025-07-03 14:55:33 [http-nio-8081-exec-4] DEBUG o.s.w.s.v.ContentNegotiatingViewResolver - Selected 'text/html' given [text/html, application/xhtml+xml, image/avif, image/webp, image/apng, application/xml;q=0.9, */*;q=0.8, application/signed-exchange;v=b3;q=0.7]
2025-07-03 14:55:33 [http-nio-8081-exec-4] DEBUG o.s.w.s.view.InternalResourceView - View name 'forward:', model {}
2025-07-03 14:55:33 [http-nio-8081-exec-4] DEBUG o.s.w.s.view.InternalResourceView - Forwarding to [index.html]
2025-07-03 14:55:33 [http-nio-8081-exec-4] DEBUG o.s.web.servlet.DispatcherServlet - "FORWARD" dispatch for GET "/index.html", parameters={}
2025-07-03 14:55:33 [http-nio-8081-exec-4] DEBUG o.s.w.s.h.SimpleUrlHandlerMapping - Mapped to ResourceHttpRequestHandler [classpath [META-INF/resources/], classpath [resources/], classpath [static/], classpath [public/], ServletContext [/]]
2025-07-03 14:55:33 [http-nio-8081-exec-4] DEBUG o.s.web.servlet.DispatcherServlet - Exiting from "FORWARD" dispatch, status 200
2025-07-03 14:55:33 [http-nio-8081-exec-4] DEBUG o.s.web.servlet.DispatcherServlet - Completed 200 OK
2025-07-03 14:55:33 [http-nio-8081-exec-6] DEBUG o.s.web.servlet.DispatcherServlet - GET "/static/css/main.e6c13ad2.css", parameters={}
2025-07-03 14:55:33 [http-nio-8081-exec-5] DEBUG o.s.web.servlet.DispatcherServlet - GET "/static/js/main.5227ef0c.js", parameters={}
2025-07-03 14:55:33 [http-nio-8081-exec-6] DEBUG o.s.w.s.h.SimpleUrlHandlerMapping - Mapped to ResourceHttpRequestHandler [classpath [META-INF/resources/], classpath [resources/], classpath [static/], classpath [public/], ServletContext [/]]
2025-07-03 14:55:33 [http-nio-8081-exec-5] DEBUG o.s.w.s.h.SimpleUrlHandlerMapping - Mapped to ResourceHttpRequestHandler [classpath [META-INF/resources/], classpath [resources/], classpath [static/], classpath [public/], ServletContext [/]]
2025-07-03 14:55:33 [http-nio-8081-exec-6] DEBUG o.s.web.servlet.DispatcherServlet - Completed 200 OK
2025-07-03 14:55:33 [http-nio-8081-exec-5] DEBUG o.s.web.servlet.DispatcherServlet - Completed 200 OK
2025-07-03 14:55:33 [http-nio-8081-exec-8] DEBUG o.s.web.servlet.DispatcherServlet - GET "/static/css/main.e6c13ad2.css.map", parameters={}
2025-07-03 14:55:33 [http-nio-8081-exec-8] DEBUG o.s.w.s.h.SimpleUrlHandlerMapping - Mapped to ResourceHttpRequestHandler [classpath [META-INF/resources/], classpath [resources/], classpath [static/], classpath [public/], ServletContext [/]]
2025-07-03 14:55:33 [http-nio-8081-exec-8] DEBUG o.s.web.servlet.DispatcherServlet - Completed 200 OK
2025-07-03 14:55:33 [http-nio-8081-exec-8] DEBUG o.s.web.servlet.DispatcherServlet - GET "/static/js/main.5227ef0c.js.map", parameters={}
2025-07-03 14:55:33 [http-nio-8081-exec-8] DEBUG o.s.w.s.h.SimpleUrlHandlerMapping - Mapped to ResourceHttpRequestHandler [classpath [META-INF/resources/], classpath [resources/], classpath [static/], classpath [public/], ServletContext [/]]
2025-07-03 14:55:33 [http-nio-8081-exec-9] DEBUG o.s.web.servlet.DispatcherServlet - GET "/employees/all", parameters={}
2025-07-03 14:55:33 [http-nio-8081-exec-9] DEBUG o.s.w.s.m.m.a.RequestMappingHandlerMapping - Mapped to com.example.springboot.controller.EmployeeController#getAll()
2025-07-03 14:55:33 [http-nio-8081-exec-9] INFO  c.e.s.controller.EmployeeController - Fetching all employees
2025-07-03 14:55:33 [http-nio-8081-exec-8] DEBUG o.s.web.servlet.DispatcherServlet - Completed 200 OK
2025-07-03 14:55:33 [http-nio-8081-exec-10] DEBUG o.s.web.servlet.DispatcherServlet - GET "/manifest.json", parameters={}
2025-07-03 14:55:33 [http-nio-8081-exec-10] DEBUG o.s.w.s.h.SimpleUrlHandlerMapping - Mapped to ResourceHttpRequestHandler [classpath [META-INF/resources/], classpath [resources/], classpath [static/], classpath [public/], ServletContext [/]]
2025-07-03 14:55:33 [http-nio-8081-exec-10] DEBUG o.s.web.servlet.DispatcherServlet - Completed 200 OK
2025-07-03 14:55:33 [http-nio-8081-exec-9] DEBUG o.s.w.s.m.m.a.RequestResponseBodyMethodProcessor - Using 'application/json', given [application/json, text/plain, */*] and supported [application/json, application/*+json]
2025-07-03 14:55:33 [http-nio-8081-exec-9] DEBUG o.s.w.s.m.m.a.RequestResponseBodyMethodProcessor - Writing [[EmployeeDTO(id=1, firstName=Anuradha, lastName=Shrivastava, email=anuradha@example.com, department= (truncated)...]
2025-07-03 14:55:33 [http-nio-8081-exec-9] DEBUG o.s.web.servlet.DispatcherServlet - Completed 200 OK
2025-07-03 14:55:33 [http-nio-8081-exec-1] DEBUG o.s.web.servlet.DispatcherServlet - GET "/logo192.png", parameters={}
2025-07-03 14:55:33 [http-nio-8081-exec-1] DEBUG o.s.w.s.h.SimpleUrlHandlerMapping - Mapped to ResourceHttpRequestHandler [classpath [META-INF/resources/], classpath [resources/], classpath [static/], classpath [public/], ServletContext [/]]
2025-07-03 14:55:33 [http-nio-8081-exec-7] DEBUG o.s.web.servlet.DispatcherServlet - GET "/.well-known/appspecific/com.chrome.devtools.json", parameters={}
2025-07-03 14:55:33 [http-nio-8081-exec-7] DEBUG o.s.w.s.h.SimpleUrlHandlerMapping - Mapped to ResourceHttpRequestHandler [classpath [META-INF/resources/], classpath [resources/], classpath [static/], classpath [public/], ServletContext [/]]
2025-07-03 14:55:33 [http-nio-8081-exec-1] DEBUG o.s.web.servlet.DispatcherServlet - Completed 200 OK
2025-07-03 14:55:33 [http-nio-8081-exec-7] DEBUG o.s.w.s.r.ResourceHttpRequestHandler - Resource not found
2025-07-03 14:55:33 [http-nio-8081-exec-7] DEBUG o.s.w.s.m.s.DefaultHandlerExceptionResolver - Resolved [org.springframework.web.servlet.resource.NoResourceFoundException: No static resource .well-known/appspecific/com.chrome.devtools.json.]
2025-07-03 14:55:33 [http-nio-8081-exec-7] DEBUG o.s.web.servlet.DispatcherServlet - Completed 404 NOT_FOUND
2025-07-03 14:55:33 [http-nio-8081-exec-7] DEBUG o.s.web.servlet.DispatcherServlet - "ERROR" dispatch for GET "/error", parameters={}
2025-07-03 14:55:33 [http-nio-8081-exec-7] DEBUG o.s.w.s.m.m.a.RequestMappingHandlerMapping - Mapped to org.springframework.boot.autoconfigure.web.servlet.error.BasicErrorController#error(HttpServletRequest)
2025-07-03 14:55:33 [http-nio-8081-exec-7] DEBUG o.s.w.s.m.m.a.HttpEntityMethodProcessor - Using 'application/json', given [*/*] and supported [application/json, application/*+json]
2025-07-03 14:55:33 [http-nio-8081-exec-7] DEBUG o.s.w.s.m.m.a.HttpEntityMethodProcessor - Writing [{timestamp=Thu Jul 03 14:55:33 IST 2025, status=404, error=Not Found, message=No static resource .we (truncated)...]
2025-07-03 14:55:33 [http-nio-8081-exec-7] DEBUG o.s.web.servlet.DispatcherServlet - Exiting from "ERROR" dispatch, status 404
2025-07-03 14:56:05 [http-nio-8081-exec-2] DEBUG o.s.web.servlet.DispatcherServlet - GET "/employees/all", parameters={}
2025-07-03 14:56:05 [http-nio-8081-exec-2] DEBUG o.s.w.s.m.m.a.RequestMappingHandlerMapping - Mapped to com.example.springboot.controller.EmployeeController#getAll()
2025-07-03 14:56:05 [http-nio-8081-exec-2] INFO  c.e.s.controller.EmployeeController - Fetching all employees
2025-07-03 14:56:05 [http-nio-8081-exec-2] DEBUG o.s.w.s.m.m.a.RequestResponseBodyMethodProcessor - Using 'application/json', given [application/json, text/plain, */*] and supported [application/json, application/*+json]
2025-07-03 14:56:05 [http-nio-8081-exec-2] DEBUG o.s.w.s.m.m.a.RequestResponseBodyMethodProcessor - Writing [[EmployeeDTO(id=1, firstName=Anuradha, lastName=Shrivastava, email=anuradha@example.com, department= (truncated)...]
2025-07-03 14:56:05 [http-nio-8081-exec-2] DEBUG o.s.web.servlet.DispatcherServlet - Completed 200 OK
2025-07-03 14:56:26 [http-nio-8081-exec-3] DEBUG o.s.web.servlet.DispatcherServlet - GET "/employees/all", parameters={}
2025-07-03 14:56:26 [http-nio-8081-exec-3] DEBUG o.s.w.s.m.m.a.RequestMappingHandlerMapping - Mapped to com.example.springboot.controller.EmployeeController#getAll()
2025-07-03 14:56:26 [http-nio-8081-exec-3] INFO  c.e.s.controller.EmployeeController - Fetching all employees
2025-07-03 14:56:26 [http-nio-8081-exec-3] DEBUG o.s.w.s.m.m.a.RequestResponseBodyMethodProcessor - Using 'application/json', given [application/json, text/plain, */*] and supported [application/json, application/*+json]
2025-07-03 14:56:26 [http-nio-8081-exec-3] DEBUG o.s.w.s.m.m.a.RequestResponseBodyMethodProcessor - Writing [[EmployeeDTO(id=1, firstName=Anuradha, lastName=Shrivastava, email=anuradha@example.com, department= (truncated)...]
2025-07-03 14:56:26 [http-nio-8081-exec-3] DEBUG o.s.web.servlet.DispatcherServlet - Completed 200 OK
2025-07-03 14:56:37 [http-nio-8081-exec-5] DEBUG o.s.web.servlet.DispatcherServlet - GET "/employees/all", parameters={}
2025-07-03 14:56:37 [http-nio-8081-exec-5] DEBUG o.s.w.s.m.m.a.RequestMappingHandlerMapping - Mapped to com.example.springboot.controller.EmployeeController#getAll()
2025-07-03 14:56:37 [http-nio-8081-exec-5] INFO  c.e.s.controller.EmployeeController - Fetching all employees
2025-07-03 14:56:37 [http-nio-8081-exec-5] DEBUG o.s.w.s.m.m.a.RequestResponseBodyMethodProcessor - Using 'application/json', given [application/json, text/plain, */*] and supported [application/json, application/*+json]
2025-07-03 14:56:37 [http-nio-8081-exec-5] DEBUG o.s.w.s.m.m.a.RequestResponseBodyMethodProcessor - Writing [[EmployeeDTO(id=1, firstName=Anuradha, lastName=Shrivastava, email=anuradha@example.com, department= (truncated)...]
2025-07-03 14:56:37 [http-nio-8081-exec-5] DEBUG o.s.web.servlet.DispatcherServlet - Completed 200 OK
2025-07-03 15:02:12 [http-nio-8081-exec-10] DEBUG o.s.web.servlet.DispatcherServlet - GET "/swagger-ui/index.html", parameters={}
2025-07-03 15:02:12 [http-nio-8081-exec-10] DEBUG o.s.w.s.h.SimpleUrlHandlerMapping - Mapped to ResourceHttpRequestHandler [classpath [META-INF/resources/webjars/]]
2025-07-03 15:02:12 [http-nio-8081-exec-10] DEBUG o.s.web.servlet.DispatcherServlet - Completed 200 OK
2025-07-03 15:02:12 [http-nio-8081-exec-9] DEBUG o.s.web.servlet.DispatcherServlet - GET "/swagger-ui/swagger-ui.css", parameters={}
2025-07-03 15:02:12 [http-nio-8081-exec-9] DEBUG o.s.w.s.h.SimpleUrlHandlerMapping - Mapped to ResourceHttpRequestHandler [classpath [META-INF/resources/webjars/]]
2025-07-03 15:02:12 [http-nio-8081-exec-1] DEBUG o.s.web.servlet.DispatcherServlet - GET "/swagger-ui/index.css", parameters={}
2025-07-03 15:02:12 [http-nio-8081-exec-2] DEBUG o.s.web.servlet.DispatcherServlet - GET "/swagger-ui/swagger-ui-standalone-preset.js", parameters={}
2025-07-03 15:02:12 [http-nio-8081-exec-1] DEBUG o.s.w.s.h.SimpleUrlHandlerMapping - Mapped to ResourceHttpRequestHandler [classpath [META-INF/resources/webjars/]]
2025-07-03 15:02:12 [http-nio-8081-exec-2] DEBUG o.s.w.s.h.SimpleUrlHandlerMapping - Mapped to ResourceHttpRequestHandler [classpath [META-INF/resources/webjars/]]
2025-07-03 15:02:12 [http-nio-8081-exec-3] DEBUG o.s.web.servlet.DispatcherServlet - GET "/swagger-ui/swagger-initializer.js", parameters={}
2025-07-03 15:02:12 [http-nio-8081-exec-3] DEBUG o.s.w.s.h.SimpleUrlHandlerMapping - Mapped to ResourceHttpRequestHandler [classpath [META-INF/resources/webjars/]]
2025-07-03 15:02:12 [http-nio-8081-exec-7] DEBUG o.s.web.servlet.DispatcherServlet - GET "/swagger-ui/swagger-ui-bundle.js", parameters={}
2025-07-03 15:02:12 [http-nio-8081-exec-7] DEBUG o.s.w.s.h.SimpleUrlHandlerMapping - Mapped to ResourceHttpRequestHandler [classpath [META-INF/resources/webjars/]]
2025-07-03 15:02:12 [http-nio-8081-exec-9] DEBUG o.s.web.servlet.DispatcherServlet - Completed 200 OK
2025-07-03 15:02:12 [http-nio-8081-exec-1] DEBUG o.s.web.servlet.DispatcherServlet - Completed 200 OK
2025-07-03 15:02:12 [http-nio-8081-exec-2] DEBUG o.s.web.servlet.DispatcherServlet - Completed 200 OK
2025-07-03 15:02:12 [http-nio-8081-exec-7] DEBUG o.s.web.servlet.DispatcherServlet - Completed 200 OK
2025-07-03 15:02:12 [http-nio-8081-exec-3] DEBUG o.s.web.servlet.DispatcherServlet - Completed 200 OK
2025-07-03 15:02:12 [http-nio-8081-exec-6] DEBUG o.s.web.servlet.DispatcherServlet - GET "/v3/api-docs/swagger-config", parameters={}
2025-07-03 15:02:12 [http-nio-8081-exec-6] DEBUG o.s.w.s.m.m.a.RequestMappingHandlerMapping - Mapped to org.springdoc.webmvc.ui.SwaggerConfigResource#openapiJson(HttpServletRequest)
2025-07-03 15:02:12 [http-nio-8081-exec-6] DEBUG o.s.w.s.m.m.a.RequestResponseBodyMethodProcessor - Using 'application/json', given [*/*] and supported [application/json]
2025-07-03 15:02:12 [http-nio-8081-exec-6] DEBUG o.s.w.s.m.m.a.RequestResponseBodyMethodProcessor - Writing [{configUrl=/v3/api-docs/swagger-config, oauth2RedirectUrl=http://localhost:8081/swagger-ui/oauth2-re (truncated)...]
2025-07-03 15:02:12 [http-nio-8081-exec-6] DEBUG o.s.web.servlet.DispatcherServlet - Completed 200 OK
2025-07-03 15:02:12 [http-nio-8081-exec-4] DEBUG o.s.web.servlet.DispatcherServlet - GET "/swagger-ui/favicon-32x32.png", parameters={}
2025-07-03 15:02:12 [http-nio-8081-exec-4] DEBUG o.s.w.s.h.SimpleUrlHandlerMapping - Mapped to ResourceHttpRequestHandler [classpath [META-INF/resources/webjars/]]
2025-07-03 15:02:12 [http-nio-8081-exec-4] DEBUG o.s.web.servlet.DispatcherServlet - Completed 200 OK
2025-07-03 15:02:12 [http-nio-8081-exec-5] DEBUG o.s.web.servlet.DispatcherServlet - GET "/v3/api-docs", parameters={}
2025-07-03 15:02:12 [http-nio-8081-exec-5] DEBUG o.s.w.s.m.m.a.RequestMappingHandlerMapping - Mapped to org.springdoc.webmvc.api.OpenApiWebMvcResource#openapiJson(HttpServletRequest, String, Locale)
2025-07-03 15:02:12 [http-nio-8081-exec-8] DEBUG o.s.web.servlet.DispatcherServlet - GET "/swagger-ui/favicon-32x32.png", parameters={}
2025-07-03 15:02:12 [http-nio-8081-exec-8] DEBUG o.s.w.s.h.SimpleUrlHandlerMapping - Mapped to ResourceHttpRequestHandler [classpath [META-INF/resources/webjars/]]
2025-07-03 15:02:12 [http-nio-8081-exec-8] DEBUG o.s.web.servlet.DispatcherServlet - Completed 200 OK
2025-07-03 15:02:12 [http-nio-8081-exec-5] INFO  o.s.api.AbstractOpenApiResource - Init duration for springdoc-openapi is: 271 ms
2025-07-03 15:02:12 [http-nio-8081-exec-5] DEBUG o.s.w.s.m.m.a.RequestResponseBodyMethodProcessor - Using 'application/json', given [application/json, */*] and supported [application/json]
2025-07-03 15:02:12 [http-nio-8081-exec-5] DEBUG o.s.w.s.m.m.a.RequestResponseBodyMethodProcessor - Writing [{123, 34, 111, 112, 101, 110, 97, 112, 105, 34, 58, 34, 51, 46, 48, 46, 49, 34, 44, 34, 105, 110, 10 (truncated)...]
2025-07-03 15:02:12 [http-nio-8081-exec-5] DEBUG o.s.web.servlet.DispatcherServlet - Completed 200 OK
2025-07-03 15:04:17 [http-nio-8081-exec-8] DEBUG o.s.web.servlet.DispatcherServlet - GET "/employees/all", parameters={}
2025-07-03 15:04:17 [http-nio-8081-exec-8] DEBUG o.s.w.s.m.m.a.RequestMappingHandlerMapping - Mapped to com.example.springboot.controller.EmployeeController#getAll()
2025-07-03 15:04:17 [http-nio-8081-exec-8] INFO  c.e.s.controller.EmployeeController - Fetching all employees
2025-07-03 15:04:17 [http-nio-8081-exec-8] DEBUG o.s.w.s.m.m.a.RequestResponseBodyMethodProcessor - Using 'application/json', given [application/json, text/plain, */*] and supported [application/json, application/*+json]
2025-07-03 15:04:17 [http-nio-8081-exec-8] DEBUG o.s.w.s.m.m.a.RequestResponseBodyMethodProcessor - Writing [[EmployeeDTO(id=1, firstName=Anuradha, lastName=Shrivastava, email=anuradha@example.com, department= (truncated)...]
2025-07-03 15:04:17 [http-nio-8081-exec-8] DEBUG o.s.web.servlet.DispatcherServlet - Completed 200 OK
2025-07-03 15:06:40 [SpringApplicationShutdownHook] INFO  o.s.o.j.LocalContainerEntityManagerFactoryBean - Closing JPA EntityManagerFactory for persistence unit 'default'
2025-07-03 15:06:40 [SpringApplicationShutdownHook] INFO  com.zaxxer.hikari.HikariDataSource - HikariPool-1 - Shutdown initiated...
2025-07-03 15:06:40 [SpringApplicationShutdownHook] INFO  com.zaxxer.hikari.HikariDataSource - HikariPool-1 - Shutdown completed.
2025-07-03 15:06:57 [main] INFO  com.example.springboot.Application - Starting Application using Java 17.0.15 with PID 35441 (/Users/anilshrivastava/Downloads/gs-spring-boot/complete/target/classes started by anilshrivastava in /Users/anilshrivastava/Downloads/gs-spring-boot/complete)
2025-07-03 15:06:57 [main] DEBUG com.example.springboot.Application - Running with Spring Boot v3.3.0, Spring v6.1.8
2025-07-03 15:06:57 [main] INFO  com.example.springboot.Application - The following 1 profile is active: "dev"
2025-07-03 15:06:58 [main] INFO  o.s.d.r.c.RepositoryConfigurationDelegate - Bootstrapping Spring Data JPA repositories in DEFAULT mode.
2025-07-03 15:06:58 [main] INFO  o.s.d.r.c.RepositoryConfigurationDelegate - Finished Spring Data repository scanning in 18 ms. Found 2 JPA repository interfaces.
2025-07-03 15:06:58 [main] INFO  o.s.b.w.e.tomcat.TomcatWebServer - Tomcat initialized with port 8081 (http)
2025-07-03 15:06:58 [main] INFO  o.a.catalina.core.StandardService - Starting service [Tomcat]
2025-07-03 15:06:58 [main] INFO  o.a.catalina.core.StandardEngine - Starting Servlet engine: [Apache Tomcat/10.1.24]
2025-07-03 15:06:58 [main] INFO  o.a.c.c.C.[Tomcat].[localhost].[/] - Initializing Spring embedded WebApplicationContext
2025-07-03 15:06:58 [main] INFO  o.s.b.w.s.c.ServletWebServerApplicationContext - Root WebApplicationContext: initialization completed in 698 ms
2025-07-03 15:06:58 [main] DEBUG o.s.w.f.ServerHttpObservationFilter - Filter 'webMvcObservationFilter' configured for use
2025-07-03 15:06:58 [main] INFO  o.h.jpa.internal.util.LogHelper - HHH000204: Processing PersistenceUnitInfo [name: default]
2025-07-03 15:06:58 [main] INFO  org.hibernate.Version - HHH000412: Hibernate ORM core version 6.5.2.Final
2025-07-03 15:06:58 [main] INFO  o.h.c.i.RegionFactoryInitiator - HHH000026: Second-level cache disabled
2025-07-03 15:06:58 [main] INFO  o.s.o.j.p.SpringPersistenceUnitInfo - No LoadTimeWeaver setup: ignoring JPA class transformer
2025-07-03 15:06:58 [main] INFO  com.zaxxer.hikari.HikariDataSource - HikariPool-1 - Starting...
2025-07-03 15:06:58 [main] INFO  com.zaxxer.hikari.pool.HikariPool - HikariPool-1 - Added connection org.postgresql.jdbc.PgConnection@4e357792
2025-07-03 15:06:58 [main] INFO  com.zaxxer.hikari.HikariDataSource - HikariPool-1 - Start completed.
2025-07-03 15:06:58 [main] WARN  org.hibernate.orm.deprecation - HHH90000025: PostgreSQLDialect does not need to be specified explicitly using 'hibernate.dialect' (remove the property setting and it will be selected by default)
2025-07-03 15:06:59 [main] INFO  o.h.e.t.j.p.i.JtaPlatformInitiator - HHH000489: No JTA platform available (set 'hibernate.transaction.jta.platform' to enable JTA platform integration)
2025-07-03 15:06:59 [main] INFO  o.s.o.j.LocalContainerEntityManagerFactoryBean - Initialized JPA EntityManagerFactory for persistence unit 'default'
2025-07-03 15:06:59 [main] INFO  o.s.s.c.a.a.c.InitializeUserDetailsBeanManagerConfigurer$InitializeUserDetailsManagerConfigurer - Global AuthenticationManager configured with UserDetailsService bean with name customUserDetailsService
2025-07-03 15:06:59 [main] WARN  o.s.b.a.o.j.JpaBaseConfiguration$JpaWebConfiguration - spring.jpa.open-in-view is enabled by default. Therefore, database queries may be performed during view rendering. Explicitly configure spring.jpa.open-in-view to disable this warning
2025-07-03 15:06:59 [main] INFO  o.s.b.a.w.s.WelcomePageHandlerMapping - Adding welcome page: class path resource [static/index.html]
2025-07-03 15:06:59 [main] DEBUG o.s.w.s.m.m.a.RequestMappingHandlerMapping - 17 mappings in 'requestMappingHandlerMapping'
2025-07-03 15:06:59 [main] DEBUG o.s.w.s.h.SimpleUrlHandlerMapping - Patterns [/webjars/**, /**, /swagger-ui*/*swagger-initializer.js, /swagger-ui*/**] in 'resourceHandlerMapping'
2025-07-03 15:06:59 [main] INFO  o.s.b.a.e.web.EndpointLinksResolver - Exposing 15 endpoints beneath base path '/actuator'
2025-07-03 15:06:59 [main] INFO  o.s.s.web.DefaultSecurityFilterChain - Will secure any request with [org.springframework.security.web.session.DisableEncodeUrlFilter@7ef8cfbb, org.springframework.security.web.context.request.async.WebAsyncManagerIntegrationFilter@17d3bf09, org.springframework.security.web.context.SecurityContextHolderFilter@76a13b12, org.springframework.security.web.header.HeaderWriterFilter@7356ec91, org.springframework.web.filter.CorsFilter@a49995f, org.springframework.security.web.authentication.logout.LogoutFilter@495cac83, org.springframework.security.oauth2.server.resource.web.authentication.BearerTokenAuthenticationFilter@25058759, org.springframework.security.web.authentication.www.BasicAuthenticationFilter@43f23338, org.springframework.security.web.savedrequest.RequestCacheAwareFilter@70ba01be, org.springframework.security.web.servletapi.SecurityContextHolderAwareRequestFilter@4a57ad67, org.springframework.security.web.authentication.AnonymousAuthenticationFilter@2cb95c6c, org.springframework.security.web.access.ExceptionTranslationFilter@34e4a136, org.springframework.security.web.access.intercept.AuthorizationFilter@3b870ed3]
2025-07-03 15:06:59 [main] DEBUG o.s.w.s.m.m.a.RequestMappingHandlerAdapter - ControllerAdvice beans: 0 @ModelAttribute, 0 @InitBinder, 1 RequestBodyAdvice, 1 ResponseBodyAdvice
2025-07-03 15:06:59 [main] DEBUG o.s.w.s.m.m.a.ExceptionHandlerExceptionResolver - ControllerAdvice beans: 2 @ExceptionHandler, 1 ResponseBodyAdvice
2025-07-03 15:07:00 [main] INFO  o.s.b.w.e.tomcat.TomcatWebServer - Tomcat started on port 8081 (http) with context path '/'
2025-07-03 15:07:00 [main] INFO  com.example.springboot.Application - Started Application in 2.445 seconds (process running for 2.579)
2025-07-03 15:07:19 [http-nio-8081-exec-1] INFO  o.a.c.c.C.[Tomcat].[localhost].[/] - Initializing Spring DispatcherServlet 'dispatcherServlet'
2025-07-03 15:07:19 [http-nio-8081-exec-1] INFO  o.s.web.servlet.DispatcherServlet - Initializing Servlet 'dispatcherServlet'
2025-07-03 15:07:19 [http-nio-8081-exec-1] DEBUG o.s.web.servlet.DispatcherServlet - Detected StandardServletMultipartResolver
2025-07-03 15:07:19 [http-nio-8081-exec-1] DEBUG o.s.web.servlet.DispatcherServlet - Detected AcceptHeaderLocaleResolver
2025-07-03 15:07:19 [http-nio-8081-exec-1] DEBUG o.s.web.servlet.DispatcherServlet - Detected FixedThemeResolver
2025-07-03 15:07:19 [http-nio-8081-exec-1] DEBUG o.s.web.servlet.DispatcherServlet - Detected org.springframework.web.servlet.view.DefaultRequestToViewNameTranslator@55c75b72
2025-07-03 15:07:19 [http-nio-8081-exec-1] DEBUG o.s.web.servlet.DispatcherServlet - Detected org.springframework.web.servlet.support.SessionFlashMapManager@136d1d58
2025-07-03 15:07:19 [http-nio-8081-exec-1] DEBUG o.s.web.servlet.DispatcherServlet - enableLoggingRequestDetails='false': request parameters and headers will be masked to prevent unsafe logging of potentially sensitive data
2025-07-03 15:07:19 [http-nio-8081-exec-1] INFO  o.s.web.servlet.DispatcherServlet - Completed initialization in 6 ms
2025-07-03 15:07:19 [http-nio-8081-exec-1] DEBUG o.s.web.servlet.DispatcherServlet - POST "/auth/token", parameters={}
2025-07-03 15:07:19 [http-nio-8081-exec-1] DEBUG o.s.w.s.m.m.a.RequestMappingHandlerMapping - Mapped to com.example.springboot.controller.AuthController#getToken(AuthRequest)
2025-07-03 15:07:19 [http-nio-8081-exec-1] DEBUG o.s.w.s.m.m.a.RequestResponseBodyMethodProcessor - Read "application/json;charset=UTF-8" to [com.example.springboot.dto.AuthRequest@2cb3dd9a]
2025-07-03 15:07:20 [http-nio-8081-exec-1] DEBUG o.s.w.s.m.m.a.HttpEntityMethodProcessor - Using 'application/json', given [application/json, text/plain, */*] and supported [application/json, application/*+json]
2025-07-03 15:07:20 [http-nio-8081-exec-1] DEBUG o.s.w.s.m.m.a.HttpEntityMethodProcessor - Writing [{token=eyJhbGciOiJSUzI1NiJ9.eyJzdWIiOiJhbmlsIiwicm9sZXMiOlsiQURNSU4iXSwiaWF0IjoxNzUxNTM1NDQwLCJleHAi (truncated)...]
2025-07-03 15:07:20 [http-nio-8081-exec-1] DEBUG o.s.web.servlet.DispatcherServlet - Completed 200 OK
2025-07-03 15:07:20 [http-nio-8081-exec-2] DEBUG o.s.web.servlet.DispatcherServlet - GET "/employees/all", parameters={}
2025-07-03 15:07:20 [http-nio-8081-exec-2] DEBUG o.s.w.s.m.m.a.RequestMappingHandlerMapping - Mapped to com.example.springboot.controller.EmployeeController#getAll()
2025-07-03 15:07:20 [http-nio-8081-exec-2] INFO  c.e.s.controller.EmployeeController - Fetching all employees
2025-07-03 15:07:20 [http-nio-8081-exec-2] DEBUG o.s.w.s.m.m.a.RequestResponseBodyMethodProcessor - Using 'application/json', given [application/json, text/plain, */*] and supported [application/json, application/*+json]
2025-07-03 15:07:20 [http-nio-8081-exec-2] DEBUG o.s.w.s.m.m.a.RequestResponseBodyMethodProcessor - Writing [[EmployeeDTO(id=1, firstName=Anuradha, lastName=Shrivastava, email=anuradha@example.com, department= (truncated)...]
2025-07-03 15:07:20 [http-nio-8081-exec-2] DEBUG o.s.web.servlet.DispatcherServlet - Completed 200 OK
2025-07-03 15:07:23 [http-nio-8081-exec-3] DEBUG o.s.web.servlet.DispatcherServlet - GET "/employees/all", parameters={}
2025-07-03 15:07:23 [http-nio-8081-exec-3] DEBUG o.s.w.s.m.m.a.RequestMappingHandlerMapping - Mapped to com.example.springboot.controller.EmployeeController#getAll()
2025-07-03 15:07:23 [http-nio-8081-exec-3] INFO  c.e.s.controller.EmployeeController - Fetching all employees
2025-07-03 15:07:23 [http-nio-8081-exec-3] DEBUG o.s.w.s.m.m.a.RequestResponseBodyMethodProcessor - Using 'application/json', given [application/json, text/plain, */*] and supported [application/json, application/*+json]
2025-07-03 15:07:23 [http-nio-8081-exec-3] DEBUG o.s.w.s.m.m.a.RequestResponseBodyMethodProcessor - Writing [[EmployeeDTO(id=1, firstName=Anuradha, lastName=Shrivastava, email=anuradha@example.com, department= (truncated)...]
2025-07-03 15:07:23 [http-nio-8081-exec-3] DEBUG o.s.web.servlet.DispatcherServlet - Completed 200 OK
2025-07-03 15:07:52 [SpringApplicationShutdownHook] INFO  o.s.o.j.LocalContainerEntityManagerFactoryBean - Closing JPA EntityManagerFactory for persistence unit 'default'
2025-07-03 15:07:52 [SpringApplicationShutdownHook] INFO  com.zaxxer.hikari.HikariDataSource - HikariPool-1 - Shutdown initiated...
2025-07-03 15:07:52 [SpringApplicationShutdownHook] INFO  com.zaxxer.hikari.HikariDataSource - HikariPool-1 - Shutdown completed.
2025-07-03 15:07:58 [main] INFO  com.example.springboot.Application - Starting Application using Java 17.0.15 with PID 35544 (/Users/anilshrivastava/Downloads/gs-spring-boot/complete/target/classes started by anilshrivastava in /Users/anilshrivastava/Downloads/gs-spring-boot/complete)
2025-07-03 15:07:58 [main] DEBUG com.example.springboot.Application - Running with Spring Boot v3.3.0, Spring v6.1.8
2025-07-03 15:07:58 [main] INFO  com.example.springboot.Application - The following 1 profile is active: "dev"
2025-07-03 15:07:59 [main] INFO  o.s.d.r.c.RepositoryConfigurationDelegate - Bootstrapping Spring Data JPA repositories in DEFAULT mode.
2025-07-03 15:07:59 [main] INFO  o.s.d.r.c.RepositoryConfigurationDelegate - Finished Spring Data repository scanning in 17 ms. Found 2 JPA repository interfaces.
2025-07-03 15:07:59 [main] INFO  o.s.b.w.e.tomcat.TomcatWebServer - Tomcat initialized with port 8081 (http)
2025-07-03 15:07:59 [main] INFO  o.a.catalina.core.StandardService - Starting service [Tomcat]
2025-07-03 15:07:59 [main] INFO  o.a.catalina.core.StandardEngine - Starting Servlet engine: [Apache Tomcat/10.1.24]
2025-07-03 15:07:59 [main] INFO  o.a.c.c.C.[Tomcat].[localhost].[/] - Initializing Spring embedded WebApplicationContext
2025-07-03 15:07:59 [main] INFO  o.s.b.w.s.c.ServletWebServerApplicationContext - Root WebApplicationContext: initialization completed in 768 ms
2025-07-03 15:07:59 [main] DEBUG o.s.w.f.ServerHttpObservationFilter - Filter 'webMvcObservationFilter' configured for use
2025-07-03 15:07:59 [main] INFO  o.h.jpa.internal.util.LogHelper - HHH000204: Processing PersistenceUnitInfo [name: default]
2025-07-03 15:07:59 [main] INFO  org.hibernate.Version - HHH000412: Hibernate ORM core version 6.5.2.Final
2025-07-03 15:07:59 [main] INFO  o.h.c.i.RegionFactoryInitiator - HHH000026: Second-level cache disabled
2025-07-03 15:08:00 [main] INFO  o.s.o.j.p.SpringPersistenceUnitInfo - No LoadTimeWeaver setup: ignoring JPA class transformer
2025-07-03 15:08:00 [main] INFO  com.zaxxer.hikari.HikariDataSource - HikariPool-1 - Starting...
2025-07-03 15:08:00 [main] INFO  com.zaxxer.hikari.pool.HikariPool - HikariPool-1 - Added connection org.postgresql.jdbc.PgConnection@3b8b4846
2025-07-03 15:08:00 [main] INFO  com.zaxxer.hikari.HikariDataSource - HikariPool-1 - Start completed.
2025-07-03 15:08:00 [main] WARN  org.hibernate.orm.deprecation - HHH90000025: PostgreSQLDialect does not need to be specified explicitly using 'hibernate.dialect' (remove the property setting and it will be selected by default)
2025-07-03 15:08:00 [main] INFO  o.h.e.t.j.p.i.JtaPlatformInitiator - HHH000489: No JTA platform available (set 'hibernate.transaction.jta.platform' to enable JTA platform integration)
2025-07-03 15:08:00 [main] INFO  o.s.o.j.LocalContainerEntityManagerFactoryBean - Initialized JPA EntityManagerFactory for persistence unit 'default'
2025-07-03 15:08:00 [main] INFO  o.s.s.c.a.a.c.InitializeUserDetailsBeanManagerConfigurer$InitializeUserDetailsManagerConfigurer - Global AuthenticationManager configured with UserDetailsService bean with name customUserDetailsService
2025-07-03 15:08:00 [main] WARN  o.s.b.a.o.j.JpaBaseConfiguration$JpaWebConfiguration - spring.jpa.open-in-view is enabled by default. Therefore, database queries may be performed during view rendering. Explicitly configure spring.jpa.open-in-view to disable this warning
2025-07-03 15:08:00 [main] INFO  o.s.b.a.w.s.WelcomePageHandlerMapping - Adding welcome page: class path resource [static/index.html]
2025-07-03 15:08:00 [main] DEBUG o.s.w.s.m.m.a.RequestMappingHandlerMapping - 17 mappings in 'requestMappingHandlerMapping'
2025-07-03 15:08:00 [main] DEBUG o.s.w.s.h.SimpleUrlHandlerMapping - Patterns [/webjars/**, /**, /swagger-ui*/*swagger-initializer.js, /swagger-ui*/**] in 'resourceHandlerMapping'
2025-07-03 15:08:01 [main] INFO  o.s.b.a.e.web.EndpointLinksResolver - Exposing 15 endpoints beneath base path '/actuator'
2025-07-03 15:08:01 [main] INFO  o.s.s.web.DefaultSecurityFilterChain - Will secure any request with [org.springframework.security.web.session.DisableEncodeUrlFilter@2c4142f8, org.springframework.security.web.context.request.async.WebAsyncManagerIntegrationFilter@7ef8cfbb, org.springframework.security.web.context.SecurityContextHolderFilter@21b96db, org.springframework.security.web.header.HeaderWriterFilter@49a46f29, org.springframework.web.filter.CorsFilter@17d3bf09, org.springframework.security.web.authentication.logout.LogoutFilter@76958827, org.springframework.security.oauth2.server.resource.web.authentication.BearerTokenAuthenticationFilter@7c48ea9e, org.springframework.security.web.authentication.www.BasicAuthenticationFilter@5b7600ec, org.springframework.security.web.savedrequest.RequestCacheAwareFilter@f3cc2e0, org.springframework.security.web.servletapi.SecurityContextHolderAwareRequestFilter@6a40e660, org.springframework.security.web.authentication.AnonymousAuthenticationFilter@a49995f, org.springframework.security.web.access.ExceptionTranslationFilter@73136174, org.springframework.security.web.access.intercept.AuthorizationFilter@7cbcd27e]
2025-07-03 15:08:01 [main] DEBUG o.s.w.s.m.m.a.RequestMappingHandlerAdapter - ControllerAdvice beans: 0 @ModelAttribute, 0 @InitBinder, 1 RequestBodyAdvice, 1 ResponseBodyAdvice
2025-07-03 15:08:01 [main] DEBUG o.s.w.s.m.m.a.ExceptionHandlerExceptionResolver - ControllerAdvice beans: 2 @ExceptionHandler, 1 ResponseBodyAdvice
2025-07-03 15:08:01 [main] INFO  o.s.b.w.e.tomcat.TomcatWebServer - Tomcat started on port 8081 (http) with context path '/'
2025-07-03 15:08:01 [main] INFO  com.example.springboot.Application - Started Application in 2.593 seconds (process running for 2.734)
2025-07-03 15:08:06 [http-nio-8081-exec-1] INFO  o.a.c.c.C.[Tomcat].[localhost].[/] - Initializing Spring DispatcherServlet 'dispatcherServlet'
2025-07-03 15:08:06 [http-nio-8081-exec-1] INFO  o.s.web.servlet.DispatcherServlet - Initializing Servlet 'dispatcherServlet'
2025-07-03 15:08:06 [http-nio-8081-exec-1] DEBUG o.s.web.servlet.DispatcherServlet - Detected StandardServletMultipartResolver
2025-07-03 15:08:06 [http-nio-8081-exec-1] DEBUG o.s.web.servlet.DispatcherServlet - Detected AcceptHeaderLocaleResolver
2025-07-03 15:08:06 [http-nio-8081-exec-1] DEBUG o.s.web.servlet.DispatcherServlet - Detected FixedThemeResolver
2025-07-03 15:08:06 [http-nio-8081-exec-1] DEBUG o.s.web.servlet.DispatcherServlet - Detected org.springframework.web.servlet.view.DefaultRequestToViewNameTranslator@2d3bb293
2025-07-03 15:08:06 [http-nio-8081-exec-1] DEBUG o.s.web.servlet.DispatcherServlet - Detected org.springframework.web.servlet.support.SessionFlashMapManager@16d7f503
2025-07-03 15:08:06 [http-nio-8081-exec-1] DEBUG o.s.web.servlet.DispatcherServlet - enableLoggingRequestDetails='false': request parameters and headers will be masked to prevent unsafe logging of potentially sensitive data
2025-07-03 15:08:06 [http-nio-8081-exec-1] INFO  o.s.web.servlet.DispatcherServlet - Completed initialization in 2 ms
2025-07-03 15:08:06 [http-nio-8081-exec-1] DEBUG o.s.web.servlet.DispatcherServlet - GET "/", parameters={}
2025-07-03 15:08:06 [http-nio-8081-exec-1] DEBUG o.s.w.s.v.ContentNegotiatingViewResolver - Selected 'text/html' given [text/html, application/xhtml+xml, image/avif, image/webp, image/apng, application/xml;q=0.9, */*;q=0.8, application/signed-exchange;v=b3;q=0.7]
2025-07-03 15:08:06 [http-nio-8081-exec-1] DEBUG o.s.w.s.view.InternalResourceView - View name 'forward:', model {}
2025-07-03 15:08:06 [http-nio-8081-exec-1] DEBUG o.s.w.s.view.InternalResourceView - Forwarding to [index.html]
2025-07-03 15:08:06 [http-nio-8081-exec-1] DEBUG o.s.web.servlet.DispatcherServlet - "FORWARD" dispatch for GET "/index.html", parameters={}
2025-07-03 15:08:06 [http-nio-8081-exec-1] DEBUG o.s.w.s.h.SimpleUrlHandlerMapping - Mapped to ResourceHttpRequestHandler [classpath [META-INF/resources/], classpath [resources/], classpath [static/], classpath [public/], ServletContext [/]]
2025-07-03 15:08:06 [http-nio-8081-exec-1] DEBUG o.s.web.servlet.DispatcherServlet - Exiting from "FORWARD" dispatch, status 200
2025-07-03 15:08:06 [http-nio-8081-exec-1] DEBUG o.s.web.servlet.DispatcherServlet - Completed 200 OK
2025-07-03 15:08:06 [http-nio-8081-exec-2] DEBUG o.s.web.servlet.DispatcherServlet - GET "/static/js/main.5227ef0c.js", parameters={}
2025-07-03 15:08:06 [http-nio-8081-exec-2] DEBUG o.s.w.s.h.SimpleUrlHandlerMapping - Mapped to ResourceHttpRequestHandler [classpath [META-INF/resources/], classpath [resources/], classpath [static/], classpath [public/], ServletContext [/]]
2025-07-03 15:08:06 [http-nio-8081-exec-3] DEBUG o.s.web.servlet.DispatcherServlet - GET "/static/css/main.e6c13ad2.css", parameters={}
2025-07-03 15:08:06 [http-nio-8081-exec-3] DEBUG o.s.w.s.h.SimpleUrlHandlerMapping - Mapped to ResourceHttpRequestHandler [classpath [META-INF/resources/], classpath [resources/], classpath [static/], classpath [public/], ServletContext [/]]
2025-07-03 15:08:06 [http-nio-8081-exec-2] DEBUG o.s.web.servlet.DispatcherServlet - Completed 200 OK
2025-07-03 15:08:06 [http-nio-8081-exec-3] DEBUG o.s.web.servlet.DispatcherServlet - Completed 200 OK
2025-07-03 15:08:06 [http-nio-8081-exec-4] DEBUG o.s.web.servlet.DispatcherServlet - GET "/employees/all", parameters={}
2025-07-03 15:08:06 [http-nio-8081-exec-4] DEBUG o.s.w.s.m.m.a.RequestMappingHandlerMapping - Mapped to com.example.springboot.controller.EmployeeController#getAll()
2025-07-03 15:08:06 [http-nio-8081-exec-4] INFO  c.e.s.controller.EmployeeController - Fetching all employees
2025-07-03 15:08:06 [http-nio-8081-exec-5] DEBUG o.s.web.servlet.DispatcherServlet - GET "/manifest.json", parameters={}
2025-07-03 15:08:06 [http-nio-8081-exec-5] DEBUG o.s.w.s.h.SimpleUrlHandlerMapping - Mapped to ResourceHttpRequestHandler [classpath [META-INF/resources/], classpath [resources/], classpath [static/], classpath [public/], ServletContext [/]]
2025-07-03 15:08:06 [http-nio-8081-exec-5] DEBUG o.s.web.servlet.DispatcherServlet - Completed 200 OK
2025-07-03 15:08:06 [http-nio-8081-exec-6] DEBUG o.s.web.servlet.DispatcherServlet - GET "/logo192.png", parameters={}
2025-07-03 15:08:06 [http-nio-8081-exec-6] DEBUG o.s.w.s.h.SimpleUrlHandlerMapping - Mapped to ResourceHttpRequestHandler [classpath [META-INF/resources/], classpath [resources/], classpath [static/], classpath [public/], ServletContext [/]]
2025-07-03 15:08:06 [http-nio-8081-exec-6] DEBUG o.s.web.servlet.DispatcherServlet - Completed 200 OK
2025-07-03 15:08:06 [http-nio-8081-exec-4] DEBUG o.s.w.s.m.m.a.RequestResponseBodyMethodProcessor - Using 'application/json', given [application/json, text/plain, */*] and supported [application/json, application/*+json]
2025-07-03 15:08:06 [http-nio-8081-exec-4] DEBUG o.s.w.s.m.m.a.RequestResponseBodyMethodProcessor - Writing [[EmployeeDTO(id=1, firstName=Anuradha, lastName=Shrivastava, email=anuradha@example.com, department= (truncated)...]
2025-07-03 15:08:06 [http-nio-8081-exec-4] DEBUG o.s.web.servlet.DispatcherServlet - Completed 200 OK
2025-07-03 15:08:11 [http-nio-8081-exec-10] DEBUG o.s.web.servlet.DispatcherServlet - GET "/employees/all", parameters={}
2025-07-03 15:08:11 [http-nio-8081-exec-10] DEBUG o.s.w.s.m.m.a.RequestMappingHandlerMapping - Mapped to com.example.springboot.controller.EmployeeController#getAll()
2025-07-03 15:08:11 [http-nio-8081-exec-10] INFO  c.e.s.controller.EmployeeController - Fetching all employees
2025-07-03 15:08:11 [http-nio-8081-exec-10] DEBUG o.s.w.s.m.m.a.RequestResponseBodyMethodProcessor - Using 'application/json', given [application/json, text/plain, */*] and supported [application/json, application/*+json]
2025-07-03 15:08:11 [http-nio-8081-exec-10] DEBUG o.s.w.s.m.m.a.RequestResponseBodyMethodProcessor - Writing [[EmployeeDTO(id=1, firstName=Anuradha, lastName=Shrivastava, email=anuradha@example.com, department= (truncated)...]
2025-07-03 15:08:11 [http-nio-8081-exec-10] DEBUG o.s.web.servlet.DispatcherServlet - Completed 200 OK
2025-07-03 15:08:40 [SpringApplicationShutdownHook] INFO  o.s.o.j.LocalContainerEntityManagerFactoryBean - Closing JPA EntityManagerFactory for persistence unit 'default'
2025-07-03 15:08:40 [SpringApplicationShutdownHook] INFO  com.zaxxer.hikari.HikariDataSource - HikariPool-1 - Shutdown initiated...
2025-07-03 15:08:40 [SpringApplicationShutdownHook] INFO  com.zaxxer.hikari.HikariDataSource - HikariPool-1 - Shutdown completed.
2025-07-03 15:08:49 [main] INFO  com.example.springboot.Application - Starting Application using Java 17.0.15 with PID 35639 (/Users/anilshrivastava/Downloads/gs-spring-boot/complete/target/classes started by anilshrivastava in /Users/anilshrivastava/Downloads/gs-spring-boot/complete)
2025-07-03 15:08:49 [main] DEBUG com.example.springboot.Application - Running with Spring Boot v3.3.0, Spring v6.1.8
2025-07-03 15:08:49 [main] INFO  com.example.springboot.Application - The following 1 profile is active: "dev"
2025-07-03 15:08:50 [main] INFO  o.s.d.r.c.RepositoryConfigurationDelegate - Bootstrapping Spring Data JPA repositories in DEFAULT mode.
2025-07-03 15:08:50 [main] INFO  o.s.d.r.c.RepositoryConfigurationDelegate - Finished Spring Data repository scanning in 16 ms. Found 2 JPA repository interfaces.
2025-07-03 15:08:50 [main] INFO  o.s.b.w.e.tomcat.TomcatWebServer - Tomcat initialized with port 8081 (http)
2025-07-03 15:08:50 [main] INFO  o.a.catalina.core.StandardService - Starting service [Tomcat]
2025-07-03 15:08:50 [main] INFO  o.a.catalina.core.StandardEngine - Starting Servlet engine: [Apache Tomcat/10.1.24]
2025-07-03 15:08:50 [main] INFO  o.a.c.c.C.[Tomcat].[localhost].[/] - Initializing Spring embedded WebApplicationContext
2025-07-03 15:08:50 [main] INFO  o.s.b.w.s.c.ServletWebServerApplicationContext - Root WebApplicationContext: initialization completed in 809 ms
2025-07-03 15:08:50 [main] DEBUG o.s.w.f.ServerHttpObservationFilter - Filter 'webMvcObservationFilter' configured for use
2025-07-03 15:08:50 [main] INFO  o.h.jpa.internal.util.LogHelper - HHH000204: Processing PersistenceUnitInfo [name: default]
2025-07-03 15:08:50 [main] INFO  org.hibernate.Version - HHH000412: Hibernate ORM core version 6.5.2.Final
2025-07-03 15:08:50 [main] INFO  o.h.c.i.RegionFactoryInitiator - HHH000026: Second-level cache disabled
2025-07-03 15:08:50 [main] INFO  o.s.o.j.p.SpringPersistenceUnitInfo - No LoadTimeWeaver setup: ignoring JPA class transformer
2025-07-03 15:08:50 [main] INFO  com.zaxxer.hikari.HikariDataSource - HikariPool-1 - Starting...
2025-07-03 15:08:50 [main] INFO  com.zaxxer.hikari.pool.HikariPool - HikariPool-1 - Added connection org.postgresql.jdbc.PgConnection@437c1a87
2025-07-03 15:08:50 [main] INFO  com.zaxxer.hikari.HikariDataSource - HikariPool-1 - Start completed.
2025-07-03 15:08:50 [main] WARN  org.hibernate.orm.deprecation - HHH90000025: PostgreSQLDialect does not need to be specified explicitly using 'hibernate.dialect' (remove the property setting and it will be selected by default)
2025-07-03 15:08:51 [main] INFO  o.h.e.t.j.p.i.JtaPlatformInitiator - HHH000489: No JTA platform available (set 'hibernate.transaction.jta.platform' to enable JTA platform integration)
2025-07-03 15:08:51 [main] INFO  o.s.o.j.LocalContainerEntityManagerFactoryBean - Initialized JPA EntityManagerFactory for persistence unit 'default'
2025-07-03 15:08:51 [main] INFO  o.s.s.c.a.a.c.InitializeUserDetailsBeanManagerConfigurer$InitializeUserDetailsManagerConfigurer - Global AuthenticationManager configured with UserDetailsService bean with name customUserDetailsService
2025-07-03 15:08:51 [main] WARN  o.s.b.a.o.j.JpaBaseConfiguration$JpaWebConfiguration - spring.jpa.open-in-view is enabled by default. Therefore, database queries may be performed during view rendering. Explicitly configure spring.jpa.open-in-view to disable this warning
2025-07-03 15:08:51 [main] INFO  o.s.b.a.w.s.WelcomePageHandlerMapping - Adding welcome page: class path resource [static/index.html]
2025-07-03 15:08:51 [main] DEBUG o.s.w.s.m.m.a.RequestMappingHandlerMapping - 17 mappings in 'requestMappingHandlerMapping'
2025-07-03 15:08:51 [main] DEBUG o.s.w.s.h.SimpleUrlHandlerMapping - Patterns [/webjars/**, /**, /swagger-ui*/*swagger-initializer.js, /swagger-ui*/**] in 'resourceHandlerMapping'
2025-07-03 15:08:51 [main] INFO  o.s.b.a.e.web.EndpointLinksResolver - Exposing 15 endpoints beneath base path '/actuator'
2025-07-03 15:08:52 [main] INFO  o.s.s.web.DefaultSecurityFilterChain - Will secure any request with [org.springframework.security.web.session.DisableEncodeUrlFilter@2be89ba5, org.springframework.security.web.context.request.async.WebAsyncManagerIntegrationFilter@408573b1, org.springframework.security.web.context.SecurityContextHolderFilter@7356ec91, org.springframework.security.web.header.HeaderWriterFilter@34e4a136, org.springframework.web.filter.CorsFilter@5b7600ec, org.springframework.security.web.authentication.logout.LogoutFilter@21acc86a, org.springframework.security.oauth2.server.resource.web.authentication.BearerTokenAuthenticationFilter@58de1da2, org.springframework.security.web.authentication.www.BasicAuthenticationFilter@35ec9d29, org.springframework.security.web.savedrequest.RequestCacheAwareFilter@1d63f6be, org.springframework.security.web.servletapi.SecurityContextHolderAwareRequestFilter@7475f57e, org.springframework.security.web.authentication.AnonymousAuthenticationFilter@43f23338, org.springframework.security.web.access.ExceptionTranslationFilter@44992466, org.springframework.security.web.access.intercept.AuthorizationFilter@62857555]
2025-07-03 15:08:52 [main] DEBUG o.s.w.s.m.m.a.RequestMappingHandlerAdapter - ControllerAdvice beans: 0 @ModelAttribute, 0 @InitBinder, 1 RequestBodyAdvice, 1 ResponseBodyAdvice
2025-07-03 15:08:52 [main] DEBUG o.s.w.s.m.m.a.ExceptionHandlerExceptionResolver - ControllerAdvice beans: 2 @ExceptionHandler, 1 ResponseBodyAdvice
2025-07-03 15:08:52 [main] INFO  o.s.b.w.e.tomcat.TomcatWebServer - Tomcat started on port 8081 (http) with context path '/'
2025-07-03 15:08:52 [main] INFO  com.example.springboot.Application - Started Application in 2.741 seconds (process running for 2.884)
2025-07-03 15:08:55 [http-nio-8081-exec-1] INFO  o.a.c.c.C.[Tomcat].[localhost].[/] - Initializing Spring DispatcherServlet 'dispatcherServlet'
2025-07-03 15:08:55 [http-nio-8081-exec-1] INFO  o.s.web.servlet.DispatcherServlet - Initializing Servlet 'dispatcherServlet'
2025-07-03 15:08:55 [http-nio-8081-exec-1] DEBUG o.s.web.servlet.DispatcherServlet - Detected StandardServletMultipartResolver
2025-07-03 15:08:55 [http-nio-8081-exec-1] DEBUG o.s.web.servlet.DispatcherServlet - Detected AcceptHeaderLocaleResolver
2025-07-03 15:08:55 [http-nio-8081-exec-1] DEBUG o.s.web.servlet.DispatcherServlet - Detected FixedThemeResolver
2025-07-03 15:08:55 [http-nio-8081-exec-1] DEBUG o.s.web.servlet.DispatcherServlet - Detected org.springframework.web.servlet.view.DefaultRequestToViewNameTranslator@38159192
2025-07-03 15:08:55 [http-nio-8081-exec-1] DEBUG o.s.web.servlet.DispatcherServlet - Detected org.springframework.web.servlet.support.SessionFlashMapManager@13c79e0d
2025-07-03 15:08:55 [http-nio-8081-exec-1] DEBUG o.s.web.servlet.DispatcherServlet - enableLoggingRequestDetails='false': request parameters and headers will be masked to prevent unsafe logging of potentially sensitive data
2025-07-03 15:08:55 [http-nio-8081-exec-1] INFO  o.s.web.servlet.DispatcherServlet - Completed initialization in 2 ms
2025-07-03 15:08:55 [http-nio-8081-exec-1] DEBUG o.s.web.servlet.DispatcherServlet - GET "/", parameters={}
2025-07-03 15:08:55 [http-nio-8081-exec-1] DEBUG o.s.w.s.v.ContentNegotiatingViewResolver - Selected 'text/html' given [text/html, application/xhtml+xml, image/avif, image/webp, image/apng, application/xml;q=0.9, */*;q=0.8, application/signed-exchange;v=b3;q=0.7]
2025-07-03 15:08:55 [http-nio-8081-exec-1] DEBUG o.s.w.s.view.InternalResourceView - View name 'forward:', model {}
2025-07-03 15:08:55 [http-nio-8081-exec-1] DEBUG o.s.w.s.view.InternalResourceView - Forwarding to [index.html]
2025-07-03 15:08:55 [http-nio-8081-exec-1] DEBUG o.s.web.servlet.DispatcherServlet - "FORWARD" dispatch for GET "/index.html", parameters={}
2025-07-03 15:08:55 [http-nio-8081-exec-1] DEBUG o.s.w.s.h.SimpleUrlHandlerMapping - Mapped to ResourceHttpRequestHandler [classpath [META-INF/resources/], classpath [resources/], classpath [static/], classpath [public/], ServletContext [/]]
2025-07-03 15:08:55 [http-nio-8081-exec-1] DEBUG o.s.web.servlet.DispatcherServlet - Exiting from "FORWARD" dispatch, status 200
2025-07-03 15:08:55 [http-nio-8081-exec-1] DEBUG o.s.web.servlet.DispatcherServlet - Completed 200 OK
2025-07-03 15:08:55 [http-nio-8081-exec-2] DEBUG o.s.web.servlet.DispatcherServlet - GET "/static/js/main.5227ef0c.js", parameters={}
2025-07-03 15:08:55 [http-nio-8081-exec-2] DEBUG o.s.w.s.h.SimpleUrlHandlerMapping - Mapped to ResourceHttpRequestHandler [classpath [META-INF/resources/], classpath [resources/], classpath [static/], classpath [public/], ServletContext [/]]
2025-07-03 15:08:55 [http-nio-8081-exec-3] DEBUG o.s.web.servlet.DispatcherServlet - GET "/static/css/main.e6c13ad2.css", parameters={}
2025-07-03 15:08:55 [http-nio-8081-exec-3] DEBUG o.s.w.s.h.SimpleUrlHandlerMapping - Mapped to ResourceHttpRequestHandler [classpath [META-INF/resources/], classpath [resources/], classpath [static/], classpath [public/], ServletContext [/]]
2025-07-03 15:08:55 [http-nio-8081-exec-3] DEBUG o.s.web.servlet.DispatcherServlet - Completed 200 OK
2025-07-03 15:08:55 [http-nio-8081-exec-2] DEBUG o.s.web.servlet.DispatcherServlet - Completed 200 OK
2025-07-03 15:08:55 [http-nio-8081-exec-4] DEBUG o.s.web.servlet.DispatcherServlet - GET "/employees/all", parameters={}
2025-07-03 15:08:55 [http-nio-8081-exec-4] DEBUG o.s.w.s.m.m.a.RequestMappingHandlerMapping - Mapped to com.example.springboot.controller.EmployeeController#getAll()
2025-07-03 15:08:55 [http-nio-8081-exec-5] DEBUG o.s.web.servlet.DispatcherServlet - GET "/manifest.json", parameters={}
2025-07-03 15:08:55 [http-nio-8081-exec-5] DEBUG o.s.w.s.h.SimpleUrlHandlerMapping - Mapped to ResourceHttpRequestHandler [classpath [META-INF/resources/], classpath [resources/], classpath [static/], classpath [public/], ServletContext [/]]
2025-07-03 15:08:55 [http-nio-8081-exec-5] DEBUG o.s.web.servlet.DispatcherServlet - Completed 200 OK
2025-07-03 15:08:55 [http-nio-8081-exec-4] INFO  c.e.s.controller.EmployeeController - Fetching all employees
2025-07-03 15:08:55 [http-nio-8081-exec-6] DEBUG o.s.web.servlet.DispatcherServlet - GET "/logo192.png", parameters={}
2025-07-03 15:08:55 [http-nio-8081-exec-6] DEBUG o.s.w.s.h.SimpleUrlHandlerMapping - Mapped to ResourceHttpRequestHandler [classpath [META-INF/resources/], classpath [resources/], classpath [static/], classpath [public/], ServletContext [/]]
2025-07-03 15:08:55 [http-nio-8081-exec-6] DEBUG o.s.web.servlet.DispatcherServlet - Completed 200 OK
2025-07-03 15:08:55 [http-nio-8081-exec-4] DEBUG o.s.w.s.m.m.a.RequestResponseBodyMethodProcessor - Using 'application/json', given [application/json, text/plain, */*] and supported [application/json, application/*+json]
2025-07-03 15:08:55 [http-nio-8081-exec-4] DEBUG o.s.w.s.m.m.a.RequestResponseBodyMethodProcessor - Writing [[EmployeeDTO(id=1, firstName=Anuradha, lastName=Shrivastava, email=anuradha@example.com, department= (truncated)...]
2025-07-03 15:08:55 [http-nio-8081-exec-4] DEBUG o.s.web.servlet.DispatcherServlet - Completed 200 OK
2025-07-03 15:08:59 [http-nio-8081-exec-7] DEBUG o.s.web.servlet.DispatcherServlet - GET "/employees/all", parameters={}
2025-07-03 15:08:59 [http-nio-8081-exec-7] DEBUG o.s.w.s.m.m.a.RequestMappingHandlerMapping - Mapped to com.example.springboot.controller.EmployeeController#getAll()
2025-07-03 15:08:59 [http-nio-8081-exec-7] INFO  c.e.s.controller.EmployeeController - Fetching all employees
2025-07-03 15:08:59 [http-nio-8081-exec-7] DEBUG o.s.w.s.m.m.a.RequestResponseBodyMethodProcessor - Using 'application/json', given [application/json, text/plain, */*] and supported [application/json, application/*+json]
2025-07-03 15:08:59 [http-nio-8081-exec-7] DEBUG o.s.w.s.m.m.a.RequestResponseBodyMethodProcessor - Writing [[EmployeeDTO(id=1, firstName=Anuradha, lastName=Shrivastava, email=anuradha@example.com, department= (truncated)...]
2025-07-03 15:08:59 [http-nio-8081-exec-7] DEBUG o.s.web.servlet.DispatcherServlet - Completed 200 OK
2025-07-03 15:09:22 [http-nio-8081-exec-1] DEBUG o.s.web.servlet.DispatcherServlet - POST "/auth/token", parameters={}
2025-07-03 15:09:22 [http-nio-8081-exec-1] DEBUG o.s.w.s.m.m.a.RequestMappingHandlerMapping - Mapped to com.example.springboot.controller.AuthController#getToken(AuthRequest)
2025-07-03 15:09:22 [http-nio-8081-exec-1] DEBUG o.s.w.s.m.m.a.RequestResponseBodyMethodProcessor - Read "application/json;charset=UTF-8" to [com.example.springboot.dto.AuthRequest@7a3f36e4]
2025-07-03 15:09:22 [http-nio-8081-exec-1] DEBUG o.s.w.s.m.m.a.HttpEntityMethodProcessor - Using 'application/json', given [application/json, text/plain, */*] and supported [application/json, application/*+json]
2025-07-03 15:09:22 [http-nio-8081-exec-1] DEBUG o.s.w.s.m.m.a.HttpEntityMethodProcessor - Writing [{token=eyJhbGciOiJSUzI1NiJ9.eyJzdWIiOiJhbmlsIiwicm9sZXMiOlsiQURNSU4iXSwiaWF0IjoxNzUxNTM1NTYyLCJleHAi (truncated)...]
2025-07-03 15:09:22 [http-nio-8081-exec-1] DEBUG o.s.web.servlet.DispatcherServlet - Completed 200 OK
2025-07-03 15:09:22 [http-nio-8081-exec-3] DEBUG o.s.web.servlet.DispatcherServlet - GET "/employees/all", parameters={}
2025-07-03 15:09:22 [http-nio-8081-exec-3] DEBUG o.s.w.s.m.m.a.RequestMappingHandlerMapping - Mapped to com.example.springboot.controller.EmployeeController#getAll()
2025-07-03 15:09:22 [http-nio-8081-exec-3] INFO  c.e.s.controller.EmployeeController - Fetching all employees
2025-07-03 15:09:22 [http-nio-8081-exec-3] DEBUG o.s.w.s.m.m.a.RequestResponseBodyMethodProcessor - Using 'application/json', given [application/json, text/plain, */*] and supported [application/json, application/*+json]
2025-07-03 15:09:22 [http-nio-8081-exec-3] DEBUG o.s.w.s.m.m.a.RequestResponseBodyMethodProcessor - Writing [[EmployeeDTO(id=1, firstName=Anuradha, lastName=Shrivastava, email=anuradha@example.com, department= (truncated)...]
2025-07-03 15:09:22 [http-nio-8081-exec-3] DEBUG o.s.web.servlet.DispatcherServlet - Completed 200 OK
2025-07-03 15:09:27 [http-nio-8081-exec-5] DEBUG o.s.web.servlet.DispatcherServlet - GET "/employees/all", parameters={}
2025-07-03 15:09:27 [http-nio-8081-exec-5] DEBUG o.s.w.s.m.m.a.RequestMappingHandlerMapping - Mapped to com.example.springboot.controller.EmployeeController#getAll()
2025-07-03 15:09:27 [http-nio-8081-exec-5] INFO  c.e.s.controller.EmployeeController - Fetching all employees
2025-07-03 15:09:27 [http-nio-8081-exec-5] DEBUG o.s.w.s.m.m.a.RequestResponseBodyMethodProcessor - Using 'application/json', given [application/json, text/plain, */*] and supported [application/json, application/*+json]
2025-07-03 15:09:27 [http-nio-8081-exec-5] DEBUG o.s.w.s.m.m.a.RequestResponseBodyMethodProcessor - Writing [[EmployeeDTO(id=1, firstName=Anuradha, lastName=Shrivastava, email=anuradha@example.com, department= (truncated)...]
2025-07-03 15:09:27 [http-nio-8081-exec-5] DEBUG o.s.web.servlet.DispatcherServlet - Completed 200 OK
2025-07-03 15:10:01 [http-nio-8081-exec-9] DEBUG o.s.web.servlet.DispatcherServlet - GET "/", parameters={}
2025-07-03 15:10:01 [http-nio-8081-exec-9] DEBUG o.s.w.s.v.ContentNegotiatingViewResolver - Selected 'text/html' given [text/html, application/xhtml+xml, image/avif, image/webp, image/apng, application/xml;q=0.9, */*;q=0.8, application/signed-exchange;v=b3;q=0.7]
2025-07-03 15:10:01 [http-nio-8081-exec-9] DEBUG o.s.w.s.view.InternalResourceView - View name 'forward:', model {}
2025-07-03 15:10:01 [http-nio-8081-exec-9] DEBUG o.s.w.s.view.InternalResourceView - Forwarding to [index.html]
2025-07-03 15:10:01 [http-nio-8081-exec-9] DEBUG o.s.web.servlet.DispatcherServlet - "FORWARD" dispatch for GET "/index.html", parameters={}
2025-07-03 15:10:01 [http-nio-8081-exec-9] DEBUG o.s.w.s.h.SimpleUrlHandlerMapping - Mapped to ResourceHttpRequestHandler [classpath [META-INF/resources/], classpath [resources/], classpath [static/], classpath [public/], ServletContext [/]]
2025-07-03 15:10:01 [http-nio-8081-exec-9] DEBUG o.s.web.servlet.DispatcherServlet - Exiting from "FORWARD" dispatch, status 200
2025-07-03 15:10:01 [http-nio-8081-exec-9] DEBUG o.s.web.servlet.DispatcherServlet - Completed 200 OK
2025-07-03 15:10:01 [http-nio-8081-exec-8] DEBUG o.s.web.servlet.DispatcherServlet - GET "/static/js/main.5227ef0c.js", parameters={}
2025-07-03 15:10:01 [http-nio-8081-exec-8] DEBUG o.s.w.s.h.SimpleUrlHandlerMapping - Mapped to ResourceHttpRequestHandler [classpath [META-INF/resources/], classpath [resources/], classpath [static/], classpath [public/], ServletContext [/]]
2025-07-03 15:10:01 [http-nio-8081-exec-1] DEBUG o.s.web.servlet.DispatcherServlet - GET "/static/css/main.e6c13ad2.css", parameters={}
2025-07-03 15:10:01 [http-nio-8081-exec-1] DEBUG o.s.w.s.h.SimpleUrlHandlerMapping - Mapped to ResourceHttpRequestHandler [classpath [META-INF/resources/], classpath [resources/], classpath [static/], classpath [public/], ServletContext [/]]
2025-07-03 15:10:01 [http-nio-8081-exec-1] DEBUG o.s.web.servlet.DispatcherServlet - Completed 200 OK
2025-07-03 15:10:01 [http-nio-8081-exec-8] DEBUG o.s.web.servlet.DispatcherServlet - Completed 200 OK
2025-07-03 15:10:01 [http-nio-8081-exec-3] DEBUG o.s.web.servlet.DispatcherServlet - GET "/employees/all", parameters={}
2025-07-03 15:10:01 [http-nio-8081-exec-3] DEBUG o.s.w.s.m.m.a.RequestMappingHandlerMapping - Mapped to com.example.springboot.controller.EmployeeController#getAll()
2025-07-03 15:10:01 [http-nio-8081-exec-3] INFO  c.e.s.controller.EmployeeController - Fetching all employees
2025-07-03 15:10:01 [http-nio-8081-exec-2] DEBUG o.s.web.servlet.DispatcherServlet - GET "/manifest.json", parameters={}
2025-07-03 15:10:01 [http-nio-8081-exec-2] DEBUG o.s.w.s.h.SimpleUrlHandlerMapping - Mapped to ResourceHttpRequestHandler [classpath [META-INF/resources/], classpath [resources/], classpath [static/], classpath [public/], ServletContext [/]]
2025-07-03 15:10:01 [http-nio-8081-exec-2] DEBUG o.s.web.servlet.DispatcherServlet - Completed 200 OK
2025-07-03 15:10:01 [http-nio-8081-exec-3] DEBUG o.s.w.s.m.m.a.RequestResponseBodyMethodProcessor - Using 'application/json', given [application/json, text/plain, */*] and supported [application/json, application/*+json]
2025-07-03 15:10:01 [http-nio-8081-exec-3] DEBUG o.s.w.s.m.m.a.RequestResponseBodyMethodProcessor - Writing [[EmployeeDTO(id=1, firstName=Anuradha, lastName=Shrivastava, email=anuradha@example.com, department= (truncated)...]
2025-07-03 15:10:01 [http-nio-8081-exec-3] DEBUG o.s.web.servlet.DispatcherServlet - Completed 200 OK
2025-07-03 15:10:01 [http-nio-8081-exec-5] DEBUG o.s.web.servlet.DispatcherServlet - GET "/logo192.png", parameters={}
2025-07-03 15:10:01 [http-nio-8081-exec-5] DEBUG o.s.w.s.h.SimpleUrlHandlerMapping - Mapped to ResourceHttpRequestHandler [classpath [META-INF/resources/], classpath [resources/], classpath [static/], classpath [public/], ServletContext [/]]
2025-07-03 15:10:01 [http-nio-8081-exec-5] DEBUG o.s.web.servlet.DispatcherServlet - Completed 200 OK
2025-07-03 15:10:10 [http-nio-8081-exec-9] DEBUG o.s.web.servlet.DispatcherServlet - GET "/employees/all", parameters={}
2025-07-03 15:10:10 [http-nio-8081-exec-9] DEBUG o.s.w.s.m.m.a.RequestMappingHandlerMapping - Mapped to com.example.springboot.controller.EmployeeController#getAll()
2025-07-03 15:10:10 [http-nio-8081-exec-9] INFO  c.e.s.controller.EmployeeController - Fetching all employees
2025-07-03 15:10:10 [http-nio-8081-exec-9] DEBUG o.s.w.s.m.m.a.RequestResponseBodyMethodProcessor - Using 'application/json', given [application/json, text/plain, */*] and supported [application/json, application/*+json]
2025-07-03 15:10:10 [http-nio-8081-exec-9] DEBUG o.s.w.s.m.m.a.RequestResponseBodyMethodProcessor - Writing [[EmployeeDTO(id=1, firstName=Anuradha, lastName=Shrivastava, email=anuradha@example.com, department= (truncated)...]
2025-07-03 15:10:10 [http-nio-8081-exec-9] DEBUG o.s.web.servlet.DispatcherServlet - Completed 200 OK
2025-07-03 15:10:12 [http-nio-8081-exec-1] DEBUG o.s.web.servlet.DispatcherServlet - GET "/employees/all", parameters={}
2025-07-03 15:10:12 [http-nio-8081-exec-1] DEBUG o.s.w.s.m.m.a.RequestMappingHandlerMapping - Mapped to com.example.springboot.controller.EmployeeController#getAll()
2025-07-03 15:10:12 [http-nio-8081-exec-1] INFO  c.e.s.controller.EmployeeController - Fetching all employees
2025-07-03 15:10:12 [http-nio-8081-exec-1] DEBUG o.s.w.s.m.m.a.RequestResponseBodyMethodProcessor - Using 'application/json', given [application/json, text/plain, */*] and supported [application/json, application/*+json]
2025-07-03 15:10:12 [http-nio-8081-exec-1] DEBUG o.s.w.s.m.m.a.RequestResponseBodyMethodProcessor - Writing [[EmployeeDTO(id=1, firstName=Anuradha, lastName=Shrivastava, email=anuradha@example.com, department= (truncated)...]
2025-07-03 15:10:12 [http-nio-8081-exec-1] DEBUG o.s.web.servlet.DispatcherServlet - Completed 200 OK
2025-07-03 15:10:26 [http-nio-8081-exec-3] DEBUG o.s.web.servlet.DispatcherServlet - GET "/manifest.json", parameters={}
2025-07-03 15:10:26 [http-nio-8081-exec-3] DEBUG o.s.w.s.h.SimpleUrlHandlerMapping - Mapped to ResourceHttpRequestHandler [classpath [META-INF/resources/], classpath [resources/], classpath [static/], classpath [public/], ServletContext [/]]
2025-07-03 15:10:26 [http-nio-8081-exec-2] DEBUG o.s.web.servlet.DispatcherServlet - GET "/static/css/main.e6c13ad2.css", parameters={}
2025-07-03 15:10:26 [http-nio-8081-exec-2] DEBUG o.s.w.s.h.SimpleUrlHandlerMapping - Mapped to ResourceHttpRequestHandler [classpath [META-INF/resources/], classpath [resources/], classpath [static/], classpath [public/], ServletContext [/]]
2025-07-03 15:10:26 [http-nio-8081-exec-3] DEBUG o.s.web.servlet.DispatcherServlet - Completed 200 OK
2025-07-03 15:10:26 [http-nio-8081-exec-2] DEBUG o.s.web.servlet.DispatcherServlet - Completed 200 OK
2025-07-03 15:10:26 [http-nio-8081-exec-5] DEBUG o.s.web.servlet.DispatcherServlet - GET "/.well-known/appspecific/com.chrome.devtools.json", parameters={}
2025-07-03 15:10:26 [http-nio-8081-exec-5] DEBUG o.s.w.s.h.SimpleUrlHandlerMapping - Mapped to ResourceHttpRequestHandler [classpath [META-INF/resources/], classpath [resources/], classpath [static/], classpath [public/], ServletContext [/]]
2025-07-03 15:10:26 [http-nio-8081-exec-5] DEBUG o.s.w.s.r.ResourceHttpRequestHandler - Resource not found
2025-07-03 15:10:26 [http-nio-8081-exec-5] DEBUG o.s.w.s.m.s.DefaultHandlerExceptionResolver - Resolved [org.springframework.web.servlet.resource.NoResourceFoundException: No static resource .well-known/appspecific/com.chrome.devtools.json.]
2025-07-03 15:10:26 [http-nio-8081-exec-5] DEBUG o.s.web.servlet.DispatcherServlet - Completed 404 NOT_FOUND
2025-07-03 15:10:26 [http-nio-8081-exec-5] DEBUG o.s.web.servlet.DispatcherServlet - "ERROR" dispatch for GET "/error", parameters={}
2025-07-03 15:10:26 [http-nio-8081-exec-5] DEBUG o.s.w.s.m.m.a.RequestMappingHandlerMapping - Mapped to org.springframework.boot.autoconfigure.web.servlet.error.BasicErrorController#error(HttpServletRequest)
2025-07-03 15:10:26 [http-nio-8081-exec-5] DEBUG o.s.w.s.m.m.a.HttpEntityMethodProcessor - Using 'application/json', given [*/*] and supported [application/json, application/*+json]
2025-07-03 15:10:26 [http-nio-8081-exec-5] DEBUG o.s.w.s.m.m.a.HttpEntityMethodProcessor - Writing [{timestamp=Thu Jul 03 15:10:26 IST 2025, status=404, error=Not Found, message=No static resource .we (truncated)...]
2025-07-03 15:10:26 [http-nio-8081-exec-5] DEBUG o.s.web.servlet.DispatcherServlet - Exiting from "ERROR" dispatch, status 404
2025-07-03 15:10:26 [http-nio-8081-exec-10] DEBUG o.s.web.servlet.DispatcherServlet - GET "/static/js/main.5227ef0c.js.map", parameters={}
2025-07-03 15:10:26 [http-nio-8081-exec-10] DEBUG o.s.w.s.h.SimpleUrlHandlerMapping - Mapped to ResourceHttpRequestHandler [classpath [META-INF/resources/], classpath [resources/], classpath [static/], classpath [public/], ServletContext [/]]
2025-07-03 15:10:26 [http-nio-8081-exec-4] DEBUG o.s.web.servlet.DispatcherServlet - GET "/static/css/main.e6c13ad2.css.map", parameters={}
2025-07-03 15:10:26 [http-nio-8081-exec-4] DEBUG o.s.w.s.h.SimpleUrlHandlerMapping - Mapped to ResourceHttpRequestHandler [classpath [META-INF/resources/], classpath [resources/], classpath [static/], classpath [public/], ServletContext [/]]
2025-07-03 15:10:26 [http-nio-8081-exec-4] DEBUG o.s.web.servlet.DispatcherServlet - Completed 200 OK
2025-07-03 15:10:26 [http-nio-8081-exec-10] DEBUG o.s.web.servlet.DispatcherServlet - Completed 200 OK
2025-07-03 15:10:36 [http-nio-8081-exec-1] DEBUG o.s.web.servlet.DispatcherServlet - GET "/employees/all", parameters={}
2025-07-03 15:10:36 [http-nio-8081-exec-1] DEBUG o.s.w.s.m.m.a.RequestMappingHandlerMapping - Mapped to com.example.springboot.controller.EmployeeController#getAll()
2025-07-03 15:10:36 [http-nio-8081-exec-1] INFO  c.e.s.controller.EmployeeController - Fetching all employees
2025-07-03 15:10:36 [http-nio-8081-exec-1] DEBUG o.s.w.s.m.m.a.RequestResponseBodyMethodProcessor - Using 'application/json', given [application/json, text/plain, */*] and supported [application/json, application/*+json]
2025-07-03 15:10:36 [http-nio-8081-exec-1] DEBUG o.s.w.s.m.m.a.RequestResponseBodyMethodProcessor - Writing [[EmployeeDTO(id=1, firstName=Anuradha, lastName=Shrivastava, email=anuradha@example.com, department= (truncated)...]
2025-07-03 15:10:36 [http-nio-8081-exec-1] DEBUG o.s.web.servlet.DispatcherServlet - Completed 200 OK
2025-07-03 15:12:38 [http-nio-8081-exec-3] DEBUG o.s.web.servlet.DispatcherServlet - GET "/employees/all", parameters={}
2025-07-03 15:12:38 [http-nio-8081-exec-3] DEBUG o.s.w.s.m.m.a.RequestMappingHandlerMapping - Mapped to com.example.springboot.controller.EmployeeController#getAll()
2025-07-03 15:12:38 [http-nio-8081-exec-3] INFO  c.e.s.controller.EmployeeController - Fetching all employees
2025-07-03 15:12:38 [http-nio-8081-exec-3] DEBUG o.s.w.s.m.m.a.RequestResponseBodyMethodProcessor - Using 'application/json', given [application/json, text/plain, */*] and supported [application/json, application/*+json]
2025-07-03 15:12:38 [http-nio-8081-exec-3] DEBUG o.s.w.s.m.m.a.RequestResponseBodyMethodProcessor - Writing [[EmployeeDTO(id=1, firstName=Anuradha, lastName=Shrivastava, email=anuradha@example.com, department= (truncated)...]
2025-07-03 15:12:38 [http-nio-8081-exec-3] DEBUG o.s.web.servlet.DispatcherServlet - Completed 200 OK
2025-07-03 15:13:51 [http-nio-8081-exec-5] DEBUG o.s.web.servlet.DispatcherServlet - GET "/swagger-ui/index.html", parameters={}
2025-07-03 15:13:51 [http-nio-8081-exec-5] DEBUG o.s.w.s.h.SimpleUrlHandlerMapping - Mapped to ResourceHttpRequestHandler [classpath [META-INF/resources/webjars/]]
2025-07-03 15:13:51 [http-nio-8081-exec-5] DEBUG o.s.web.servlet.DispatcherServlet - Completed 200 OK
2025-07-03 15:13:51 [http-nio-8081-exec-4] DEBUG o.s.web.servlet.DispatcherServlet - GET "/swagger-ui/swagger-ui.css", parameters={}
2025-07-03 15:13:51 [http-nio-8081-exec-6] DEBUG o.s.web.servlet.DispatcherServlet - GET "/swagger-ui/swagger-ui-standalone-preset.js", parameters={}
2025-07-03 15:13:51 [http-nio-8081-exec-4] DEBUG o.s.w.s.h.SimpleUrlHandlerMapping - Mapped to ResourceHttpRequestHandler [classpath [META-INF/resources/webjars/]]
2025-07-03 15:13:51 [http-nio-8081-exec-6] DEBUG o.s.w.s.h.SimpleUrlHandlerMapping - Mapped to ResourceHttpRequestHandler [classpath [META-INF/resources/webjars/]]
2025-07-03 15:13:51 [http-nio-8081-exec-10] DEBUG o.s.web.servlet.DispatcherServlet - GET "/swagger-ui/index.css", parameters={}
2025-07-03 15:13:51 [http-nio-8081-exec-10] DEBUG o.s.w.s.h.SimpleUrlHandlerMapping - Mapped to ResourceHttpRequestHandler [classpath [META-INF/resources/webjars/]]
2025-07-03 15:13:51 [http-nio-8081-exec-9] DEBUG o.s.web.servlet.DispatcherServlet - GET "/swagger-ui/swagger-ui-bundle.js", parameters={}
2025-07-03 15:13:51 [http-nio-8081-exec-7] DEBUG o.s.web.servlet.DispatcherServlet - GET "/swagger-ui/swagger-initializer.js", parameters={}
2025-07-03 15:13:51 [http-nio-8081-exec-7] DEBUG o.s.w.s.h.SimpleUrlHandlerMapping - Mapped to ResourceHttpRequestHandler [classpath [META-INF/resources/webjars/]]
2025-07-03 15:13:51 [http-nio-8081-exec-9] DEBUG o.s.w.s.h.SimpleUrlHandlerMapping - Mapped to ResourceHttpRequestHandler [classpath [META-INF/resources/webjars/]]
2025-07-03 15:13:51 [http-nio-8081-exec-10] DEBUG o.s.web.servlet.DispatcherServlet - Completed 200 OK
2025-07-03 15:13:51 [http-nio-8081-exec-6] DEBUG o.s.web.servlet.DispatcherServlet - Completed 200 OK
2025-07-03 15:13:51 [http-nio-8081-exec-4] DEBUG o.s.web.servlet.DispatcherServlet - Completed 200 OK
2025-07-03 15:13:51 [http-nio-8081-exec-9] DEBUG o.s.web.servlet.DispatcherServlet - Completed 200 OK
2025-07-03 15:13:51 [http-nio-8081-exec-7] DEBUG o.s.web.servlet.DispatcherServlet - Completed 200 OK
2025-07-03 15:13:51 [http-nio-8081-exec-1] DEBUG o.s.web.servlet.DispatcherServlet - GET "/v3/api-docs/swagger-config", parameters={}
2025-07-03 15:13:51 [http-nio-8081-exec-1] DEBUG o.s.w.s.m.m.a.RequestMappingHandlerMapping - Mapped to org.springdoc.webmvc.ui.SwaggerConfigResource#openapiJson(HttpServletRequest)
2025-07-03 15:13:51 [http-nio-8081-exec-8] DEBUG o.s.web.servlet.DispatcherServlet - GET "/swagger-ui/favicon-32x32.png", parameters={}
2025-07-03 15:13:51 [http-nio-8081-exec-8] DEBUG o.s.w.s.h.SimpleUrlHandlerMapping - Mapped to ResourceHttpRequestHandler [classpath [META-INF/resources/webjars/]]
2025-07-03 15:13:51 [http-nio-8081-exec-1] DEBUG o.s.w.s.m.m.a.RequestResponseBodyMethodProcessor - Using 'application/json', given [*/*] and supported [application/json]
2025-07-03 15:13:51 [http-nio-8081-exec-1] DEBUG o.s.w.s.m.m.a.RequestResponseBodyMethodProcessor - Writing [{configUrl=/v3/api-docs/swagger-config, oauth2RedirectUrl=http://localhost:8081/swagger-ui/oauth2-re (truncated)...]
2025-07-03 15:13:51 [http-nio-8081-exec-8] DEBUG o.s.web.servlet.DispatcherServlet - Completed 200 OK
2025-07-03 15:13:51 [http-nio-8081-exec-1] DEBUG o.s.web.servlet.DispatcherServlet - Completed 200 OK
2025-07-03 15:13:51 [http-nio-8081-exec-3] DEBUG o.s.web.servlet.DispatcherServlet - GET "/v3/api-docs", parameters={}
2025-07-03 15:13:51 [http-nio-8081-exec-3] DEBUG o.s.w.s.m.m.a.RequestMappingHandlerMapping - Mapped to org.springdoc.webmvc.api.OpenApiWebMvcResource#openapiJson(HttpServletRequest, String, Locale)
2025-07-03 15:13:52 [http-nio-8081-exec-3] INFO  o.s.api.AbstractOpenApiResource - Init duration for springdoc-openapi is: 226 ms
2025-07-03 15:13:52 [http-nio-8081-exec-3] DEBUG o.s.w.s.m.m.a.RequestResponseBodyMethodProcessor - Using 'application/json', given [application/json, */*] and supported [application/json]
2025-07-03 15:13:52 [http-nio-8081-exec-3] DEBUG o.s.w.s.m.m.a.RequestResponseBodyMethodProcessor - Writing [{123, 34, 111, 112, 101, 110, 97, 112, 105, 34, 58, 34, 51, 46, 48, 46, 49, 34, 44, 34, 105, 110, 10 (truncated)...]
2025-07-03 15:13:52 [http-nio-8081-exec-3] DEBUG o.s.web.servlet.DispatcherServlet - Completed 200 OK
2025-07-03 15:17:08 [SpringApplicationShutdownHook] INFO  o.s.o.j.LocalContainerEntityManagerFactoryBean - Closing JPA EntityManagerFactory for persistence unit 'default'
2025-07-03 15:17:08 [SpringApplicationShutdownHook] INFO  com.zaxxer.hikari.HikariDataSource - HikariPool-1 - Shutdown initiated...
2025-07-03 15:17:08 [SpringApplicationShutdownHook] INFO  com.zaxxer.hikari.HikariDataSource - HikariPool-1 - Shutdown completed.
2025-07-03 15:17:16 [main] INFO  com.example.springboot.Application - Starting Application using Java 17.0.15 with PID 36008 (/Users/anilshrivastava/Downloads/gs-spring-boot/complete/target/classes started by anilshrivastava in /Users/anilshrivastava/Downloads/gs-spring-boot/complete)
2025-07-03 15:17:16 [main] DEBUG com.example.springboot.Application - Running with Spring Boot v3.3.0, Spring v6.1.8
2025-07-03 15:17:16 [main] INFO  com.example.springboot.Application - The following 1 profile is active: "dev"
2025-07-03 15:17:16 [main] INFO  o.s.d.r.c.RepositoryConfigurationDelegate - Bootstrapping Spring Data JPA repositories in DEFAULT mode.
2025-07-03 15:17:16 [main] INFO  o.s.d.r.c.RepositoryConfigurationDelegate - Finished Spring Data repository scanning in 19 ms. Found 2 JPA repository interfaces.
2025-07-03 15:17:17 [main] INFO  o.s.b.w.e.tomcat.TomcatWebServer - Tomcat initialized with port 8081 (http)
2025-07-03 15:17:17 [main] INFO  o.a.catalina.core.StandardService - Starting service [Tomcat]
2025-07-03 15:17:17 [main] INFO  o.a.catalina.core.StandardEngine - Starting Servlet engine: [Apache Tomcat/10.1.24]
2025-07-03 15:17:17 [main] INFO  o.a.c.c.C.[Tomcat].[localhost].[/] - Initializing Spring embedded WebApplicationContext
2025-07-03 15:17:17 [main] INFO  o.s.b.w.s.c.ServletWebServerApplicationContext - Root WebApplicationContext: initialization completed in 765 ms
2025-07-03 15:17:17 [main] DEBUG o.s.w.f.ServerHttpObservationFilter - Filter 'webMvcObservationFilter' configured for use
2025-07-03 15:17:17 [main] INFO  o.h.jpa.internal.util.LogHelper - HHH000204: Processing PersistenceUnitInfo [name: default]
2025-07-03 15:17:17 [main] INFO  org.hibernate.Version - HHH000412: Hibernate ORM core version 6.5.2.Final
2025-07-03 15:17:17 [main] INFO  o.h.c.i.RegionFactoryInitiator - HHH000026: Second-level cache disabled
2025-07-03 15:17:17 [main] INFO  o.s.o.j.p.SpringPersistenceUnitInfo - No LoadTimeWeaver setup: ignoring JPA class transformer
2025-07-03 15:17:17 [main] INFO  com.zaxxer.hikari.HikariDataSource - HikariPool-1 - Starting...
2025-07-03 15:17:17 [main] INFO  com.zaxxer.hikari.pool.HikariPool - HikariPool-1 - Added connection org.postgresql.jdbc.PgConnection@437c1a87
2025-07-03 15:17:17 [main] INFO  com.zaxxer.hikari.HikariDataSource - HikariPool-1 - Start completed.
2025-07-03 15:17:17 [main] WARN  org.hibernate.orm.deprecation - HHH90000025: PostgreSQLDialect does not need to be specified explicitly using 'hibernate.dialect' (remove the property setting and it will be selected by default)
2025-07-03 15:17:18 [main] INFO  o.h.e.t.j.p.i.JtaPlatformInitiator - HHH000489: No JTA platform available (set 'hibernate.transaction.jta.platform' to enable JTA platform integration)
2025-07-03 15:17:18 [main] INFO  o.s.o.j.LocalContainerEntityManagerFactoryBean - Initialized JPA EntityManagerFactory for persistence unit 'default'
2025-07-03 15:17:18 [main] INFO  o.s.s.c.a.a.c.InitializeUserDetailsBeanManagerConfigurer$InitializeUserDetailsManagerConfigurer - Global AuthenticationManager configured with UserDetailsService bean with name customUserDetailsService
2025-07-03 15:17:18 [main] WARN  o.s.b.a.o.j.JpaBaseConfiguration$JpaWebConfiguration - spring.jpa.open-in-view is enabled by default. Therefore, database queries may be performed during view rendering. Explicitly configure spring.jpa.open-in-view to disable this warning
2025-07-03 15:17:18 [main] INFO  o.s.b.a.w.s.WelcomePageHandlerMapping - Adding welcome page: class path resource [static/index.html]
2025-07-03 15:17:18 [main] DEBUG o.s.w.s.m.m.a.RequestMappingHandlerMapping - 17 mappings in 'requestMappingHandlerMapping'
2025-07-03 15:17:18 [main] DEBUG o.s.w.s.h.SimpleUrlHandlerMapping - Patterns [/webjars/**, /**, /swagger-ui*/*swagger-initializer.js, /swagger-ui*/**] in 'resourceHandlerMapping'
2025-07-03 15:17:18 [main] INFO  o.s.b.a.e.web.EndpointLinksResolver - Exposing 15 endpoints beneath base path '/actuator'
2025-07-03 15:17:18 [main] INFO  o.s.s.web.DefaultSecurityFilterChain - Will secure any request with [org.springframework.security.web.session.DisableEncodeUrlFilter@7cbcd27e, org.springframework.security.web.context.request.async.WebAsyncManagerIntegrationFilter@3b870ed3, org.springframework.security.web.context.SecurityContextHolderFilter@3b25ce5e, org.springframework.security.web.header.HeaderWriterFilter@24eb71f6, org.springframework.web.filter.CorsFilter@2d7b117, org.springframework.security.web.authentication.logout.LogoutFilter@4a57ad67, org.springframework.security.oauth2.server.resource.web.authentication.BearerTokenAuthenticationFilter@6296c184, org.springframework.security.web.authentication.www.BasicAuthenticationFilter@674b2703, org.springframework.security.web.savedrequest.RequestCacheAwareFilter@4d79651d, org.springframework.security.web.servletapi.SecurityContextHolderAwareRequestFilter@44992466, org.springframework.security.web.authentication.AnonymousAuthenticationFilter@4cd886b7, org.springframework.security.web.access.ExceptionTranslationFilter@517f9ba3, org.springframework.security.web.access.intercept.AuthorizationFilter@465a121d]
2025-07-03 15:17:18 [main] DEBUG o.s.w.s.m.m.a.RequestMappingHandlerAdapter - ControllerAdvice beans: 0 @ModelAttribute, 0 @InitBinder, 1 RequestBodyAdvice, 1 ResponseBodyAdvice
2025-07-03 15:17:18 [main] DEBUG o.s.w.s.m.m.a.ExceptionHandlerExceptionResolver - ControllerAdvice beans: 2 @ExceptionHandler, 1 ResponseBodyAdvice
2025-07-03 15:17:18 [main] INFO  o.s.b.w.e.tomcat.TomcatWebServer - Tomcat started on port 8081 (http) with context path '/'
2025-07-03 15:17:18 [main] INFO  com.example.springboot.Application - Started Application in 2.622 seconds (process running for 2.775)
2025-07-03 15:17:23 [http-nio-8081-exec-1] INFO  o.a.c.c.C.[Tomcat].[localhost].[/] - Initializing Spring DispatcherServlet 'dispatcherServlet'
2025-07-03 15:17:23 [http-nio-8081-exec-1] INFO  o.s.web.servlet.DispatcherServlet - Initializing Servlet 'dispatcherServlet'
2025-07-03 15:17:23 [http-nio-8081-exec-1] DEBUG o.s.web.servlet.DispatcherServlet - Detected StandardServletMultipartResolver
2025-07-03 15:17:23 [http-nio-8081-exec-1] DEBUG o.s.web.servlet.DispatcherServlet - Detected AcceptHeaderLocaleResolver
2025-07-03 15:17:23 [http-nio-8081-exec-1] DEBUG o.s.web.servlet.DispatcherServlet - Detected FixedThemeResolver
2025-07-03 15:17:23 [http-nio-8081-exec-1] DEBUG o.s.web.servlet.DispatcherServlet - Detected org.springframework.web.servlet.view.DefaultRequestToViewNameTranslator@76d9fe26
2025-07-03 15:17:23 [http-nio-8081-exec-1] DEBUG o.s.web.servlet.DispatcherServlet - Detected org.springframework.web.servlet.support.SessionFlashMapManager@5ce593bc
2025-07-03 15:17:23 [http-nio-8081-exec-1] DEBUG o.s.web.servlet.DispatcherServlet - enableLoggingRequestDetails='false': request parameters and headers will be masked to prevent unsafe logging of potentially sensitive data
2025-07-03 15:17:23 [http-nio-8081-exec-1] INFO  o.s.web.servlet.DispatcherServlet - Completed initialization in 7 ms
2025-07-03 15:17:23 [http-nio-8081-exec-1] DEBUG o.s.web.servlet.DispatcherServlet - GET "/swagger-ui/index.html", parameters={}
2025-07-03 15:17:23 [http-nio-8081-exec-1] DEBUG o.s.w.s.h.SimpleUrlHandlerMapping - Mapped to ResourceHttpRequestHandler [classpath [META-INF/resources/webjars/]]
2025-07-03 15:17:23 [http-nio-8081-exec-1] DEBUG o.s.web.servlet.DispatcherServlet - Completed 200 OK
2025-07-03 15:17:23 [http-nio-8081-exec-2] DEBUG o.s.web.servlet.DispatcherServlet - GET "/swagger-ui/swagger-ui.css", parameters={}
2025-07-03 15:17:23 [http-nio-8081-exec-2] DEBUG o.s.w.s.h.SimpleUrlHandlerMapping - Mapped to ResourceHttpRequestHandler [classpath [META-INF/resources/webjars/]]
2025-07-03 15:17:23 [http-nio-8081-exec-2] DEBUG o.s.web.servlet.DispatcherServlet - Completed 200 OK
2025-07-03 15:17:23 [http-nio-8081-exec-3] DEBUG o.s.web.servlet.DispatcherServlet - GET "/swagger-ui/index.css", parameters={}
2025-07-03 15:17:23 [http-nio-8081-exec-4] DEBUG o.s.web.servlet.DispatcherServlet - GET "/swagger-ui/swagger-ui-bundle.js", parameters={}
2025-07-03 15:17:23 [http-nio-8081-exec-4] DEBUG o.s.w.s.h.SimpleUrlHandlerMapping - Mapped to ResourceHttpRequestHandler [classpath [META-INF/resources/webjars/]]
2025-07-03 15:17:23 [http-nio-8081-exec-3] DEBUG o.s.w.s.h.SimpleUrlHandlerMapping - Mapped to ResourceHttpRequestHandler [classpath [META-INF/resources/webjars/]]
2025-07-03 15:17:23 [http-nio-8081-exec-2] DEBUG o.s.web.servlet.DispatcherServlet - GET "/swagger-ui/swagger-ui-standalone-preset.js", parameters={}
2025-07-03 15:17:23 [http-nio-8081-exec-5] DEBUG o.s.web.servlet.DispatcherServlet - GET "/swagger-ui/swagger-initializer.js", parameters={}
2025-07-03 15:17:23 [http-nio-8081-exec-5] DEBUG o.s.w.s.h.SimpleUrlHandlerMapping - Mapped to ResourceHttpRequestHandler [classpath [META-INF/resources/webjars/]]
2025-07-03 15:17:23 [http-nio-8081-exec-2] DEBUG o.s.w.s.h.SimpleUrlHandlerMapping - Mapped to ResourceHttpRequestHandler [classpath [META-INF/resources/webjars/]]
2025-07-03 15:17:23 [http-nio-8081-exec-3] DEBUG o.s.web.servlet.DispatcherServlet - Completed 200 OK
2025-07-03 15:17:23 [http-nio-8081-exec-2] DEBUG o.s.web.servlet.DispatcherServlet - Completed 200 OK
2025-07-03 15:17:23 [http-nio-8081-exec-4] DEBUG o.s.web.servlet.DispatcherServlet - Completed 200 OK
2025-07-03 15:17:23 [http-nio-8081-exec-5] DEBUG o.s.web.servlet.DispatcherServlet - Completed 200 OK
2025-07-03 15:17:23 [http-nio-8081-exec-6] DEBUG o.s.web.servlet.DispatcherServlet - GET "/v3/api-docs/swagger-config", parameters={}
2025-07-03 15:17:23 [http-nio-8081-exec-7] DEBUG o.s.web.servlet.DispatcherServlet - GET "/swagger-ui/favicon-32x32.png", parameters={}
2025-07-03 15:17:23 [http-nio-8081-exec-6] DEBUG o.s.w.s.m.m.a.RequestMappingHandlerMapping - Mapped to org.springdoc.webmvc.ui.SwaggerConfigResource#openapiJson(HttpServletRequest)
2025-07-03 15:17:23 [http-nio-8081-exec-7] DEBUG o.s.w.s.h.SimpleUrlHandlerMapping - Mapped to ResourceHttpRequestHandler [classpath [META-INF/resources/webjars/]]
2025-07-03 15:17:23 [http-nio-8081-exec-7] DEBUG o.s.web.servlet.DispatcherServlet - Completed 200 OK
2025-07-03 15:17:23 [http-nio-8081-exec-6] DEBUG o.s.w.s.m.m.a.RequestResponseBodyMethodProcessor - Using 'application/json', given [*/*] and supported [application/json]
2025-07-03 15:17:23 [http-nio-8081-exec-6] DEBUG o.s.w.s.m.m.a.RequestResponseBodyMethodProcessor - Writing [{configUrl=/v3/api-docs/swagger-config, oauth2RedirectUrl=http://localhost:8081/swagger-ui/oauth2-re (truncated)...]
2025-07-03 15:17:23 [http-nio-8081-exec-6] DEBUG o.s.web.servlet.DispatcherServlet - Completed 200 OK
2025-07-03 15:17:23 [http-nio-8081-exec-8] DEBUG o.s.web.servlet.DispatcherServlet - GET "/v3/api-docs", parameters={}
2025-07-03 15:17:23 [http-nio-8081-exec-8] DEBUG o.s.w.s.m.m.a.RequestMappingHandlerMapping - Mapped to org.springdoc.webmvc.api.OpenApiWebMvcResource#openapiJson(HttpServletRequest, String, Locale)
2025-07-03 15:17:24 [http-nio-8081-exec-8] INFO  o.s.api.AbstractOpenApiResource - Init duration for springdoc-openapi is: 263 ms
2025-07-03 15:17:24 [http-nio-8081-exec-8] DEBUG o.s.w.s.m.m.a.RequestResponseBodyMethodProcessor - Using 'application/json', given [application/json, */*] and supported [application/json]
2025-07-03 15:17:24 [http-nio-8081-exec-8] DEBUG o.s.w.s.m.m.a.RequestResponseBodyMethodProcessor - Writing [{123, 34, 111, 112, 101, 110, 97, 112, 105, 34, 58, 34, 51, 46, 48, 46, 49, 34, 44, 34, 105, 110, 10 (truncated)...]
2025-07-03 15:17:24 [http-nio-8081-exec-8] DEBUG o.s.web.servlet.DispatcherServlet - Completed 200 OK
2025-07-03 15:17:43 [http-nio-8081-exec-4] DEBUG o.s.web.servlet.DispatcherServlet - POST "/auth/token", parameters={}
2025-07-03 15:17:43 [http-nio-8081-exec-4] DEBUG o.s.w.s.m.m.a.RequestMappingHandlerMapping - Mapped to com.example.springboot.controller.AuthController#getToken(AuthRequest)
2025-07-03 15:17:43 [http-nio-8081-exec-4] DEBUG o.s.w.s.m.m.a.RequestResponseBodyMethodProcessor - Read "application/json;charset=UTF-8" to [com.example.springboot.dto.AuthRequest@a698bc2]
2025-07-03 15:17:43 [http-nio-8081-exec-4] DEBUG o.s.w.s.m.m.a.HttpEntityMethodProcessor - Using 'application/json', given [application/json, text/plain, */*] and supported [application/json, application/*+json]
2025-07-03 15:17:43 [http-nio-8081-exec-4] DEBUG o.s.w.s.m.m.a.HttpEntityMethodProcessor - Writing [{token=eyJhbGciOiJSUzI1NiJ9.eyJzdWIiOiJhbmlsIiwicm9sZXMiOlsiQURNSU4iXSwiaWF0IjoxNzUxNTM2MDYzLCJleHAi (truncated)...]
2025-07-03 15:17:43 [http-nio-8081-exec-4] DEBUG o.s.web.servlet.DispatcherServlet - Completed 200 OK
2025-07-03 15:17:43 [http-nio-8081-exec-5] DEBUG o.s.web.servlet.DispatcherServlet - GET "/employees/all", parameters={}
2025-07-03 15:17:43 [http-nio-8081-exec-5] DEBUG o.s.w.s.m.m.a.RequestMappingHandlerMapping - Mapped to com.example.springboot.controller.EmployeeController#getAll()
2025-07-03 15:17:43 [http-nio-8081-exec-5] INFO  c.e.s.controller.EmployeeController - Fetching all employees
2025-07-03 15:17:43 [http-nio-8081-exec-5] DEBUG o.s.w.s.m.m.a.RequestResponseBodyMethodProcessor - Using 'application/json', given [application/json, text/plain, */*] and supported [application/json, application/*+json]
2025-07-03 15:17:43 [http-nio-8081-exec-5] DEBUG o.s.w.s.m.m.a.RequestResponseBodyMethodProcessor - Writing [[EmployeeDTO(id=1, firstName=Anuradha, lastName=Shrivastava, email=anuradha@example.com, department= (truncated)...]
2025-07-03 15:17:43 [http-nio-8081-exec-5] DEBUG o.s.web.servlet.DispatcherServlet - Completed 200 OK
2025-07-03 15:17:51 [http-nio-8081-exec-6] DEBUG o.s.web.servlet.DispatcherServlet - GET "/employees/all", parameters={}
2025-07-03 15:17:51 [http-nio-8081-exec-6] DEBUG o.s.w.s.m.m.a.RequestMappingHandlerMapping - Mapped to com.example.springboot.controller.EmployeeController#getAll()
2025-07-03 15:17:51 [http-nio-8081-exec-6] INFO  c.e.s.controller.EmployeeController - Fetching all employees
2025-07-03 15:17:51 [http-nio-8081-exec-6] DEBUG o.s.w.s.m.m.a.RequestResponseBodyMethodProcessor - Using 'application/json', given [application/json, text/plain, */*] and supported [application/json, application/*+json]
2025-07-03 15:17:51 [http-nio-8081-exec-6] DEBUG o.s.w.s.m.m.a.RequestResponseBodyMethodProcessor - Writing [[EmployeeDTO(id=1, firstName=Anuradha, lastName=Shrivastava, email=anuradha@example.com, department= (truncated)...]
2025-07-03 15:17:51 [http-nio-8081-exec-6] DEBUG o.s.web.servlet.DispatcherServlet - Completed 200 OK
2025-07-03 15:18:03 [http-nio-8081-exec-1] DEBUG o.s.web.servlet.DispatcherServlet - GET "/", parameters={}
2025-07-03 15:18:03 [http-nio-8081-exec-1] DEBUG o.s.w.s.v.ContentNegotiatingViewResolver - Selected 'text/html' given [text/html, application/xhtml+xml, image/avif, image/webp, image/apng, application/xml;q=0.9, */*;q=0.8, application/signed-exchange;v=b3;q=0.7]
2025-07-03 15:18:03 [http-nio-8081-exec-1] DEBUG o.s.w.s.view.InternalResourceView - View name 'forward:', model {}
2025-07-03 15:18:03 [http-nio-8081-exec-1] DEBUG o.s.w.s.view.InternalResourceView - Forwarding to [index.html]
2025-07-03 15:18:03 [http-nio-8081-exec-1] DEBUG o.s.web.servlet.DispatcherServlet - "FORWARD" dispatch for GET "/index.html", parameters={}
2025-07-03 15:18:03 [http-nio-8081-exec-1] DEBUG o.s.w.s.h.SimpleUrlHandlerMapping - Mapped to ResourceHttpRequestHandler [classpath [META-INF/resources/], classpath [resources/], classpath [static/], classpath [public/], ServletContext [/]]
2025-07-03 15:18:03 [http-nio-8081-exec-1] DEBUG o.s.web.servlet.DispatcherServlet - Exiting from "FORWARD" dispatch, status 200
2025-07-03 15:18:03 [http-nio-8081-exec-1] DEBUG o.s.web.servlet.DispatcherServlet - Completed 200 OK
2025-07-03 15:18:03 [http-nio-8081-exec-2] DEBUG o.s.web.servlet.DispatcherServlet - GET "/static/js/main.5227ef0c.js", parameters={}
2025-07-03 15:18:03 [http-nio-8081-exec-3] DEBUG o.s.web.servlet.DispatcherServlet - GET "/static/css/main.e6c13ad2.css", parameters={}
2025-07-03 15:18:03 [http-nio-8081-exec-2] DEBUG o.s.w.s.h.SimpleUrlHandlerMapping - Mapped to ResourceHttpRequestHandler [classpath [META-INF/resources/], classpath [resources/], classpath [static/], classpath [public/], ServletContext [/]]
2025-07-03 15:18:03 [http-nio-8081-exec-3] DEBUG o.s.w.s.h.SimpleUrlHandlerMapping - Mapped to ResourceHttpRequestHandler [classpath [META-INF/resources/], classpath [resources/], classpath [static/], classpath [public/], ServletContext [/]]
2025-07-03 15:18:03 [http-nio-8081-exec-3] DEBUG o.s.web.servlet.DispatcherServlet - Completed 200 OK
2025-07-03 15:18:03 [http-nio-8081-exec-2] DEBUG o.s.web.servlet.DispatcherServlet - Completed 200 OK
2025-07-03 15:18:03 [http-nio-8081-exec-9] DEBUG o.s.web.servlet.DispatcherServlet - GET "/employees/all", parameters={}
2025-07-03 15:18:03 [http-nio-8081-exec-9] DEBUG o.s.w.s.m.m.a.RequestMappingHandlerMapping - Mapped to com.example.springboot.controller.EmployeeController#getAll()
2025-07-03 15:18:03 [http-nio-8081-exec-9] INFO  c.e.s.controller.EmployeeController - Fetching all employees
2025-07-03 15:18:03 [http-nio-8081-exec-9] DEBUG o.s.w.s.m.m.a.RequestResponseBodyMethodProcessor - Using 'application/json', given [application/json, text/plain, */*] and supported [application/json, application/*+json]
2025-07-03 15:18:03 [http-nio-8081-exec-9] DEBUG o.s.w.s.m.m.a.RequestResponseBodyMethodProcessor - Writing [[EmployeeDTO(id=1, firstName=Anuradha, lastName=Shrivastava, email=anuradha@example.com, department= (truncated)...]
2025-07-03 15:18:03 [http-nio-8081-exec-9] DEBUG o.s.web.servlet.DispatcherServlet - Completed 200 OK
2025-07-03 15:18:03 [http-nio-8081-exec-10] DEBUG o.s.web.servlet.DispatcherServlet - GET "/manifest.json", parameters={}
2025-07-03 15:18:03 [http-nio-8081-exec-10] DEBUG o.s.w.s.h.SimpleUrlHandlerMapping - Mapped to ResourceHttpRequestHandler [classpath [META-INF/resources/], classpath [resources/], classpath [static/], classpath [public/], ServletContext [/]]
2025-07-03 15:18:03 [http-nio-8081-exec-10] DEBUG o.s.web.servlet.DispatcherServlet - Completed 200 OK
2025-07-03 15:18:03 [http-nio-8081-exec-4] DEBUG o.s.web.servlet.DispatcherServlet - GET "/logo192.png", parameters={}
2025-07-03 15:18:03 [http-nio-8081-exec-4] DEBUG o.s.w.s.h.SimpleUrlHandlerMapping - Mapped to ResourceHttpRequestHandler [classpath [META-INF/resources/], classpath [resources/], classpath [static/], classpath [public/], ServletContext [/]]
2025-07-03 15:18:03 [http-nio-8081-exec-4] DEBUG o.s.web.servlet.DispatcherServlet - Completed 200 OK
2025-07-03 15:24:18 [SpringApplicationShutdownHook] INFO  o.s.o.j.LocalContainerEntityManagerFactoryBean - Closing JPA EntityManagerFactory for persistence unit 'default'
2025-07-03 15:24:18 [SpringApplicationShutdownHook] INFO  com.zaxxer.hikari.HikariDataSource - HikariPool-1 - Shutdown initiated...
2025-07-03 15:24:18 [SpringApplicationShutdownHook] INFO  com.zaxxer.hikari.HikariDataSource - HikariPool-1 - Shutdown completed.
2025-07-03 15:25:44 [main] INFO  com.example.springboot.Application - Starting Application using Java 17.0.15 with PID 36490 (/Users/anilshrivastava/Downloads/gs-spring-boot/complete/target/classes started by anilshrivastava in /Users/anilshrivastava/Downloads/gs-spring-boot/complete)
2025-07-03 15:25:44 [main] DEBUG com.example.springboot.Application - Running with Spring Boot v3.3.0, Spring v6.1.8
2025-07-03 15:25:44 [main] INFO  com.example.springboot.Application - The following 1 profile is active: "dev"
2025-07-03 15:25:45 [main] INFO  o.s.d.r.c.RepositoryConfigurationDelegate - Bootstrapping Spring Data JPA repositories in DEFAULT mode.
2025-07-03 15:25:45 [main] INFO  o.s.d.r.c.RepositoryConfigurationDelegate - Finished Spring Data repository scanning in 16 ms. Found 2 JPA repository interfaces.
2025-07-03 15:25:45 [main] INFO  o.s.b.w.e.tomcat.TomcatWebServer - Tomcat initialized with port 8081 (http)
2025-07-03 15:25:45 [main] INFO  o.a.catalina.core.StandardService - Starting service [Tomcat]
2025-07-03 15:25:45 [main] INFO  o.a.catalina.core.StandardEngine - Starting Servlet engine: [Apache Tomcat/10.1.24]
2025-07-03 15:25:45 [main] INFO  o.a.c.c.C.[Tomcat].[localhost].[/] - Initializing Spring embedded WebApplicationContext
2025-07-03 15:25:45 [main] INFO  o.s.b.w.s.c.ServletWebServerApplicationContext - Root WebApplicationContext: initialization completed in 768 ms
2025-07-03 15:25:45 [main] DEBUG o.s.w.f.ServerHttpObservationFilter - Filter 'webMvcObservationFilter' configured for use
2025-07-03 15:25:45 [main] INFO  o.h.jpa.internal.util.LogHelper - HHH000204: Processing PersistenceUnitInfo [name: default]
2025-07-03 15:25:45 [main] INFO  org.hibernate.Version - HHH000412: Hibernate ORM core version 6.5.2.Final
2025-07-03 15:25:45 [main] INFO  o.h.c.i.RegionFactoryInitiator - HHH000026: Second-level cache disabled
2025-07-03 15:25:45 [main] INFO  o.s.o.j.p.SpringPersistenceUnitInfo - No LoadTimeWeaver setup: ignoring JPA class transformer
2025-07-03 15:25:45 [main] INFO  com.zaxxer.hikari.HikariDataSource - HikariPool-1 - Starting...
2025-07-03 15:25:45 [main] INFO  com.zaxxer.hikari.pool.HikariPool - HikariPool-1 - Added connection org.postgresql.jdbc.PgConnection@4a2653a0
2025-07-03 15:25:45 [main] INFO  com.zaxxer.hikari.HikariDataSource - HikariPool-1 - Start completed.
2025-07-03 15:25:45 [main] WARN  org.hibernate.orm.deprecation - HHH90000025: PostgreSQLDialect does not need to be specified explicitly using 'hibernate.dialect' (remove the property setting and it will be selected by default)
2025-07-03 15:25:46 [main] INFO  o.h.e.t.j.p.i.JtaPlatformInitiator - HHH000489: No JTA platform available (set 'hibernate.transaction.jta.platform' to enable JTA platform integration)
2025-07-03 15:25:46 [main] INFO  o.s.o.j.LocalContainerEntityManagerFactoryBean - Initialized JPA EntityManagerFactory for persistence unit 'default'
2025-07-03 15:25:46 [main] INFO  o.s.s.c.a.a.c.InitializeUserDetailsBeanManagerConfigurer$InitializeUserDetailsManagerConfigurer - Global AuthenticationManager configured with UserDetailsService bean with name customUserDetailsService
2025-07-03 15:25:46 [main] WARN  o.s.b.a.o.j.JpaBaseConfiguration$JpaWebConfiguration - spring.jpa.open-in-view is enabled by default. Therefore, database queries may be performed during view rendering. Explicitly configure spring.jpa.open-in-view to disable this warning
2025-07-03 15:25:46 [main] INFO  o.s.b.a.w.s.WelcomePageHandlerMapping - Adding welcome page: class path resource [static/index.html]
2025-07-03 15:25:46 [main] DEBUG o.s.w.s.m.m.a.RequestMappingHandlerMapping - 17 mappings in 'requestMappingHandlerMapping'
2025-07-03 15:25:46 [main] DEBUG o.s.w.s.h.SimpleUrlHandlerMapping - Patterns [/webjars/**, /**, /swagger-ui*/*swagger-initializer.js, /swagger-ui*/**] in 'resourceHandlerMapping'
2025-07-03 15:25:46 [main] INFO  o.s.b.a.e.web.EndpointLinksResolver - Exposing 15 endpoints beneath base path '/actuator'
2025-07-03 15:25:46 [main] INFO  o.s.s.web.DefaultSecurityFilterChain - Will secure any request with [org.springframework.security.web.session.DisableEncodeUrlFilter@a49995f, org.springframework.security.web.context.request.async.WebAsyncManagerIntegrationFilter@2cb95c6c, org.springframework.security.web.context.SecurityContextHolderFilter@514f2b5c, org.springframework.security.web.header.HeaderWriterFilter@33224703, org.springframework.web.filter.CorsFilter@1484cb57, org.springframework.security.web.authentication.logout.LogoutFilter@5fe7454c, org.springframework.security.oauth2.server.resource.web.authentication.BearerTokenAuthenticationFilter@e4b9a64, org.springframework.security.web.authentication.www.BasicAuthenticationFilter@47db5b8f, org.springframework.security.web.savedrequest.RequestCacheAwareFilter@3020f22, org.springframework.security.web.servletapi.SecurityContextHolderAwareRequestFilter@c730e65, org.springframework.security.web.authentication.AnonymousAuthenticationFilter@1e250539, org.springframework.security.web.access.ExceptionTranslationFilter@27ae6f9e, org.springframework.security.web.access.intercept.AuthorizationFilter@4cd886b7]
2025-07-03 15:25:47 [main] DEBUG o.s.w.s.m.m.a.RequestMappingHandlerAdapter - ControllerAdvice beans: 0 @ModelAttribute, 0 @InitBinder, 1 RequestBodyAdvice, 1 ResponseBodyAdvice
2025-07-03 15:25:47 [main] DEBUG o.s.w.s.m.m.a.ExceptionHandlerExceptionResolver - ControllerAdvice beans: 2 @ExceptionHandler, 1 ResponseBodyAdvice
2025-07-03 15:25:47 [main] INFO  o.s.b.w.e.tomcat.TomcatWebServer - Tomcat started on port 8081 (http) with context path '/'
2025-07-03 15:25:47 [main] INFO  com.example.springboot.Application - Started Application in 2.654 seconds (process running for 2.789)
2025-07-03 15:25:58 [http-nio-8081-exec-1] INFO  o.a.c.c.C.[Tomcat].[localhost].[/] - Initializing Spring DispatcherServlet 'dispatcherServlet'
2025-07-03 15:25:58 [http-nio-8081-exec-1] INFO  o.s.web.servlet.DispatcherServlet - Initializing Servlet 'dispatcherServlet'
2025-07-03 15:25:58 [http-nio-8081-exec-1] DEBUG o.s.web.servlet.DispatcherServlet - Detected StandardServletMultipartResolver
2025-07-03 15:25:58 [http-nio-8081-exec-1] DEBUG o.s.web.servlet.DispatcherServlet - Detected AcceptHeaderLocaleResolver
2025-07-03 15:25:58 [http-nio-8081-exec-1] DEBUG o.s.web.servlet.DispatcherServlet - Detected FixedThemeResolver
2025-07-03 15:25:58 [http-nio-8081-exec-1] DEBUG o.s.web.servlet.DispatcherServlet - Detected org.springframework.web.servlet.view.DefaultRequestToViewNameTranslator@4addfb95
2025-07-03 15:25:58 [http-nio-8081-exec-1] DEBUG o.s.web.servlet.DispatcherServlet - Detected org.springframework.web.servlet.support.SessionFlashMapManager@21b508a0
2025-07-03 15:25:58 [http-nio-8081-exec-1] DEBUG o.s.web.servlet.DispatcherServlet - enableLoggingRequestDetails='false': request parameters and headers will be masked to prevent unsafe logging of potentially sensitive data
2025-07-03 15:25:58 [http-nio-8081-exec-1] INFO  o.s.web.servlet.DispatcherServlet - Completed initialization in 10 ms
2025-07-03 15:25:59 [http-nio-8081-exec-1] DEBUG o.s.web.servlet.DispatcherServlet - POST "/auth/token", parameters={}
2025-07-03 15:25:59 [http-nio-8081-exec-1] DEBUG o.s.w.s.m.m.a.RequestMappingHandlerMapping - Mapped to com.example.springboot.controller.AuthController#getToken(AuthRequest)
2025-07-03 15:25:59 [http-nio-8081-exec-1] DEBUG o.s.w.s.m.m.a.RequestResponseBodyMethodProcessor - Read "application/json;charset=UTF-8" to [com.example.springboot.dto.AuthRequest@1cfc2ec1]
2025-07-03 15:25:59 [http-nio-8081-exec-1] DEBUG o.s.w.s.m.m.a.HttpEntityMethodProcessor - Using 'application/json', given [application/json, text/plain, */*] and supported [application/json, application/*+json]
2025-07-03 15:25:59 [http-nio-8081-exec-1] DEBUG o.s.w.s.m.m.a.HttpEntityMethodProcessor - Writing [{token=eyJhbGciOiJSUzI1NiJ9.eyJzdWIiOiJhbmlsIiwicm9sZXMiOlsiQURNSU4iXSwiaWF0IjoxNzUxNTM2NTU5LCJleHAi (truncated)...]
2025-07-03 15:25:59 [http-nio-8081-exec-1] DEBUG o.s.web.servlet.DispatcherServlet - Completed 200 OK
2025-07-03 15:25:59 [http-nio-8081-exec-2] DEBUG o.s.web.servlet.DispatcherServlet - GET "/employees/all", parameters={}
2025-07-03 15:25:59 [http-nio-8081-exec-2] DEBUG o.s.w.s.m.m.a.RequestMappingHandlerMapping - Mapped to com.example.springboot.controller.EmployeeController#getAll()
2025-07-03 15:25:59 [http-nio-8081-exec-2] INFO  c.e.s.controller.EmployeeController - Fetching all employees
2025-07-03 15:25:59 [http-nio-8081-exec-2] DEBUG o.s.w.s.m.m.a.RequestResponseBodyMethodProcessor - Using 'application/json', given [application/json, text/plain, */*] and supported [application/json, application/*+json]
2025-07-03 15:25:59 [http-nio-8081-exec-2] DEBUG o.s.w.s.m.m.a.RequestResponseBodyMethodProcessor - Writing [[EmployeeDTO(id=1, firstName=Anuradha, lastName=Shrivastava, email=anuradha@example.com, department= (truncated)...]
2025-07-03 15:25:59 [http-nio-8081-exec-2] DEBUG o.s.web.servlet.DispatcherServlet - Completed 200 OK
2025-07-03 15:26:02 [http-nio-8081-exec-4] DEBUG o.s.web.servlet.DispatcherServlet - GET "/employees/all", parameters={}
2025-07-03 15:26:02 [http-nio-8081-exec-4] DEBUG o.s.w.s.m.m.a.RequestMappingHandlerMapping - Mapped to com.example.springboot.controller.EmployeeController#getAll()
2025-07-03 15:26:02 [http-nio-8081-exec-4] INFO  c.e.s.controller.EmployeeController - Fetching all employees
2025-07-03 15:26:02 [http-nio-8081-exec-4] DEBUG o.s.w.s.m.m.a.RequestResponseBodyMethodProcessor - Using 'application/json', given [application/json, text/plain, */*] and supported [application/json, application/*+json]
2025-07-03 15:26:02 [http-nio-8081-exec-4] DEBUG o.s.w.s.m.m.a.RequestResponseBodyMethodProcessor - Writing [[EmployeeDTO(id=1, firstName=Anuradha, lastName=Shrivastava, email=anuradha@example.com, department= (truncated)...]
2025-07-03 15:26:02 [http-nio-8081-exec-4] DEBUG o.s.web.servlet.DispatcherServlet - Completed 200 OK
2025-07-03 15:33:17 [SpringApplicationShutdownHook] INFO  o.s.o.j.LocalContainerEntityManagerFactoryBean - Closing JPA EntityManagerFactory for persistence unit 'default'
2025-07-03 15:33:17 [SpringApplicationShutdownHook] INFO  com.zaxxer.hikari.HikariDataSource - HikariPool-1 - Shutdown initiated...
2025-07-03 15:33:17 [SpringApplicationShutdownHook] INFO  com.zaxxer.hikari.HikariDataSource - HikariPool-1 - Shutdown completed.
2025-07-03 15:34:26 [main] INFO  com.example.springboot.Application - Starting Application using Java 17.0.15 with PID 37060 (/Users/anilshrivastava/Downloads/gs-spring-boot/complete/target/classes started by anilshrivastava in /Users/anilshrivastava/Downloads/gs-spring-boot/complete)
2025-07-03 15:34:26 [main] DEBUG com.example.springboot.Application - Running with Spring Boot v3.3.0, Spring v6.1.8
2025-07-03 15:34:26 [main] INFO  com.example.springboot.Application - The following 1 profile is active: "dev"
2025-07-03 15:34:26 [main] INFO  o.s.d.r.c.RepositoryConfigurationDelegate - Bootstrapping Spring Data JPA repositories in DEFAULT mode.
2025-07-03 15:34:26 [main] INFO  o.s.d.r.c.RepositoryConfigurationDelegate - Finished Spring Data repository scanning in 17 ms. Found 2 JPA repository interfaces.
2025-07-03 15:34:27 [main] INFO  o.s.b.w.e.tomcat.TomcatWebServer - Tomcat initialized with port 8081 (http)
2025-07-03 15:34:27 [main] INFO  o.a.catalina.core.StandardService - Starting service [Tomcat]
2025-07-03 15:34:27 [main] INFO  o.a.catalina.core.StandardEngine - Starting Servlet engine: [Apache Tomcat/10.1.24]
2025-07-03 15:34:27 [main] INFO  o.a.c.c.C.[Tomcat].[localhost].[/] - Initializing Spring embedded WebApplicationContext
2025-07-03 15:34:27 [main] INFO  o.s.b.w.s.c.ServletWebServerApplicationContext - Root WebApplicationContext: initialization completed in 755 ms
2025-07-03 15:34:27 [main] DEBUG o.s.w.f.ServerHttpObservationFilter - Filter 'webMvcObservationFilter' configured for use
2025-07-03 15:34:27 [main] INFO  o.h.jpa.internal.util.LogHelper - HHH000204: Processing PersistenceUnitInfo [name: default]
2025-07-03 15:34:27 [main] INFO  org.hibernate.Version - HHH000412: Hibernate ORM core version 6.5.2.Final
2025-07-03 15:34:27 [main] INFO  o.h.c.i.RegionFactoryInitiator - HHH000026: Second-level cache disabled
2025-07-03 15:34:27 [main] INFO  o.s.o.j.p.SpringPersistenceUnitInfo - No LoadTimeWeaver setup: ignoring JPA class transformer
2025-07-03 15:34:27 [main] INFO  com.zaxxer.hikari.HikariDataSource - HikariPool-1 - Starting...
2025-07-03 15:34:27 [main] INFO  com.zaxxer.hikari.pool.HikariPool - HikariPool-1 - Added connection org.postgresql.jdbc.PgConnection@4a2653a0
2025-07-03 15:34:27 [main] INFO  com.zaxxer.hikari.HikariDataSource - HikariPool-1 - Start completed.
2025-07-03 15:34:27 [main] WARN  org.hibernate.orm.deprecation - HHH90000025: PostgreSQLDialect does not need to be specified explicitly using 'hibernate.dialect' (remove the property setting and it will be selected by default)
2025-07-03 15:34:28 [main] INFO  o.h.e.t.j.p.i.JtaPlatformInitiator - HHH000489: No JTA platform available (set 'hibernate.transaction.jta.platform' to enable JTA platform integration)
2025-07-03 15:34:28 [main] INFO  o.s.o.j.LocalContainerEntityManagerFactoryBean - Initialized JPA EntityManagerFactory for persistence unit 'default'
2025-07-03 15:34:28 [main] INFO  o.s.s.c.a.a.c.InitializeUserDetailsBeanManagerConfigurer$InitializeUserDetailsManagerConfigurer - Global AuthenticationManager configured with UserDetailsService bean with name customUserDetailsService
2025-07-03 15:34:28 [main] WARN  o.s.b.a.o.j.JpaBaseConfiguration$JpaWebConfiguration - spring.jpa.open-in-view is enabled by default. Therefore, database queries may be performed during view rendering. Explicitly configure spring.jpa.open-in-view to disable this warning
2025-07-03 15:34:28 [main] INFO  o.s.b.a.w.s.WelcomePageHandlerMapping - Adding welcome page: class path resource [static/index.html]
2025-07-03 15:34:28 [main] DEBUG o.s.w.s.m.m.a.RequestMappingHandlerMapping - 17 mappings in 'requestMappingHandlerMapping'
2025-07-03 15:34:28 [main] DEBUG o.s.w.s.h.SimpleUrlHandlerMapping - Patterns [/webjars/**, /**, /swagger-ui*/*swagger-initializer.js, /swagger-ui*/**] in 'resourceHandlerMapping'
2025-07-03 15:34:28 [main] INFO  o.s.b.a.e.web.EndpointLinksResolver - Exposing 15 endpoints beneath base path '/actuator'
2025-07-03 15:34:28 [main] INFO  o.s.s.web.DefaultSecurityFilterChain - Will secure any request with [org.springframework.security.web.session.DisableEncodeUrlFilter@7ef8cfbb, org.springframework.security.web.context.request.async.WebAsyncManagerIntegrationFilter@17d3bf09, org.springframework.security.web.context.SecurityContextHolderFilter@76a13b12, org.springframework.security.web.header.HeaderWriterFilter@7356ec91, org.springframework.web.filter.CorsFilter@a49995f, org.springframework.security.web.authentication.logout.LogoutFilter@495cac83, org.springframework.security.oauth2.server.resource.web.authentication.BearerTokenAuthenticationFilter@25058759, org.springframework.security.web.authentication.www.BasicAuthenticationFilter@43f23338, org.springframework.security.web.savedrequest.RequestCacheAwareFilter@70ba01be, org.springframework.security.web.servletapi.SecurityContextHolderAwareRequestFilter@4a57ad67, org.springframework.security.web.authentication.AnonymousAuthenticationFilter@2cb95c6c, org.springframework.security.web.access.ExceptionTranslationFilter@34e4a136, org.springframework.security.web.access.intercept.AuthorizationFilter@3b870ed3]
2025-07-03 15:34:28 [main] DEBUG o.s.w.s.m.m.a.RequestMappingHandlerAdapter - ControllerAdvice beans: 0 @ModelAttribute, 0 @InitBinder, 1 RequestBodyAdvice, 1 ResponseBodyAdvice
2025-07-03 15:34:28 [main] DEBUG o.s.w.s.m.m.a.ExceptionHandlerExceptionResolver - ControllerAdvice beans: 2 @ExceptionHandler, 1 ResponseBodyAdvice
2025-07-03 15:34:29 [main] INFO  o.s.b.w.e.tomcat.TomcatWebServer - Tomcat started on port 8081 (http) with context path '/'
2025-07-03 15:34:29 [main] INFO  com.example.springboot.Application - Started Application in 2.796 seconds (process running for 2.935)
2025-07-03 15:34:39 [http-nio-8081-exec-1] INFO  o.a.c.c.C.[Tomcat].[localhost].[/] - Initializing Spring DispatcherServlet 'dispatcherServlet'
2025-07-03 15:34:39 [http-nio-8081-exec-1] INFO  o.s.web.servlet.DispatcherServlet - Initializing Servlet 'dispatcherServlet'
2025-07-03 15:34:39 [http-nio-8081-exec-1] DEBUG o.s.web.servlet.DispatcherServlet - Detected StandardServletMultipartResolver
2025-07-03 15:34:39 [http-nio-8081-exec-1] DEBUG o.s.web.servlet.DispatcherServlet - Detected AcceptHeaderLocaleResolver
2025-07-03 15:34:39 [http-nio-8081-exec-1] DEBUG o.s.web.servlet.DispatcherServlet - Detected FixedThemeResolver
2025-07-03 15:34:39 [http-nio-8081-exec-1] DEBUG o.s.web.servlet.DispatcherServlet - Detected org.springframework.web.servlet.view.DefaultRequestToViewNameTranslator@4ca6e265
2025-07-03 15:34:39 [http-nio-8081-exec-1] DEBUG o.s.web.servlet.DispatcherServlet - Detected org.springframework.web.servlet.support.SessionFlashMapManager@136d1d58
2025-07-03 15:34:39 [http-nio-8081-exec-1] DEBUG o.s.web.servlet.DispatcherServlet - enableLoggingRequestDetails='false': request parameters and headers will be masked to prevent unsafe logging of potentially sensitive data
2025-07-03 15:34:39 [http-nio-8081-exec-1] INFO  o.s.web.servlet.DispatcherServlet - Completed initialization in 6 ms
2025-07-03 15:34:39 [http-nio-8081-exec-1] DEBUG o.s.web.servlet.DispatcherServlet - GET "/", parameters={}
2025-07-03 15:34:39 [http-nio-8081-exec-1] DEBUG o.s.w.s.v.ContentNegotiatingViewResolver - Selected 'text/html' given [text/html, application/xhtml+xml, image/avif, image/webp, image/apng, application/xml;q=0.9, */*;q=0.8, application/signed-exchange;v=b3;q=0.7]
2025-07-03 15:34:39 [http-nio-8081-exec-1] DEBUG o.s.w.s.view.InternalResourceView - View name 'forward:', model {}
2025-07-03 15:34:39 [http-nio-8081-exec-1] DEBUG o.s.w.s.view.InternalResourceView - Forwarding to [index.html]
2025-07-03 15:34:39 [http-nio-8081-exec-1] DEBUG o.s.web.servlet.DispatcherServlet - "FORWARD" dispatch for GET "/index.html", parameters={}
2025-07-03 15:34:39 [http-nio-8081-exec-1] DEBUG o.s.w.s.h.SimpleUrlHandlerMapping - Mapped to ResourceHttpRequestHandler [classpath [META-INF/resources/], classpath [resources/], classpath [static/], classpath [public/], ServletContext [/]]
2025-07-03 15:34:39 [http-nio-8081-exec-1] DEBUG o.s.web.servlet.DispatcherServlet - Exiting from "FORWARD" dispatch, status 200
2025-07-03 15:34:39 [http-nio-8081-exec-1] DEBUG o.s.web.servlet.DispatcherServlet - Completed 200 OK
2025-07-03 15:34:39 [http-nio-8081-exec-2] DEBUG o.s.web.servlet.DispatcherServlet - GET "/static/js/main.bad25bb4.js", parameters={}
2025-07-03 15:34:39 [http-nio-8081-exec-3] DEBUG o.s.web.servlet.DispatcherServlet - GET "/static/css/main.e6c13ad2.css", parameters={}
2025-07-03 15:34:39 [http-nio-8081-exec-3] DEBUG o.s.w.s.h.SimpleUrlHandlerMapping - Mapped to ResourceHttpRequestHandler [classpath [META-INF/resources/], classpath [resources/], classpath [static/], classpath [public/], ServletContext [/]]
2025-07-03 15:34:39 [http-nio-8081-exec-2] DEBUG o.s.w.s.h.SimpleUrlHandlerMapping - Mapped to ResourceHttpRequestHandler [classpath [META-INF/resources/], classpath [resources/], classpath [static/], classpath [public/], ServletContext [/]]
2025-07-03 15:34:39 [http-nio-8081-exec-3] DEBUG o.s.web.servlet.DispatcherServlet - Completed 200 OK
2025-07-03 15:34:39 [http-nio-8081-exec-2] DEBUG o.s.web.servlet.DispatcherServlet - Completed 200 OK
2025-07-03 15:34:40 [http-nio-8081-exec-4] DEBUG o.s.web.servlet.DispatcherServlet - GET "/manifest.json", parameters={}
2025-07-03 15:34:40 [http-nio-8081-exec-4] DEBUG o.s.w.s.h.SimpleUrlHandlerMapping - Mapped to ResourceHttpRequestHandler [classpath [META-INF/resources/], classpath [resources/], classpath [static/], classpath [public/], ServletContext [/]]
2025-07-03 15:34:40 [http-nio-8081-exec-4] DEBUG o.s.web.servlet.DispatcherServlet - Completed 200 OK
2025-07-03 15:34:40 [http-nio-8081-exec-5] DEBUG o.s.web.servlet.DispatcherServlet - GET "/logo192.png", parameters={}
2025-07-03 15:34:40 [http-nio-8081-exec-5] DEBUG o.s.w.s.h.SimpleUrlHandlerMapping - Mapped to ResourceHttpRequestHandler [classpath [META-INF/resources/], classpath [resources/], classpath [static/], classpath [public/], ServletContext [/]]
2025-07-03 15:34:40 [http-nio-8081-exec-5] DEBUG o.s.web.servlet.DispatcherServlet - Completed 200 OK
2025-07-03 15:34:49 [http-nio-8081-exec-6] DEBUG o.s.web.servlet.DispatcherServlet - POST "/auth/token", parameters={}
2025-07-03 15:34:49 [http-nio-8081-exec-6] DEBUG o.s.w.s.m.m.a.RequestMappingHandlerMapping - Mapped to com.example.springboot.controller.AuthController#getToken(AuthRequest)
2025-07-03 15:34:49 [http-nio-8081-exec-6] DEBUG o.s.w.s.m.m.a.RequestResponseBodyMethodProcessor - Read "application/json;charset=UTF-8" to [com.example.springboot.dto.AuthRequest@777dedae]
2025-07-03 15:34:49 [http-nio-8081-exec-6] DEBUG o.s.w.s.m.m.a.HttpEntityMethodProcessor - Using 'application/json', given [application/json, text/plain, */*] and supported [application/json, application/*+json]
2025-07-03 15:34:49 [http-nio-8081-exec-6] DEBUG o.s.w.s.m.m.a.HttpEntityMethodProcessor - Writing [{token=eyJhbGciOiJSUzI1NiJ9.eyJzdWIiOiJhbmlsIiwicm9sZXMiOlsiQURNSU4iXSwiaWF0IjoxNzUxNTM3MDg5LCJleHAi (truncated)...]
2025-07-03 15:34:49 [http-nio-8081-exec-6] DEBUG o.s.web.servlet.DispatcherServlet - Completed 200 OK
2025-07-03 15:34:49 [http-nio-8081-exec-7] DEBUG o.s.web.servlet.DispatcherServlet - GET "/employees/all", parameters={}
2025-07-03 15:34:49 [http-nio-8081-exec-7] DEBUG o.s.w.s.m.m.a.RequestMappingHandlerMapping - Mapped to com.example.springboot.controller.EmployeeController#getAll()
2025-07-03 15:34:49 [http-nio-8081-exec-7] INFO  c.e.s.controller.EmployeeController - Fetching all employees
2025-07-03 15:34:49 [http-nio-8081-exec-7] DEBUG o.s.w.s.m.m.a.RequestResponseBodyMethodProcessor - Using 'application/json', given [application/json, text/plain, */*] and supported [application/json, application/*+json]
2025-07-03 15:34:49 [http-nio-8081-exec-7] DEBUG o.s.w.s.m.m.a.RequestResponseBodyMethodProcessor - Writing [[EmployeeDTO(id=1, firstName=Anuradha, lastName=Shrivastava, email=anuradha@example.com, department= (truncated)...]
2025-07-03 15:34:49 [http-nio-8081-exec-7] DEBUG o.s.web.servlet.DispatcherServlet - Completed 200 OK
2025-07-03 15:35:04 [http-nio-8081-exec-9] DEBUG o.s.web.servlet.DispatcherServlet - GET "/employees/all", parameters={}
2025-07-03 15:35:04 [http-nio-8081-exec-9] DEBUG o.s.w.s.m.m.a.RequestMappingHandlerMapping - Mapped to com.example.springboot.controller.EmployeeController#getAll()
2025-07-03 15:35:04 [http-nio-8081-exec-9] INFO  c.e.s.controller.EmployeeController - Fetching all employees
2025-07-03 15:35:04 [http-nio-8081-exec-9] DEBUG o.s.w.s.m.m.a.RequestResponseBodyMethodProcessor - Using 'application/json', given [application/json, text/plain, */*] and supported [application/json, application/*+json]
2025-07-03 15:35:04 [http-nio-8081-exec-9] DEBUG o.s.w.s.m.m.a.RequestResponseBodyMethodProcessor - Writing [[EmployeeDTO(id=1, firstName=Anuradha, lastName=Shrivastava, email=anuradha@example.com, department= (truncated)...]
2025-07-03 15:35:04 [http-nio-8081-exec-9] DEBUG o.s.web.servlet.DispatcherServlet - Completed 200 OK
2025-07-03 15:35:25 [http-nio-8081-exec-2] DEBUG o.s.web.servlet.DispatcherServlet - GET "/manifest.json", parameters={}
2025-07-03 15:35:25 [http-nio-8081-exec-3] DEBUG o.s.web.servlet.DispatcherServlet - GET "/static/css/main.e6c13ad2.css", parameters={}
2025-07-03 15:35:25 [http-nio-8081-exec-2] DEBUG o.s.w.s.h.SimpleUrlHandlerMapping - Mapped to ResourceHttpRequestHandler [classpath [META-INF/resources/], classpath [resources/], classpath [static/], classpath [public/], ServletContext [/]]
2025-07-03 15:35:25 [http-nio-8081-exec-3] DEBUG o.s.w.s.h.SimpleUrlHandlerMapping - Mapped to ResourceHttpRequestHandler [classpath [META-INF/resources/], classpath [resources/], classpath [static/], classpath [public/], ServletContext [/]]
2025-07-03 15:35:25 [http-nio-8081-exec-2] DEBUG o.s.web.servlet.DispatcherServlet - Completed 200 OK
2025-07-03 15:35:25 [http-nio-8081-exec-3] DEBUG o.s.web.servlet.DispatcherServlet - Completed 200 OK
2025-07-03 15:35:25 [http-nio-8081-exec-1] DEBUG o.s.web.servlet.DispatcherServlet - GET "/.well-known/appspecific/com.chrome.devtools.json", parameters={}
2025-07-03 15:35:25 [http-nio-8081-exec-1] DEBUG o.s.w.s.h.SimpleUrlHandlerMapping - Mapped to ResourceHttpRequestHandler [classpath [META-INF/resources/], classpath [resources/], classpath [static/], classpath [public/], ServletContext [/]]
2025-07-03 15:35:25 [http-nio-8081-exec-1] DEBUG o.s.w.s.r.ResourceHttpRequestHandler - Resource not found
2025-07-03 15:35:25 [http-nio-8081-exec-1] DEBUG o.s.w.s.m.s.DefaultHandlerExceptionResolver - Resolved [org.springframework.web.servlet.resource.NoResourceFoundException: No static resource .well-known/appspecific/com.chrome.devtools.json.]
2025-07-03 15:35:25 [http-nio-8081-exec-1] DEBUG o.s.web.servlet.DispatcherServlet - Completed 404 NOT_FOUND
2025-07-03 15:35:25 [http-nio-8081-exec-1] DEBUG o.s.web.servlet.DispatcherServlet - "ERROR" dispatch for GET "/error", parameters={}
2025-07-03 15:35:25 [http-nio-8081-exec-1] DEBUG o.s.w.s.m.m.a.RequestMappingHandlerMapping - Mapped to org.springframework.boot.autoconfigure.web.servlet.error.BasicErrorController#error(HttpServletRequest)
2025-07-03 15:35:25 [http-nio-8081-exec-1] DEBUG o.s.w.s.m.m.a.HttpEntityMethodProcessor - Using 'application/json', given [*/*] and supported [application/json, application/*+json]
2025-07-03 15:35:25 [http-nio-8081-exec-1] DEBUG o.s.w.s.m.m.a.HttpEntityMethodProcessor - Writing [{timestamp=Thu Jul 03 15:35:25 IST 2025, status=404, error=Not Found, message=No static resource .we (truncated)...]
2025-07-03 15:35:25 [http-nio-8081-exec-1] DEBUG o.s.web.servlet.DispatcherServlet - Exiting from "ERROR" dispatch, status 404
2025-07-03 15:35:25 [http-nio-8081-exec-4] DEBUG o.s.web.servlet.DispatcherServlet - GET "/static/js/main.bad25bb4.js.map", parameters={}
2025-07-03 15:35:25 [http-nio-8081-exec-4] DEBUG o.s.w.s.h.SimpleUrlHandlerMapping - Mapped to ResourceHttpRequestHandler [classpath [META-INF/resources/], classpath [resources/], classpath [static/], classpath [public/], ServletContext [/]]
2025-07-03 15:35:25 [http-nio-8081-exec-5] DEBUG o.s.web.servlet.DispatcherServlet - GET "/static/css/main.e6c13ad2.css.map", parameters={}
2025-07-03 15:35:25 [http-nio-8081-exec-5] DEBUG o.s.w.s.h.SimpleUrlHandlerMapping - Mapped to ResourceHttpRequestHandler [classpath [META-INF/resources/], classpath [resources/], classpath [static/], classpath [public/], ServletContext [/]]
2025-07-03 15:35:25 [http-nio-8081-exec-5] DEBUG o.s.web.servlet.DispatcherServlet - Completed 200 OK
2025-07-03 15:35:25 [http-nio-8081-exec-4] DEBUG o.s.web.servlet.DispatcherServlet - Completed 200 OK
2025-07-03 15:35:52 [http-nio-8081-exec-7] DEBUG o.s.web.servlet.DispatcherServlet - GET "/", parameters={}
2025-07-03 15:35:52 [http-nio-8081-exec-7] DEBUG o.s.w.s.v.ContentNegotiatingViewResolver - Selected 'text/html' given [text/html, application/xhtml+xml, image/avif, image/webp, image/apng, application/xml;q=0.9, */*;q=0.8, application/signed-exchange;v=b3;q=0.7]
2025-07-03 15:35:52 [http-nio-8081-exec-7] DEBUG o.s.w.s.view.InternalResourceView - View name 'forward:', model {}
2025-07-03 15:35:52 [http-nio-8081-exec-7] DEBUG o.s.w.s.view.InternalResourceView - Forwarding to [index.html]
2025-07-03 15:35:52 [http-nio-8081-exec-7] DEBUG o.s.web.servlet.DispatcherServlet - "FORWARD" dispatch for GET "/index.html", parameters={}
2025-07-03 15:35:52 [http-nio-8081-exec-7] DEBUG o.s.w.s.h.SimpleUrlHandlerMapping - Mapped to ResourceHttpRequestHandler [classpath [META-INF/resources/], classpath [resources/], classpath [static/], classpath [public/], ServletContext [/]]
2025-07-03 15:35:52 [http-nio-8081-exec-7] DEBUG o.s.web.servlet.DispatcherServlet - Exiting from "FORWARD" dispatch, status 200
2025-07-03 15:35:52 [http-nio-8081-exec-7] DEBUG o.s.web.servlet.DispatcherServlet - Completed 200 OK
2025-07-03 15:35:53 [http-nio-8081-exec-9] DEBUG o.s.web.servlet.DispatcherServlet - GET "/static/js/main.bad25bb4.js", parameters={}
2025-07-03 15:35:53 [http-nio-8081-exec-10] DEBUG o.s.web.servlet.DispatcherServlet - GET "/static/css/main.e6c13ad2.css", parameters={}
2025-07-03 15:35:53 [http-nio-8081-exec-9] DEBUG o.s.w.s.h.SimpleUrlHandlerMapping - Mapped to ResourceHttpRequestHandler [classpath [META-INF/resources/], classpath [resources/], classpath [static/], classpath [public/], ServletContext [/]]
2025-07-03 15:35:53 [http-nio-8081-exec-10] DEBUG o.s.w.s.h.SimpleUrlHandlerMapping - Mapped to ResourceHttpRequestHandler [classpath [META-INF/resources/], classpath [resources/], classpath [static/], classpath [public/], ServletContext [/]]
2025-07-03 15:35:53 [http-nio-8081-exec-10] DEBUG o.s.web.servlet.DispatcherServlet - Completed 200 OK
2025-07-03 15:35:53 [http-nio-8081-exec-9] DEBUG o.s.web.servlet.DispatcherServlet - Completed 200 OK
2025-07-03 15:35:53 [http-nio-8081-exec-2] DEBUG o.s.web.servlet.DispatcherServlet - GET "/static/css/main.e6c13ad2.css.map", parameters={}
2025-07-03 15:35:53 [http-nio-8081-exec-2] DEBUG o.s.w.s.h.SimpleUrlHandlerMapping - Mapped to ResourceHttpRequestHandler [classpath [META-INF/resources/], classpath [resources/], classpath [static/], classpath [public/], ServletContext [/]]
2025-07-03 15:35:53 [http-nio-8081-exec-2] DEBUG o.s.web.servlet.DispatcherServlet - Completed 200 OK
2025-07-03 15:35:53 [http-nio-8081-exec-3] DEBUG o.s.web.servlet.DispatcherServlet - GET "/static/js/main.bad25bb4.js.map", parameters={}
2025-07-03 15:35:53 [http-nio-8081-exec-3] DEBUG o.s.w.s.h.SimpleUrlHandlerMapping - Mapped to ResourceHttpRequestHandler [classpath [META-INF/resources/], classpath [resources/], classpath [static/], classpath [public/], ServletContext [/]]
2025-07-03 15:35:53 [http-nio-8081-exec-3] DEBUG o.s.web.servlet.DispatcherServlet - Completed 200 OK
2025-07-03 15:35:53 [http-nio-8081-exec-1] DEBUG o.s.web.servlet.DispatcherServlet - GET "/employees/all", parameters={}
2025-07-03 15:35:53 [http-nio-8081-exec-1] DEBUG o.s.w.s.m.m.a.RequestMappingHandlerMapping - Mapped to com.example.springboot.controller.EmployeeController#getAll()
2025-07-03 15:35:53 [http-nio-8081-exec-1] INFO  c.e.s.controller.EmployeeController - Fetching all employees
2025-07-03 15:35:53 [http-nio-8081-exec-5] DEBUG o.s.web.servlet.DispatcherServlet - GET "/manifest.json", parameters={}
2025-07-03 15:35:53 [http-nio-8081-exec-5] DEBUG o.s.w.s.h.SimpleUrlHandlerMapping - Mapped to ResourceHttpRequestHandler [classpath [META-INF/resources/], classpath [resources/], classpath [static/], classpath [public/], ServletContext [/]]
2025-07-03 15:35:53 [http-nio-8081-exec-5] DEBUG o.s.web.servlet.DispatcherServlet - Completed 200 OK
2025-07-03 15:35:53 [http-nio-8081-exec-1] DEBUG o.s.w.s.m.m.a.RequestResponseBodyMethodProcessor - Using 'application/json', given [application/json, text/plain, */*] and supported [application/json, application/*+json]
2025-07-03 15:35:53 [http-nio-8081-exec-1] DEBUG o.s.w.s.m.m.a.RequestResponseBodyMethodProcessor - Writing [[EmployeeDTO(id=1, firstName=Anuradha, lastName=Shrivastava, email=anuradha@example.com, department= (truncated)...]
2025-07-03 15:35:53 [http-nio-8081-exec-1] DEBUG o.s.web.servlet.DispatcherServlet - Completed 200 OK
2025-07-03 15:35:53 [http-nio-8081-exec-8] DEBUG o.s.web.servlet.DispatcherServlet - GET "/.well-known/appspecific/com.chrome.devtools.json", parameters={}
2025-07-03 15:35:53 [http-nio-8081-exec-8] DEBUG o.s.w.s.h.SimpleUrlHandlerMapping - Mapped to ResourceHttpRequestHandler [classpath [META-INF/resources/], classpath [resources/], classpath [static/], classpath [public/], ServletContext [/]]
2025-07-03 15:35:53 [http-nio-8081-exec-8] DEBUG o.s.w.s.r.ResourceHttpRequestHandler - Resource not found
2025-07-03 15:35:53 [http-nio-8081-exec-8] DEBUG o.s.w.s.m.s.DefaultHandlerExceptionResolver - Resolved [org.springframework.web.servlet.resource.NoResourceFoundException: No static resource .well-known/appspecific/com.chrome.devtools.json.]
2025-07-03 15:35:53 [http-nio-8081-exec-8] DEBUG o.s.web.servlet.DispatcherServlet - Completed 404 NOT_FOUND
2025-07-03 15:35:53 [http-nio-8081-exec-8] DEBUG o.s.web.servlet.DispatcherServlet - "ERROR" dispatch for GET "/error", parameters={}
2025-07-03 15:35:53 [http-nio-8081-exec-8] DEBUG o.s.w.s.m.m.a.RequestMappingHandlerMapping - Mapped to org.springframework.boot.autoconfigure.web.servlet.error.BasicErrorController#error(HttpServletRequest)
2025-07-03 15:35:53 [http-nio-8081-exec-8] DEBUG o.s.w.s.m.m.a.HttpEntityMethodProcessor - Using 'application/json', given [*/*] and supported [application/json, application/*+json]
2025-07-03 15:35:53 [http-nio-8081-exec-8] DEBUG o.s.w.s.m.m.a.HttpEntityMethodProcessor - Writing [{timestamp=Thu Jul 03 15:35:53 IST 2025, status=404, error=Not Found, message=No static resource .we (truncated)...]
2025-07-03 15:35:53 [http-nio-8081-exec-8] DEBUG o.s.web.servlet.DispatcherServlet - Exiting from "ERROR" dispatch, status 404
2025-07-03 15:35:53 [http-nio-8081-exec-6] DEBUG o.s.web.servlet.DispatcherServlet - GET "/logo192.png", parameters={}
2025-07-03 15:35:53 [http-nio-8081-exec-6] DEBUG o.s.w.s.h.SimpleUrlHandlerMapping - Mapped to ResourceHttpRequestHandler [classpath [META-INF/resources/], classpath [resources/], classpath [static/], classpath [public/], ServletContext [/]]
2025-07-03 15:35:53 [http-nio-8081-exec-6] DEBUG o.s.web.servlet.DispatcherServlet - Completed 200 OK
2025-07-03 15:36:01 [http-nio-8081-exec-10] DEBUG o.s.web.servlet.DispatcherServlet - GET "/", parameters={}
2025-07-03 15:36:01 [http-nio-8081-exec-10] DEBUG o.s.w.s.v.ContentNegotiatingViewResolver - Selected 'text/html' given [text/html, application/xhtml+xml, image/avif, image/webp, image/apng, application/xml;q=0.9, */*;q=0.8, application/signed-exchange;v=b3;q=0.7]
2025-07-03 15:36:01 [http-nio-8081-exec-10] DEBUG o.s.w.s.view.InternalResourceView - View name 'forward:', model {}
2025-07-03 15:36:01 [http-nio-8081-exec-10] DEBUG o.s.w.s.view.InternalResourceView - Forwarding to [index.html]
2025-07-03 15:36:01 [http-nio-8081-exec-10] DEBUG o.s.web.servlet.DispatcherServlet - "FORWARD" dispatch for GET "/index.html", parameters={}
2025-07-03 15:36:01 [http-nio-8081-exec-10] DEBUG o.s.w.s.h.SimpleUrlHandlerMapping - Mapped to ResourceHttpRequestHandler [classpath [META-INF/resources/], classpath [resources/], classpath [static/], classpath [public/], ServletContext [/]]
2025-07-03 15:36:01 [http-nio-8081-exec-10] DEBUG o.s.web.servlet.DispatcherServlet - Exiting from "FORWARD" dispatch, status 200
2025-07-03 15:36:01 [http-nio-8081-exec-10] DEBUG o.s.web.servlet.DispatcherServlet - Completed 200 OK
2025-07-03 15:36:01 [http-nio-8081-exec-2] DEBUG o.s.web.servlet.DispatcherServlet - GET "/static/js/main.bad25bb4.js", parameters={}
2025-07-03 15:36:01 [http-nio-8081-exec-3] DEBUG o.s.web.servlet.DispatcherServlet - GET "/static/css/main.e6c13ad2.css", parameters={}
2025-07-03 15:36:01 [http-nio-8081-exec-2] DEBUG o.s.w.s.h.SimpleUrlHandlerMapping - Mapped to ResourceHttpRequestHandler [classpath [META-INF/resources/], classpath [resources/], classpath [static/], classpath [public/], ServletContext [/]]
2025-07-03 15:36:01 [http-nio-8081-exec-3] DEBUG o.s.w.s.h.SimpleUrlHandlerMapping - Mapped to ResourceHttpRequestHandler [classpath [META-INF/resources/], classpath [resources/], classpath [static/], classpath [public/], ServletContext [/]]
2025-07-03 15:36:01 [http-nio-8081-exec-3] DEBUG o.s.web.servlet.DispatcherServlet - Completed 200 OK
2025-07-03 15:36:01 [http-nio-8081-exec-2] DEBUG o.s.web.servlet.DispatcherServlet - Completed 200 OK
2025-07-03 15:36:01 [http-nio-8081-exec-5] DEBUG o.s.web.servlet.DispatcherServlet - GET "/static/css/main.e6c13ad2.css.map", parameters={}
2025-07-03 15:36:01 [http-nio-8081-exec-5] DEBUG o.s.w.s.h.SimpleUrlHandlerMapping - Mapped to ResourceHttpRequestHandler [classpath [META-INF/resources/], classpath [resources/], classpath [static/], classpath [public/], ServletContext [/]]
2025-07-03 15:36:01 [http-nio-8081-exec-5] DEBUG o.s.web.servlet.DispatcherServlet - Completed 200 OK
2025-07-03 15:36:01 [http-nio-8081-exec-1] DEBUG o.s.web.servlet.DispatcherServlet - GET "/static/js/main.bad25bb4.js.map", parameters={}
2025-07-03 15:36:01 [http-nio-8081-exec-1] DEBUG o.s.w.s.h.SimpleUrlHandlerMapping - Mapped to ResourceHttpRequestHandler [classpath [META-INF/resources/], classpath [resources/], classpath [static/], classpath [public/], ServletContext [/]]
2025-07-03 15:36:01 [http-nio-8081-exec-1] DEBUG o.s.web.servlet.DispatcherServlet - Completed 200 OK
2025-07-03 15:36:01 [http-nio-8081-exec-8] DEBUG o.s.web.servlet.DispatcherServlet - GET "/manifest.json", parameters={}
2025-07-03 15:36:01 [http-nio-8081-exec-8] DEBUG o.s.w.s.h.SimpleUrlHandlerMapping - Mapped to ResourceHttpRequestHandler [classpath [META-INF/resources/], classpath [resources/], classpath [static/], classpath [public/], ServletContext [/]]
2025-07-03 15:36:01 [http-nio-8081-exec-8] DEBUG o.s.web.servlet.DispatcherServlet - Completed 200 OK
2025-07-03 15:36:01 [http-nio-8081-exec-9] DEBUG o.s.web.servlet.DispatcherServlet - GET "/.well-known/appspecific/com.chrome.devtools.json", parameters={}
2025-07-03 15:36:01 [http-nio-8081-exec-9] DEBUG o.s.w.s.h.SimpleUrlHandlerMapping - Mapped to ResourceHttpRequestHandler [classpath [META-INF/resources/], classpath [resources/], classpath [static/], classpath [public/], ServletContext [/]]
2025-07-03 15:36:01 [http-nio-8081-exec-9] DEBUG o.s.w.s.r.ResourceHttpRequestHandler - Resource not found
2025-07-03 15:36:01 [http-nio-8081-exec-9] DEBUG o.s.w.s.m.s.DefaultHandlerExceptionResolver - Resolved [org.springframework.web.servlet.resource.NoResourceFoundException: No static resource .well-known/appspecific/com.chrome.devtools.json.]
2025-07-03 15:36:01 [http-nio-8081-exec-9] DEBUG o.s.web.servlet.DispatcherServlet - Completed 404 NOT_FOUND
2025-07-03 15:36:01 [http-nio-8081-exec-9] DEBUG o.s.web.servlet.DispatcherServlet - "ERROR" dispatch for GET "/error", parameters={}
2025-07-03 15:36:01 [http-nio-8081-exec-9] DEBUG o.s.w.s.m.m.a.RequestMappingHandlerMapping - Mapped to org.springframework.boot.autoconfigure.web.servlet.error.BasicErrorController#error(HttpServletRequest)
2025-07-03 15:36:01 [http-nio-8081-exec-9] DEBUG o.s.w.s.m.m.a.HttpEntityMethodProcessor - Using 'application/json', given [*/*] and supported [application/json, application/*+json]
2025-07-03 15:36:01 [http-nio-8081-exec-9] DEBUG o.s.w.s.m.m.a.HttpEntityMethodProcessor - Writing [{timestamp=Thu Jul 03 15:36:01 IST 2025, status=404, error=Not Found, message=No static resource .we (truncated)...]
2025-07-03 15:36:01 [http-nio-8081-exec-9] DEBUG o.s.web.servlet.DispatcherServlet - Exiting from "ERROR" dispatch, status 404
2025-07-03 15:36:01 [http-nio-8081-exec-4] DEBUG o.s.web.servlet.DispatcherServlet - GET "/logo192.png", parameters={}
2025-07-03 15:36:01 [http-nio-8081-exec-4] DEBUG o.s.w.s.h.SimpleUrlHandlerMapping - Mapped to ResourceHttpRequestHandler [classpath [META-INF/resources/], classpath [resources/], classpath [static/], classpath [public/], ServletContext [/]]
2025-07-03 15:36:01 [http-nio-8081-exec-4] DEBUG o.s.web.servlet.DispatcherServlet - Completed 200 OK
2025-07-03 15:36:12 [http-nio-8081-exec-6] DEBUG o.s.web.servlet.DispatcherServlet - POST "/auth/token", parameters={}
2025-07-03 15:36:12 [http-nio-8081-exec-6] DEBUG o.s.w.s.m.m.a.RequestMappingHandlerMapping - Mapped to com.example.springboot.controller.AuthController#getToken(AuthRequest)
2025-07-03 15:36:12 [http-nio-8081-exec-6] DEBUG o.s.w.s.m.m.a.RequestResponseBodyMethodProcessor - Read "application/json;charset=UTF-8" to [com.example.springboot.dto.AuthRequest@38075a85]
2025-07-03 15:36:12 [http-nio-8081-exec-6] DEBUG o.s.w.s.m.m.a.HttpEntityMethodProcessor - Using 'application/json', given [application/json, text/plain, */*] and supported [text/plain, */*, application/json, application/*+json]
2025-07-03 15:36:12 [http-nio-8081-exec-6] DEBUG o.s.w.s.m.m.a.HttpEntityMethodProcessor - Writing ["Invalid username or password"]
2025-07-03 15:36:12 [http-nio-8081-exec-6] DEBUG o.s.web.servlet.DispatcherServlet - Completed 401 UNAUTHORIZED
2025-07-03 15:36:27 [http-nio-8081-exec-5] DEBUG o.s.web.servlet.DispatcherServlet - POST "/auth/token", parameters={}
2025-07-03 15:36:27 [http-nio-8081-exec-5] DEBUG o.s.w.s.m.m.a.RequestMappingHandlerMapping - Mapped to com.example.springboot.controller.AuthController#getToken(AuthRequest)
2025-07-03 15:36:27 [http-nio-8081-exec-5] DEBUG o.s.w.s.m.m.a.RequestResponseBodyMethodProcessor - Read "application/json;charset=UTF-8" to [com.example.springboot.dto.AuthRequest@5cf0d7bd]
2025-07-03 15:36:27 [http-nio-8081-exec-5] DEBUG o.s.w.s.m.m.a.HttpEntityMethodProcessor - Using 'application/json', given [application/json, text/plain, */*] and supported [application/json, application/*+json]
2025-07-03 15:36:27 [http-nio-8081-exec-5] DEBUG o.s.w.s.m.m.a.HttpEntityMethodProcessor - Writing [{token=eyJhbGciOiJSUzI1NiJ9.eyJzdWIiOiJhbmlsIiwicm9sZXMiOlsiQURNSU4iXSwiaWF0IjoxNzUxNTM3MTg3LCJleHAi (truncated)...]
2025-07-03 15:36:27 [http-nio-8081-exec-5] DEBUG o.s.web.servlet.DispatcherServlet - Completed 200 OK
2025-07-03 15:36:27 [http-nio-8081-exec-1] DEBUG o.s.web.servlet.DispatcherServlet - GET "/employees/all", parameters={}
2025-07-03 15:36:27 [http-nio-8081-exec-1] DEBUG o.s.w.s.m.m.a.RequestMappingHandlerMapping - Mapped to com.example.springboot.controller.EmployeeController#getAll()
2025-07-03 15:36:27 [http-nio-8081-exec-1] INFO  c.e.s.controller.EmployeeController - Fetching all employees
2025-07-03 15:36:27 [http-nio-8081-exec-1] DEBUG o.s.w.s.m.m.a.RequestResponseBodyMethodProcessor - Using 'application/json', given [application/json, text/plain, */*] and supported [application/json, application/*+json]
2025-07-03 15:36:27 [http-nio-8081-exec-1] DEBUG o.s.w.s.m.m.a.RequestResponseBodyMethodProcessor - Writing [[EmployeeDTO(id=1, firstName=Anuradha, lastName=Shrivastava, email=anuradha@example.com, department= (truncated)...]
2025-07-03 15:36:27 [http-nio-8081-exec-1] DEBUG o.s.web.servlet.DispatcherServlet - Completed 200 OK
2025-07-03 15:39:30 [SpringApplicationShutdownHook] INFO  o.s.o.j.LocalContainerEntityManagerFactoryBean - Closing JPA EntityManagerFactory for persistence unit 'default'
2025-07-03 15:39:30 [SpringApplicationShutdownHook] INFO  com.zaxxer.hikari.HikariDataSource - HikariPool-1 - Shutdown initiated...
2025-07-03 15:39:30 [SpringApplicationShutdownHook] INFO  com.zaxxer.hikari.HikariDataSource - HikariPool-1 - Shutdown completed.
2025-07-03 15:39:54 [main] INFO  com.example.springboot.Application - Starting Application using Java 17.0.15 with PID 37325 (/Users/anilshrivastava/Downloads/gs-spring-boot/complete/target/classes started by anilshrivastava in /Users/anilshrivastava/Downloads/gs-spring-boot/complete)
2025-07-03 15:39:54 [main] DEBUG com.example.springboot.Application - Running with Spring Boot v3.3.0, Spring v6.1.8
2025-07-03 15:39:54 [main] INFO  com.example.springboot.Application - The following 1 profile is active: "dev"
2025-07-03 15:39:54 [main] INFO  o.s.d.r.c.RepositoryConfigurationDelegate - Bootstrapping Spring Data JPA repositories in DEFAULT mode.
2025-07-03 15:39:54 [main] INFO  o.s.d.r.c.RepositoryConfigurationDelegate - Finished Spring Data repository scanning in 17 ms. Found 2 JPA repository interfaces.
2025-07-03 15:39:55 [main] INFO  o.s.b.w.e.tomcat.TomcatWebServer - Tomcat initialized with port 8081 (http)
2025-07-03 15:39:55 [main] INFO  o.a.catalina.core.StandardService - Starting service [Tomcat]
2025-07-03 15:39:55 [main] INFO  o.a.catalina.core.StandardEngine - Starting Servlet engine: [Apache Tomcat/10.1.24]
2025-07-03 15:39:55 [main] INFO  o.a.c.c.C.[Tomcat].[localhost].[/] - Initializing Spring embedded WebApplicationContext
2025-07-03 15:39:55 [main] INFO  o.s.b.w.s.c.ServletWebServerApplicationContext - Root WebApplicationContext: initialization completed in 758 ms
2025-07-03 15:39:55 [main] DEBUG o.s.w.f.ServerHttpObservationFilter - Filter 'webMvcObservationFilter' configured for use
2025-07-03 15:39:55 [main] INFO  o.h.jpa.internal.util.LogHelper - HHH000204: Processing PersistenceUnitInfo [name: default]
2025-07-03 15:39:55 [main] INFO  org.hibernate.Version - HHH000412: Hibernate ORM core version 6.5.2.Final
2025-07-03 15:39:55 [main] INFO  o.h.c.i.RegionFactoryInitiator - HHH000026: Second-level cache disabled
2025-07-03 15:39:55 [main] INFO  o.s.o.j.p.SpringPersistenceUnitInfo - No LoadTimeWeaver setup: ignoring JPA class transformer
2025-07-03 15:39:55 [main] INFO  com.zaxxer.hikari.HikariDataSource - HikariPool-1 - Starting...
2025-07-03 15:39:55 [main] INFO  com.zaxxer.hikari.pool.HikariPool - HikariPool-1 - Added connection org.postgresql.jdbc.PgConnection@5b55c3d6
2025-07-03 15:39:55 [main] INFO  com.zaxxer.hikari.HikariDataSource - HikariPool-1 - Start completed.
2025-07-03 15:39:55 [main] WARN  org.hibernate.orm.deprecation - HHH90000025: PostgreSQLDialect does not need to be specified explicitly using 'hibernate.dialect' (remove the property setting and it will be selected by default)
2025-07-03 15:39:55 [main] INFO  o.h.e.t.j.p.i.JtaPlatformInitiator - HHH000489: No JTA platform available (set 'hibernate.transaction.jta.platform' to enable JTA platform integration)
2025-07-03 15:39:55 [main] INFO  o.s.o.j.LocalContainerEntityManagerFactoryBean - Initialized JPA EntityManagerFactory for persistence unit 'default'
2025-07-03 15:39:56 [main] INFO  o.s.s.c.a.a.c.InitializeUserDetailsBeanManagerConfigurer$InitializeUserDetailsManagerConfigurer - Global AuthenticationManager configured with UserDetailsService bean with name customUserDetailsService
2025-07-03 15:39:56 [main] WARN  o.s.b.a.o.j.JpaBaseConfiguration$JpaWebConfiguration - spring.jpa.open-in-view is enabled by default. Therefore, database queries may be performed during view rendering. Explicitly configure spring.jpa.open-in-view to disable this warning
2025-07-03 15:39:56 [main] INFO  o.s.b.a.w.s.WelcomePageHandlerMapping - Adding welcome page: class path resource [static/index.html]
2025-07-03 15:39:56 [main] DEBUG o.s.w.s.m.m.a.RequestMappingHandlerMapping - 17 mappings in 'requestMappingHandlerMapping'
2025-07-03 15:39:56 [main] DEBUG o.s.w.s.h.SimpleUrlHandlerMapping - Patterns [/webjars/**, /**, /swagger-ui*/*swagger-initializer.js, /swagger-ui*/**] in 'resourceHandlerMapping'
2025-07-03 15:39:56 [main] INFO  o.s.b.a.e.web.EndpointLinksResolver - Exposing 15 endpoints beneath base path '/actuator'
2025-07-03 15:39:56 [main] INFO  o.s.s.web.DefaultSecurityFilterChain - Will secure any request with [org.springframework.security.web.session.DisableEncodeUrlFilter@7a3c541e, org.springframework.security.web.context.request.async.WebAsyncManagerIntegrationFilter@2be89ba5, org.springframework.security.web.context.SecurityContextHolderFilter@49a46f29, org.springframework.security.web.header.HeaderWriterFilter@73136174, org.springframework.web.filter.CorsFilter@408573b1, org.springframework.security.web.authentication.logout.LogoutFilter@117e9a56, org.springframework.security.oauth2.server.resource.web.authentication.BearerTokenAuthenticationFilter@621a7d83, org.springframework.security.web.authentication.www.BasicAuthenticationFilter@e4b9a64, org.springframework.security.web.savedrequest.RequestCacheAwareFilter@5915ab69, org.springframework.security.web.servletapi.SecurityContextHolderAwareRequestFilter@76a13b12, org.springframework.security.web.authentication.AnonymousAuthenticationFilter@5b7600ec, org.springframework.security.web.access.ExceptionTranslationFilter@42cef0af, org.springframework.security.web.access.intercept.AuthorizationFilter@a1143cc]
2025-07-03 15:39:56 [main] DEBUG o.s.w.s.m.m.a.RequestMappingHandlerAdapter - ControllerAdvice beans: 0 @ModelAttribute, 0 @InitBinder, 1 RequestBodyAdvice, 1 ResponseBodyAdvice
2025-07-03 15:39:56 [main] DEBUG o.s.w.s.m.m.a.ExceptionHandlerExceptionResolver - ControllerAdvice beans: 2 @ExceptionHandler, 1 ResponseBodyAdvice
2025-07-03 15:39:56 [main] INFO  o.s.b.w.e.tomcat.TomcatWebServer - Tomcat started on port 8081 (http) with context path '/'
2025-07-03 15:39:56 [main] INFO  com.example.springboot.Application - Started Application in 2.572 seconds (process running for 2.708)
2025-07-03 15:40:17 [http-nio-8081-exec-1] INFO  o.a.c.c.C.[Tomcat].[localhost].[/] - Initializing Spring DispatcherServlet 'dispatcherServlet'
2025-07-03 15:40:17 [http-nio-8081-exec-1] INFO  o.s.web.servlet.DispatcherServlet - Initializing Servlet 'dispatcherServlet'
2025-07-03 15:40:17 [http-nio-8081-exec-1] DEBUG o.s.web.servlet.DispatcherServlet - Detected StandardServletMultipartResolver
2025-07-03 15:40:17 [http-nio-8081-exec-1] DEBUG o.s.web.servlet.DispatcherServlet - Detected AcceptHeaderLocaleResolver
2025-07-03 15:40:17 [http-nio-8081-exec-1] DEBUG o.s.web.servlet.DispatcherServlet - Detected FixedThemeResolver
2025-07-03 15:40:17 [http-nio-8081-exec-1] DEBUG o.s.web.servlet.DispatcherServlet - Detected org.springframework.web.servlet.view.DefaultRequestToViewNameTranslator@395ac2e5
2025-07-03 15:40:17 [http-nio-8081-exec-1] DEBUG o.s.web.servlet.DispatcherServlet - Detected org.springframework.web.servlet.support.SessionFlashMapManager@6f0ab520
2025-07-03 15:40:17 [http-nio-8081-exec-1] DEBUG o.s.web.servlet.DispatcherServlet - enableLoggingRequestDetails='false': request parameters and headers will be masked to prevent unsafe logging of potentially sensitive data
2025-07-03 15:40:17 [http-nio-8081-exec-1] INFO  o.s.web.servlet.DispatcherServlet - Completed initialization in 4 ms
2025-07-03 15:40:17 [http-nio-8081-exec-1] DEBUG o.s.web.servlet.DispatcherServlet - GET "/", parameters={}
2025-07-03 15:40:17 [http-nio-8081-exec-1] DEBUG o.s.w.s.v.ContentNegotiatingViewResolver - Selected 'text/html' given [text/html, application/xhtml+xml, image/avif, image/webp, image/apng, application/xml;q=0.9, */*;q=0.8, application/signed-exchange;v=b3;q=0.7]
2025-07-03 15:40:17 [http-nio-8081-exec-1] DEBUG o.s.w.s.view.InternalResourceView - View name 'forward:', model {}
2025-07-03 15:40:17 [http-nio-8081-exec-1] DEBUG o.s.w.s.view.InternalResourceView - Forwarding to [index.html]
2025-07-03 15:40:17 [http-nio-8081-exec-1] DEBUG o.s.web.servlet.DispatcherServlet - "FORWARD" dispatch for GET "/index.html", parameters={}
2025-07-03 15:40:17 [http-nio-8081-exec-1] DEBUG o.s.w.s.h.SimpleUrlHandlerMapping - Mapped to ResourceHttpRequestHandler [classpath [META-INF/resources/], classpath [resources/], classpath [static/], classpath [public/], ServletContext [/]]
2025-07-03 15:40:17 [http-nio-8081-exec-1] DEBUG o.s.web.servlet.DispatcherServlet - Exiting from "FORWARD" dispatch, status 200
2025-07-03 15:40:17 [http-nio-8081-exec-1] DEBUG o.s.web.servlet.DispatcherServlet - Completed 200 OK
2025-07-03 15:40:17 [http-nio-8081-exec-2] DEBUG o.s.web.servlet.DispatcherServlet - GET "/static/js/main.6d4b3286.js", parameters={}
2025-07-03 15:40:17 [http-nio-8081-exec-3] DEBUG o.s.web.servlet.DispatcherServlet - GET "/static/css/main.e6c13ad2.css", parameters={}
2025-07-03 15:40:17 [http-nio-8081-exec-2] DEBUG o.s.w.s.h.SimpleUrlHandlerMapping - Mapped to ResourceHttpRequestHandler [classpath [META-INF/resources/], classpath [resources/], classpath [static/], classpath [public/], ServletContext [/]]
2025-07-03 15:40:17 [http-nio-8081-exec-3] DEBUG o.s.w.s.h.SimpleUrlHandlerMapping - Mapped to ResourceHttpRequestHandler [classpath [META-INF/resources/], classpath [resources/], classpath [static/], classpath [public/], ServletContext [/]]
2025-07-03 15:40:17 [http-nio-8081-exec-3] DEBUG o.s.web.servlet.DispatcherServlet - Completed 200 OK
2025-07-03 15:40:17 [http-nio-8081-exec-2] DEBUG o.s.web.servlet.DispatcherServlet - Completed 200 OK
2025-07-03 15:40:18 [http-nio-8081-exec-4] DEBUG o.s.web.servlet.DispatcherServlet - GET "/manifest.json", parameters={}
2025-07-03 15:40:18 [http-nio-8081-exec-4] DEBUG o.s.w.s.h.SimpleUrlHandlerMapping - Mapped to ResourceHttpRequestHandler [classpath [META-INF/resources/], classpath [resources/], classpath [static/], classpath [public/], ServletContext [/]]
2025-07-03 15:40:18 [http-nio-8081-exec-4] DEBUG o.s.web.servlet.DispatcherServlet - Completed 200 OK
2025-07-03 15:40:18 [http-nio-8081-exec-5] DEBUG o.s.web.servlet.DispatcherServlet - GET "/logo192.png", parameters={}
2025-07-03 15:40:18 [http-nio-8081-exec-5] DEBUG o.s.w.s.h.SimpleUrlHandlerMapping - Mapped to ResourceHttpRequestHandler [classpath [META-INF/resources/], classpath [resources/], classpath [static/], classpath [public/], ServletContext [/]]
2025-07-03 15:40:18 [http-nio-8081-exec-5] DEBUG o.s.web.servlet.DispatcherServlet - Completed 200 OK
2025-07-03 15:40:24 [http-nio-8081-exec-9] DEBUG o.s.web.servlet.DispatcherServlet - POST "/auth/token", parameters={}
2025-07-03 15:40:24 [http-nio-8081-exec-9] DEBUG o.s.w.s.m.m.a.RequestMappingHandlerMapping - Mapped to com.example.springboot.controller.AuthController#getToken(AuthRequest)
2025-07-03 15:40:25 [http-nio-8081-exec-9] DEBUG o.s.w.s.m.m.a.RequestResponseBodyMethodProcessor - Read "application/json;charset=UTF-8" to [com.example.springboot.dto.AuthRequest@625b05]
2025-07-03 15:40:25 [http-nio-8081-exec-9] DEBUG o.s.w.s.m.m.a.HttpEntityMethodProcessor - Using 'application/json', given [application/json, text/plain, */*] and supported [application/json, application/*+json]
2025-07-03 15:40:25 [http-nio-8081-exec-9] DEBUG o.s.w.s.m.m.a.HttpEntityMethodProcessor - Writing [{token=eyJhbGciOiJSUzI1NiJ9.eyJzdWIiOiJhbmlsIiwicm9sZXMiOlsiQURNSU4iXSwiaWF0IjoxNzUxNTM3NDI1LCJleHAi (truncated)...]
2025-07-03 15:40:25 [http-nio-8081-exec-9] DEBUG o.s.web.servlet.DispatcherServlet - Completed 200 OK
2025-07-03 15:40:25 [http-nio-8081-exec-10] DEBUG o.s.web.servlet.DispatcherServlet - GET "/employees/all", parameters={}
2025-07-03 15:40:25 [http-nio-8081-exec-10] DEBUG o.s.w.s.m.m.a.RequestMappingHandlerMapping - Mapped to com.example.springboot.controller.EmployeeController#getAll()
2025-07-03 15:40:25 [http-nio-8081-exec-10] INFO  c.e.s.controller.EmployeeController - Fetching all employees
2025-07-03 15:40:25 [http-nio-8081-exec-10] DEBUG o.s.w.s.m.m.a.RequestResponseBodyMethodProcessor - Using 'application/json', given [application/json, text/plain, */*] and supported [application/json, application/*+json]
2025-07-03 15:40:25 [http-nio-8081-exec-10] DEBUG o.s.w.s.m.m.a.RequestResponseBodyMethodProcessor - Writing [[EmployeeDTO(id=1, firstName=Anuradha, lastName=Shrivastava, email=anuradha@example.com, department= (truncated)...]
2025-07-03 15:40:25 [http-nio-8081-exec-10] DEBUG o.s.web.servlet.DispatcherServlet - Completed 200 OK
2025-07-03 15:40:30 [http-nio-8081-exec-3] DEBUG o.s.web.servlet.DispatcherServlet - GET "/users", parameters={}
2025-07-03 15:40:30 [http-nio-8081-exec-3] DEBUG o.s.w.s.m.m.a.RequestMappingHandlerMapping - Mapped to com.example.springboot.controller.UserController#getAllUsers(Authentication)
2025-07-03 15:40:30 [http-nio-8081-exec-3] DEBUG o.s.w.s.m.m.a.RequestResponseBodyMethodProcessor - Using 'application/json', given [application/json, text/plain, */*] and supported [application/json, application/*+json]
2025-07-03 15:40:30 [http-nio-8081-exec-3] DEBUG o.s.w.s.m.m.a.RequestResponseBodyMethodProcessor - Writing [[User(id=2, username=demo, password=$2a$10$YpufV8hWIKFKqkPFCUiNiOKibkg7MPHDT9Om.A14St2Z1fv0.BwOu, ro (truncated)...]
2025-07-03 15:40:30 [http-nio-8081-exec-3] DEBUG o.s.web.servlet.DispatcherServlet - Completed 200 OK
2025-07-03 15:41:45 [http-nio-8081-exec-4] DEBUG o.s.web.servlet.DispatcherServlet - GET "/employees/all", parameters={}
2025-07-03 15:41:45 [http-nio-8081-exec-4] DEBUG o.s.w.s.m.m.a.RequestMappingHandlerMapping - Mapped to com.example.springboot.controller.EmployeeController#getAll()
2025-07-03 15:41:45 [http-nio-8081-exec-4] INFO  c.e.s.controller.EmployeeController - Fetching all employees
2025-07-03 15:41:45 [http-nio-8081-exec-4] DEBUG o.s.w.s.m.m.a.RequestResponseBodyMethodProcessor - Using 'application/json', given [application/json, text/plain, */*] and supported [application/json, application/*+json]
2025-07-03 15:41:45 [http-nio-8081-exec-4] DEBUG o.s.w.s.m.m.a.RequestResponseBodyMethodProcessor - Writing [[EmployeeDTO(id=1, firstName=Anuradha, lastName=Shrivastava, email=anuradha@example.com, department= (truncated)...]
2025-07-03 15:41:45 [http-nio-8081-exec-4] DEBUG o.s.web.servlet.DispatcherServlet - Completed 200 OK
2025-07-03 15:42:07 [http-nio-8081-exec-5] DEBUG o.s.web.servlet.DispatcherServlet - GET "/employees/6", parameters={}
2025-07-03 15:42:07 [http-nio-8081-exec-5] DEBUG o.s.w.s.m.m.a.RequestMappingHandlerMapping - Mapped to com.example.springboot.controller.EmployeeController#getById(Long)
2025-07-03 15:42:07 [http-nio-8081-exec-5] INFO  c.e.s.controller.EmployeeController - Fetching employee with id: 6
2025-07-03 15:42:07 [http-nio-8081-exec-5] DEBUG c.e.s.service.EmployeeServiceImpl - Looking up employee with ID: 6
2025-07-03 15:42:07 [http-nio-8081-exec-5] DEBUG o.s.w.s.m.m.a.HttpEntityMethodProcessor - Using 'application/json', given [application/json, text/plain, */*] and supported [application/json, application/*+json]
2025-07-03 15:42:07 [http-nio-8081-exec-5] DEBUG o.s.w.s.m.m.a.HttpEntityMethodProcessor - Writing [EmployeeDTO(id=6, firstName=Demo, lastName=User2, email=demo.user2@example.com, department=Software, (truncated)...]
2025-07-03 15:42:07 [http-nio-8081-exec-5] DEBUG o.s.web.servlet.DispatcherServlet - Completed 200 OK
2025-07-03 15:42:23 [http-nio-8081-exec-8] DEBUG o.s.web.servlet.DispatcherServlet - GET "/employees/all", parameters={}
2025-07-03 15:42:23 [http-nio-8081-exec-8] DEBUG o.s.w.s.m.m.a.RequestMappingHandlerMapping - Mapped to com.example.springboot.controller.EmployeeController#getAll()
2025-07-03 15:42:23 [http-nio-8081-exec-8] INFO  c.e.s.controller.EmployeeController - Fetching all employees
2025-07-03 15:42:23 [http-nio-8081-exec-8] DEBUG o.s.w.s.m.m.a.RequestResponseBodyMethodProcessor - Using 'application/json', given [application/json, text/plain, */*] and supported [application/json, application/*+json]
2025-07-03 15:42:23 [http-nio-8081-exec-8] DEBUG o.s.w.s.m.m.a.RequestResponseBodyMethodProcessor - Writing [[EmployeeDTO(id=1, firstName=Anuradha, lastName=Shrivastava, email=anuradha@example.com, department= (truncated)...]
2025-07-03 15:42:23 [http-nio-8081-exec-8] DEBUG o.s.web.servlet.DispatcherServlet - Completed 200 OK
2025-07-03 15:42:38 [http-nio-8081-exec-7] DEBUG o.s.web.servlet.DispatcherServlet - GET "/employees/4", parameters={}
2025-07-03 15:42:38 [http-nio-8081-exec-7] DEBUG o.s.w.s.m.m.a.RequestMappingHandlerMapping - Mapped to com.example.springboot.controller.EmployeeController#getById(Long)
2025-07-03 15:42:38 [http-nio-8081-exec-7] INFO  c.e.s.controller.EmployeeController - Fetching employee with id: 4
2025-07-03 15:42:38 [http-nio-8081-exec-7] DEBUG c.e.s.service.EmployeeServiceImpl - Looking up employee with ID: 4
2025-07-03 15:42:38 [http-nio-8081-exec-7] DEBUG o.s.w.s.m.m.a.HttpEntityMethodProcessor - Using 'application/json', given [application/json, text/plain, */*] and supported [application/json, application/*+json]
2025-07-03 15:42:38 [http-nio-8081-exec-7] DEBUG o.s.w.s.m.m.a.HttpEntityMethodProcessor - Writing [EmployeeDTO(id=4, firstName=Demo, lastName=User1, email=demo.user1@example.com, department=string, r (truncated)...]
2025-07-03 15:42:38 [http-nio-8081-exec-7] DEBUG o.s.web.servlet.DispatcherServlet - Completed 200 OK
2025-07-03 15:43:17 [http-nio-8081-exec-9] DEBUG o.s.web.servlet.DispatcherServlet - GET "/employees/all", parameters={}
2025-07-03 15:43:17 [http-nio-8081-exec-9] DEBUG o.s.w.s.m.m.a.RequestMappingHandlerMapping - Mapped to com.example.springboot.controller.EmployeeController#getAll()
2025-07-03 15:43:17 [http-nio-8081-exec-9] INFO  c.e.s.controller.EmployeeController - Fetching all employees
2025-07-03 15:43:17 [http-nio-8081-exec-9] DEBUG o.s.w.s.m.m.a.RequestResponseBodyMethodProcessor - Using 'application/json', given [application/json, text/plain, */*] and supported [application/json, application/*+json]
2025-07-03 15:43:17 [http-nio-8081-exec-9] DEBUG o.s.w.s.m.m.a.RequestResponseBodyMethodProcessor - Writing [[EmployeeDTO(id=1, firstName=Anuradha, lastName=Shrivastava, email=anuradha@example.com, department= (truncated)...]
2025-07-03 15:43:17 [http-nio-8081-exec-9] DEBUG o.s.web.servlet.DispatcherServlet - Completed 200 OK
2025-07-03 15:43:41 [http-nio-8081-exec-10] DEBUG o.s.web.servlet.DispatcherServlet - GET "/employees/6", parameters={}
2025-07-03 15:43:41 [http-nio-8081-exec-10] DEBUG o.s.w.s.m.m.a.RequestMappingHandlerMapping - Mapped to com.example.springboot.controller.EmployeeController#getById(Long)
2025-07-03 15:43:41 [http-nio-8081-exec-10] INFO  c.e.s.controller.EmployeeController - Fetching employee with id: 6
2025-07-03 15:43:41 [http-nio-8081-exec-10] DEBUG c.e.s.service.EmployeeServiceImpl - Looking up employee with ID: 6
2025-07-03 15:43:41 [http-nio-8081-exec-10] DEBUG o.s.w.s.m.m.a.HttpEntityMethodProcessor - Using 'application/json', given [application/json, text/plain, */*] and supported [application/json, application/*+json]
2025-07-03 15:43:41 [http-nio-8081-exec-10] DEBUG o.s.w.s.m.m.a.HttpEntityMethodProcessor - Writing [EmployeeDTO(id=6, firstName=Demo, lastName=User2, email=demo.user2@example.com, department=Software, (truncated)...]
2025-07-03 15:43:41 [http-nio-8081-exec-10] DEBUG o.s.web.servlet.DispatcherServlet - Completed 200 OK
2025-07-03 15:45:29 [http-nio-8081-exec-2] DEBUG o.s.web.servlet.DispatcherServlet - GET "/manifest.json", parameters={}
2025-07-03 15:45:29 [http-nio-8081-exec-4] DEBUG o.s.web.servlet.DispatcherServlet - GET "/static/css/main.e6c13ad2.css", parameters={}
2025-07-03 15:45:29 [http-nio-8081-exec-4] DEBUG o.s.w.s.h.SimpleUrlHandlerMapping - Mapped to ResourceHttpRequestHandler [classpath [META-INF/resources/], classpath [resources/], classpath [static/], classpath [public/], ServletContext [/]]
2025-07-03 15:45:29 [http-nio-8081-exec-2] DEBUG o.s.w.s.h.SimpleUrlHandlerMapping - Mapped to ResourceHttpRequestHandler [classpath [META-INF/resources/], classpath [resources/], classpath [static/], classpath [public/], ServletContext [/]]
2025-07-03 15:45:29 [http-nio-8081-exec-2] DEBUG o.s.web.servlet.DispatcherServlet - Completed 200 OK
2025-07-03 15:45:29 [http-nio-8081-exec-4] DEBUG o.s.web.servlet.DispatcherServlet - Completed 200 OK
2025-07-03 15:45:29 [http-nio-8081-exec-5] DEBUG o.s.web.servlet.DispatcherServlet - GET "/.well-known/appspecific/com.chrome.devtools.json", parameters={}
2025-07-03 15:45:29 [http-nio-8081-exec-5] DEBUG o.s.w.s.h.SimpleUrlHandlerMapping - Mapped to ResourceHttpRequestHandler [classpath [META-INF/resources/], classpath [resources/], classpath [static/], classpath [public/], ServletContext [/]]
2025-07-03 15:45:29 [http-nio-8081-exec-5] DEBUG o.s.w.s.r.ResourceHttpRequestHandler - Resource not found
2025-07-03 15:45:29 [http-nio-8081-exec-8] DEBUG o.s.web.servlet.DispatcherServlet - GET "/static/js/main.6d4b3286.js.map", parameters={}
2025-07-03 15:45:29 [http-nio-8081-exec-8] DEBUG o.s.w.s.h.SimpleUrlHandlerMapping - Mapped to ResourceHttpRequestHandler [classpath [META-INF/resources/], classpath [resources/], classpath [static/], classpath [public/], ServletContext [/]]
2025-07-03 15:45:29 [http-nio-8081-exec-5] DEBUG o.s.w.s.m.s.DefaultHandlerExceptionResolver - Resolved [org.springframework.web.servlet.resource.NoResourceFoundException: No static resource .well-known/appspecific/com.chrome.devtools.json.]
2025-07-03 15:45:29 [http-nio-8081-exec-5] DEBUG o.s.web.servlet.DispatcherServlet - Completed 404 NOT_FOUND
2025-07-03 15:45:29 [http-nio-8081-exec-5] DEBUG o.s.web.servlet.DispatcherServlet - "ERROR" dispatch for GET "/error", parameters={}
2025-07-03 15:45:29 [http-nio-8081-exec-5] DEBUG o.s.w.s.m.m.a.RequestMappingHandlerMapping - Mapped to org.springframework.boot.autoconfigure.web.servlet.error.BasicErrorController#error(HttpServletRequest)
2025-07-03 15:45:29 [http-nio-8081-exec-5] DEBUG o.s.w.s.m.m.a.HttpEntityMethodProcessor - Using 'application/json', given [*/*] and supported [application/json, application/*+json]
2025-07-03 15:45:29 [http-nio-8081-exec-5] DEBUG o.s.w.s.m.m.a.HttpEntityMethodProcessor - Writing [{timestamp=Thu Jul 03 15:45:29 IST 2025, status=404, error=Not Found, message=No static resource .we (truncated)...]
2025-07-03 15:45:29 [http-nio-8081-exec-5] DEBUG o.s.web.servlet.DispatcherServlet - Exiting from "ERROR" dispatch, status 404
2025-07-03 15:45:29 [http-nio-8081-exec-7] DEBUG o.s.web.servlet.DispatcherServlet - GET "/static/css/main.e6c13ad2.css.map", parameters={}
2025-07-03 15:45:29 [http-nio-8081-exec-7] DEBUG o.s.w.s.h.SimpleUrlHandlerMapping - Mapped to ResourceHttpRequestHandler [classpath [META-INF/resources/], classpath [resources/], classpath [static/], classpath [public/], ServletContext [/]]
2025-07-03 15:45:29 [http-nio-8081-exec-7] DEBUG o.s.web.servlet.DispatcherServlet - Completed 200 OK
2025-07-03 15:45:29 [http-nio-8081-exec-8] DEBUG o.s.web.servlet.DispatcherServlet - Completed 200 OK
2025-07-03 15:49:42 [SpringApplicationShutdownHook] INFO  o.s.o.j.LocalContainerEntityManagerFactoryBean - Closing JPA EntityManagerFactory for persistence unit 'default'
2025-07-03 15:49:42 [SpringApplicationShutdownHook] INFO  com.zaxxer.hikari.HikariDataSource - HikariPool-1 - Shutdown initiated...
2025-07-03 15:49:42 [SpringApplicationShutdownHook] INFO  com.zaxxer.hikari.HikariDataSource - HikariPool-1 - Shutdown completed.
2025-07-03 15:50:07 [main] INFO  com.example.springboot.Application - Starting Application using Java 17.0.15 with PID 37743 (/Users/anilshrivastava/Downloads/gs-spring-boot/complete/target/classes started by anilshrivastava in /Users/anilshrivastava/Downloads/gs-spring-boot/complete)
2025-07-03 15:50:07 [main] DEBUG com.example.springboot.Application - Running with Spring Boot v3.3.0, Spring v6.1.8
2025-07-03 15:50:07 [main] INFO  com.example.springboot.Application - The following 1 profile is active: "dev"
2025-07-03 15:50:07 [main] INFO  o.s.d.r.c.RepositoryConfigurationDelegate - Bootstrapping Spring Data JPA repositories in DEFAULT mode.
2025-07-03 15:50:07 [main] INFO  o.s.d.r.c.RepositoryConfigurationDelegate - Finished Spring Data repository scanning in 16 ms. Found 2 JPA repository interfaces.
2025-07-03 15:50:08 [main] INFO  o.s.b.w.e.tomcat.TomcatWebServer - Tomcat initialized with port 8081 (http)
2025-07-03 15:50:08 [main] INFO  o.a.catalina.core.StandardService - Starting service [Tomcat]
2025-07-03 15:50:08 [main] INFO  o.a.catalina.core.StandardEngine - Starting Servlet engine: [Apache Tomcat/10.1.24]
2025-07-03 15:50:08 [main] INFO  o.a.c.c.C.[Tomcat].[localhost].[/] - Initializing Spring embedded WebApplicationContext
2025-07-03 15:50:08 [main] INFO  o.s.b.w.s.c.ServletWebServerApplicationContext - Root WebApplicationContext: initialization completed in 746 ms
2025-07-03 15:50:08 [main] DEBUG o.s.w.f.ServerHttpObservationFilter - Filter 'webMvcObservationFilter' configured for use
2025-07-03 15:50:08 [main] INFO  o.h.jpa.internal.util.LogHelper - HHH000204: Processing PersistenceUnitInfo [name: default]
2025-07-03 15:50:08 [main] INFO  org.hibernate.Version - HHH000412: Hibernate ORM core version 6.5.2.Final
2025-07-03 15:50:08 [main] INFO  o.h.c.i.RegionFactoryInitiator - HHH000026: Second-level cache disabled
2025-07-03 15:50:08 [main] INFO  o.s.o.j.p.SpringPersistenceUnitInfo - No LoadTimeWeaver setup: ignoring JPA class transformer
2025-07-03 15:50:08 [main] INFO  com.zaxxer.hikari.HikariDataSource - HikariPool-1 - Starting...
2025-07-03 15:50:08 [main] INFO  com.zaxxer.hikari.pool.HikariPool - HikariPool-1 - Added connection org.postgresql.jdbc.PgConnection@3b8b4846
2025-07-03 15:50:08 [main] INFO  com.zaxxer.hikari.HikariDataSource - HikariPool-1 - Start completed.
2025-07-03 15:50:08 [main] WARN  org.hibernate.orm.deprecation - HHH90000025: PostgreSQLDialect does not need to be specified explicitly using 'hibernate.dialect' (remove the property setting and it will be selected by default)
2025-07-03 15:50:09 [main] INFO  o.h.e.t.j.p.i.JtaPlatformInitiator - HHH000489: No JTA platform available (set 'hibernate.transaction.jta.platform' to enable JTA platform integration)
2025-07-03 15:50:09 [main] INFO  o.s.o.j.LocalContainerEntityManagerFactoryBean - Initialized JPA EntityManagerFactory for persistence unit 'default'
2025-07-03 15:50:09 [main] INFO  o.s.s.c.a.a.c.InitializeUserDetailsBeanManagerConfigurer$InitializeUserDetailsManagerConfigurer - Global AuthenticationManager configured with UserDetailsService bean with name customUserDetailsService
2025-07-03 15:50:09 [main] WARN  o.s.b.a.o.j.JpaBaseConfiguration$JpaWebConfiguration - spring.jpa.open-in-view is enabled by default. Therefore, database queries may be performed during view rendering. Explicitly configure spring.jpa.open-in-view to disable this warning
2025-07-03 15:50:09 [main] INFO  o.s.b.a.w.s.WelcomePageHandlerMapping - Adding welcome page: class path resource [static/index.html]
2025-07-03 15:50:09 [main] DEBUG o.s.w.s.m.m.a.RequestMappingHandlerMapping - 17 mappings in 'requestMappingHandlerMapping'
2025-07-03 15:50:09 [main] DEBUG o.s.w.s.h.SimpleUrlHandlerMapping - Patterns [/webjars/**, /**, /swagger-ui*/*swagger-initializer.js, /swagger-ui*/**] in 'resourceHandlerMapping'
2025-07-03 15:50:09 [main] INFO  o.s.b.a.e.web.EndpointLinksResolver - Exposing 15 endpoints beneath base path '/actuator'
2025-07-03 15:50:09 [main] INFO  o.s.s.web.DefaultSecurityFilterChain - Will secure any request with [org.springframework.security.web.session.DisableEncodeUrlFilter@5629e904, org.springframework.security.web.context.request.async.WebAsyncManagerIntegrationFilter@1d7914a5, org.springframework.security.web.context.SecurityContextHolderFilter@4b93a232, org.springframework.security.web.header.HeaderWriterFilter@4a57ad67, org.springframework.web.filter.CorsFilter@40fd25c7, org.springframework.security.web.authentication.logout.LogoutFilter@452d4bb2, org.springframework.security.oauth2.server.resource.web.authentication.BearerTokenAuthenticationFilter@17d3bf09, org.springframework.security.web.authentication.www.BasicAuthenticationFilter@3fd93330, org.springframework.security.web.savedrequest.RequestCacheAwareFilter@f7a8a7b, org.springframework.security.web.servletapi.SecurityContextHolderAwareRequestFilter@12ff0e4f, org.springframework.security.web.authentication.AnonymousAuthenticationFilter@18ce7872, org.springframework.security.web.access.ExceptionTranslationFilter@7475f57e, org.springframework.security.web.access.intercept.AuthorizationFilter@d833770]
2025-07-03 15:50:09 [main] DEBUG o.s.w.s.m.m.a.RequestMappingHandlerAdapter - ControllerAdvice beans: 0 @ModelAttribute, 0 @InitBinder, 1 RequestBodyAdvice, 1 ResponseBodyAdvice
2025-07-03 15:50:09 [main] DEBUG o.s.w.s.m.m.a.ExceptionHandlerExceptionResolver - ControllerAdvice beans: 2 @ExceptionHandler, 1 ResponseBodyAdvice
2025-07-03 15:50:09 [main] INFO  o.s.b.w.e.tomcat.TomcatWebServer - Tomcat started on port 8081 (http) with context path '/'
2025-07-03 15:50:09 [main] INFO  com.example.springboot.Application - Started Application in 2.576 seconds (process running for 2.711)
2025-07-03 15:50:25 [http-nio-8081-exec-1] INFO  o.a.c.c.C.[Tomcat].[localhost].[/] - Initializing Spring DispatcherServlet 'dispatcherServlet'
2025-07-03 15:50:25 [http-nio-8081-exec-1] INFO  o.s.web.servlet.DispatcherServlet - Initializing Servlet 'dispatcherServlet'
2025-07-03 15:50:25 [http-nio-8081-exec-1] DEBUG o.s.web.servlet.DispatcherServlet - Detected StandardServletMultipartResolver
2025-07-03 15:50:25 [http-nio-8081-exec-1] DEBUG o.s.web.servlet.DispatcherServlet - Detected AcceptHeaderLocaleResolver
2025-07-03 15:50:25 [http-nio-8081-exec-1] DEBUG o.s.web.servlet.DispatcherServlet - Detected FixedThemeResolver
2025-07-03 15:50:25 [http-nio-8081-exec-1] DEBUG o.s.web.servlet.DispatcherServlet - Detected org.springframework.web.servlet.view.DefaultRequestToViewNameTranslator@3a892b9f
2025-07-03 15:50:25 [http-nio-8081-exec-1] DEBUG o.s.web.servlet.DispatcherServlet - Detected org.springframework.web.servlet.support.SessionFlashMapManager@796434a3
2025-07-03 15:50:25 [http-nio-8081-exec-1] DEBUG o.s.web.servlet.DispatcherServlet - enableLoggingRequestDetails='false': request parameters and headers will be masked to prevent unsafe logging of potentially sensitive data
2025-07-03 15:50:25 [http-nio-8081-exec-1] INFO  o.s.web.servlet.DispatcherServlet - Completed initialization in 2 ms
2025-07-03 15:50:25 [http-nio-8081-exec-1] DEBUG o.s.web.servlet.DispatcherServlet - POST "/auth/token", parameters={}
2025-07-03 15:50:25 [http-nio-8081-exec-1] DEBUG o.s.w.s.m.m.a.RequestMappingHandlerMapping - Mapped to com.example.springboot.controller.AuthController#getToken(AuthRequest)
2025-07-03 15:50:25 [http-nio-8081-exec-1] DEBUG o.s.w.s.m.m.a.RequestResponseBodyMethodProcessor - Read "application/json;charset=UTF-8" to [com.example.springboot.dto.AuthRequest@34e3d17d]
2025-07-03 15:50:25 [http-nio-8081-exec-1] DEBUG o.s.w.s.m.m.a.HttpEntityMethodProcessor - Using 'application/json', given [application/json, text/plain, */*] and supported [application/json, application/*+json]
2025-07-03 15:50:25 [http-nio-8081-exec-1] DEBUG o.s.w.s.m.m.a.HttpEntityMethodProcessor - Writing [{token=eyJhbGciOiJSUzI1NiJ9.eyJzdWIiOiJhbmlsIiwicm9sZXMiOlsiQURNSU4iXSwiaWF0IjoxNzUxNTM4MDI1LCJleHAi (truncated)...]
2025-07-03 15:50:25 [http-nio-8081-exec-1] DEBUG o.s.web.servlet.DispatcherServlet - Completed 200 OK
2025-07-03 15:50:25 [http-nio-8081-exec-2] DEBUG o.s.web.servlet.DispatcherServlet - GET "/employees/all", parameters={}
2025-07-03 15:50:25 [http-nio-8081-exec-2] DEBUG o.s.w.s.m.m.a.RequestMappingHandlerMapping - Mapped to com.example.springboot.controller.EmployeeController#getAll()
2025-07-03 15:50:25 [http-nio-8081-exec-2] INFO  c.e.s.controller.EmployeeController - Fetching all employees
2025-07-03 15:50:25 [http-nio-8081-exec-2] DEBUG o.s.w.s.m.m.a.RequestResponseBodyMethodProcessor - Using 'application/json', given [application/json, text/plain, */*] and supported [application/json, application/*+json]
2025-07-03 15:50:25 [http-nio-8081-exec-2] DEBUG o.s.w.s.m.m.a.RequestResponseBodyMethodProcessor - Writing [[EmployeeDTO(id=1, firstName=Anuradha, lastName=Shrivastava, email=anuradha@example.com, department= (truncated)...]
2025-07-03 15:50:25 [http-nio-8081-exec-2] DEBUG o.s.web.servlet.DispatcherServlet - Completed 200 OK
2025-07-03 15:50:28 [http-nio-8081-exec-4] DEBUG o.s.web.servlet.DispatcherServlet - GET "/employees/1", parameters={}
2025-07-03 15:50:28 [http-nio-8081-exec-4] DEBUG o.s.w.s.m.m.a.RequestMappingHandlerMapping - Mapped to com.example.springboot.controller.EmployeeController#getById(Long)
2025-07-03 15:50:28 [http-nio-8081-exec-4] INFO  c.e.s.controller.EmployeeController - Fetching employee with id: 1
2025-07-03 15:50:28 [http-nio-8081-exec-4] DEBUG c.e.s.service.EmployeeServiceImpl - Looking up employee with ID: 1
2025-07-03 15:50:28 [http-nio-8081-exec-4] DEBUG o.s.w.s.m.m.a.HttpEntityMethodProcessor - Using 'application/json', given [application/json, text/plain, */*] and supported [application/json, application/*+json]
2025-07-03 15:50:28 [http-nio-8081-exec-4] DEBUG o.s.w.s.m.m.a.HttpEntityMethodProcessor - Writing [EmployeeDTO(id=1, firstName=Anuradha, lastName=Shrivastava, email=anuradha@example.com, department=H (truncated)...]
2025-07-03 15:50:28 [http-nio-8081-exec-4] DEBUG o.s.web.servlet.DispatcherServlet - Completed 200 OK
2025-07-03 15:51:10 [http-nio-8081-exec-8] DEBUG o.s.web.servlet.DispatcherServlet - GET "/employees/1", parameters={}
2025-07-03 15:51:10 [http-nio-8081-exec-8] DEBUG o.s.w.s.m.m.a.RequestMappingHandlerMapping - Mapped to com.example.springboot.controller.EmployeeController#getById(Long)
2025-07-03 15:51:10 [http-nio-8081-exec-8] INFO  c.e.s.controller.EmployeeController - Fetching employee with id: 1
2025-07-03 15:51:10 [http-nio-8081-exec-8] DEBUG c.e.s.service.EmployeeServiceImpl - Looking up employee with ID: 1
2025-07-03 15:51:10 [http-nio-8081-exec-8] DEBUG o.s.w.s.m.m.a.HttpEntityMethodProcessor - Using 'application/json;q=0.8', given [text/html, application/xhtml+xml, image/avif, image/webp, image/apng, application/xml;q=0.9, */*;q=0.8, application/signed-exchange;v=b3;q=0.7] and supported [application/json, application/*+json]
2025-07-03 15:51:10 [http-nio-8081-exec-8] DEBUG o.s.w.s.m.m.a.HttpEntityMethodProcessor - Writing [EmployeeDTO(id=1, firstName=Anuradha, lastName=Shrivastava, email=anuradha@example.com, department=H (truncated)...]
2025-07-03 15:51:10 [http-nio-8081-exec-8] DEBUG o.s.web.servlet.DispatcherServlet - Completed 200 OK
2025-07-03 15:51:33 [http-nio-8081-exec-1] DEBUG o.s.web.servlet.DispatcherServlet - GET "/employees/all", parameters={}
2025-07-03 15:51:33 [http-nio-8081-exec-1] DEBUG o.s.w.s.m.m.a.RequestMappingHandlerMapping - Mapped to com.example.springboot.controller.EmployeeController#getAll()
2025-07-03 15:51:33 [http-nio-8081-exec-1] INFO  c.e.s.controller.EmployeeController - Fetching all employees
2025-07-03 15:51:33 [http-nio-8081-exec-1] DEBUG o.s.w.s.m.m.a.RequestResponseBodyMethodProcessor - Using 'application/json;q=0.8', given [text/html, application/xhtml+xml, image/avif, image/webp, image/apng, application/xml;q=0.9, */*;q=0.8, application/signed-exchange;v=b3;q=0.7] and supported [application/json, application/*+json]
2025-07-03 15:51:33 [http-nio-8081-exec-1] DEBUG o.s.w.s.m.m.a.RequestResponseBodyMethodProcessor - Writing [[EmployeeDTO(id=1, firstName=Anuradha, lastName=Shrivastava, email=anuradha@example.com, department= (truncated)...]
2025-07-03 15:51:33 [http-nio-8081-exec-1] DEBUG o.s.web.servlet.DispatcherServlet - Completed 200 OK
2025-07-03 15:51:46 [http-nio-8081-exec-4] DEBUG o.s.web.servlet.DispatcherServlet - GET "/static/css/main.e6c13ad2.css.map", parameters={}
2025-07-03 15:51:47 [http-nio-8081-exec-4] DEBUG o.s.w.s.h.SimpleUrlHandlerMapping - Mapped to ResourceHttpRequestHandler [classpath [META-INF/resources/], classpath [resources/], classpath [static/], classpath [public/], ServletContext [/]]
2025-07-03 15:51:47 [http-nio-8081-exec-4] DEBUG o.s.web.servlet.DispatcherServlet - Completed 200 OK
2025-07-03 15:51:47 [http-nio-8081-exec-5] DEBUG o.s.web.servlet.DispatcherServlet - GET "/static/js/main.6d4b3286.js.map", parameters={}
2025-07-03 15:51:47 [http-nio-8081-exec-5] DEBUG o.s.w.s.h.SimpleUrlHandlerMapping - Mapped to ResourceHttpRequestHandler [classpath [META-INF/resources/], classpath [resources/], classpath [static/], classpath [public/], ServletContext [/]]
2025-07-03 15:51:47 [http-nio-8081-exec-5] DEBUG o.s.web.servlet.DispatcherServlet - Completed 200 OK
2025-07-03 15:51:47 [http-nio-8081-exec-3] DEBUG o.s.web.servlet.DispatcherServlet - GET "/.well-known/appspecific/com.chrome.devtools.json", parameters={}
2025-07-03 15:51:47 [http-nio-8081-exec-3] DEBUG o.s.w.s.h.SimpleUrlHandlerMapping - Mapped to ResourceHttpRequestHandler [classpath [META-INF/resources/], classpath [resources/], classpath [static/], classpath [public/], ServletContext [/]]
2025-07-03 15:51:47 [http-nio-8081-exec-3] DEBUG o.s.w.s.r.ResourceHttpRequestHandler - Resource not found
2025-07-03 15:51:47 [http-nio-8081-exec-3] DEBUG o.s.w.s.m.s.DefaultHandlerExceptionResolver - Resolved [org.springframework.web.servlet.resource.NoResourceFoundException: No static resource .well-known/appspecific/com.chrome.devtools.json.]
2025-07-03 15:51:47 [http-nio-8081-exec-3] DEBUG o.s.web.servlet.DispatcherServlet - Completed 404 NOT_FOUND
2025-07-03 15:51:47 [http-nio-8081-exec-3] DEBUG o.s.web.servlet.DispatcherServlet - "ERROR" dispatch for GET "/error", parameters={}
2025-07-03 15:51:47 [http-nio-8081-exec-3] DEBUG o.s.w.s.m.m.a.RequestMappingHandlerMapping - Mapped to org.springframework.boot.autoconfigure.web.servlet.error.BasicErrorController#error(HttpServletRequest)
2025-07-03 15:51:47 [http-nio-8081-exec-3] DEBUG o.s.w.s.m.m.a.HttpEntityMethodProcessor - Using 'application/json', given [*/*] and supported [application/json, application/*+json]
2025-07-03 15:51:47 [http-nio-8081-exec-3] DEBUG o.s.w.s.m.m.a.HttpEntityMethodProcessor - Writing [{timestamp=Thu Jul 03 15:51:47 IST 2025, status=404, error=Not Found, message=No static resource .we (truncated)...]
2025-07-03 15:51:47 [http-nio-8081-exec-3] DEBUG o.s.web.servlet.DispatcherServlet - Exiting from "ERROR" dispatch, status 404
2025-07-03 15:53:16 [http-nio-8081-exec-8] DEBUG o.s.web.servlet.DispatcherServlet - GET "/employees/1", parameters={}
2025-07-03 15:53:16 [http-nio-8081-exec-8] DEBUG o.s.w.s.m.m.a.RequestMappingHandlerMapping - Mapped to com.example.springboot.controller.EmployeeController#getById(Long)
2025-07-03 15:53:16 [http-nio-8081-exec-8] INFO  c.e.s.controller.EmployeeController - Fetching employee with id: 1
2025-07-03 15:53:16 [http-nio-8081-exec-8] DEBUG c.e.s.service.EmployeeServiceImpl - Looking up employee with ID: 1
2025-07-03 15:53:16 [http-nio-8081-exec-8] DEBUG o.s.w.s.m.m.a.HttpEntityMethodProcessor - Using 'application/json;q=0.8', given [text/html, application/xhtml+xml, image/avif, image/webp, image/apng, application/xml;q=0.9, */*;q=0.8, application/signed-exchange;v=b3;q=0.7] and supported [application/json, application/*+json]
2025-07-03 15:53:16 [http-nio-8081-exec-8] DEBUG o.s.w.s.m.m.a.HttpEntityMethodProcessor - Writing [EmployeeDTO(id=1, firstName=Anuradha, lastName=Shrivastava, email=anuradha@example.com, department=H (truncated)...]
2025-07-03 15:53:16 [http-nio-8081-exec-8] DEBUG o.s.web.servlet.DispatcherServlet - Completed 200 OK
2025-07-03 15:53:17 [http-nio-8081-exec-10] DEBUG o.s.web.servlet.DispatcherServlet - GET "/.well-known/appspecific/com.chrome.devtools.json", parameters={}
2025-07-03 15:53:17 [http-nio-8081-exec-10] DEBUG o.s.w.s.h.SimpleUrlHandlerMapping - Mapped to ResourceHttpRequestHandler [classpath [META-INF/resources/], classpath [resources/], classpath [static/], classpath [public/], ServletContext [/]]
2025-07-03 15:53:17 [http-nio-8081-exec-10] DEBUG o.s.w.s.r.ResourceHttpRequestHandler - Resource not found
2025-07-03 15:53:17 [http-nio-8081-exec-10] DEBUG o.s.w.s.m.s.DefaultHandlerExceptionResolver - Resolved [org.springframework.web.servlet.resource.NoResourceFoundException: No static resource .well-known/appspecific/com.chrome.devtools.json.]
2025-07-03 15:53:17 [http-nio-8081-exec-10] DEBUG o.s.web.servlet.DispatcherServlet - Completed 404 NOT_FOUND
2025-07-03 15:53:17 [http-nio-8081-exec-10] DEBUG o.s.web.servlet.DispatcherServlet - "ERROR" dispatch for GET "/error", parameters={}
2025-07-03 15:53:17 [http-nio-8081-exec-10] DEBUG o.s.w.s.m.m.a.RequestMappingHandlerMapping - Mapped to org.springframework.boot.autoconfigure.web.servlet.error.BasicErrorController#error(HttpServletRequest)
2025-07-03 15:53:17 [http-nio-8081-exec-10] DEBUG o.s.w.s.m.m.a.HttpEntityMethodProcessor - Using 'application/json', given [*/*] and supported [application/json, application/*+json]
2025-07-03 15:53:17 [http-nio-8081-exec-10] DEBUG o.s.w.s.m.m.a.HttpEntityMethodProcessor - Writing [{timestamp=Thu Jul 03 15:53:17 IST 2025, status=404, error=Not Found, message=No static resource .we (truncated)...]
2025-07-03 15:53:17 [http-nio-8081-exec-10] DEBUG o.s.web.servlet.DispatcherServlet - Exiting from "ERROR" dispatch, status 404
2025-07-03 15:53:47 [http-nio-8081-exec-6] DEBUG o.s.web.servlet.DispatcherServlet - GET "/", parameters={}
2025-07-03 15:53:47 [http-nio-8081-exec-6] DEBUG o.s.w.s.v.ContentNegotiatingViewResolver - Selected 'text/html' given [text/html, application/xhtml+xml, image/avif, image/webp, image/apng, application/xml;q=0.9, */*;q=0.8, application/signed-exchange;v=b3;q=0.7]
2025-07-03 15:53:47 [http-nio-8081-exec-6] DEBUG o.s.w.s.view.InternalResourceView - View name 'forward:', model {}
2025-07-03 15:53:47 [http-nio-8081-exec-6] DEBUG o.s.w.s.view.InternalResourceView - Forwarding to [index.html]
2025-07-03 15:53:47 [http-nio-8081-exec-6] DEBUG o.s.web.servlet.DispatcherServlet - "FORWARD" dispatch for GET "/index.html", parameters={}
2025-07-03 15:53:47 [http-nio-8081-exec-6] DEBUG o.s.w.s.h.SimpleUrlHandlerMapping - Mapped to ResourceHttpRequestHandler [classpath [META-INF/resources/], classpath [resources/], classpath [static/], classpath [public/], ServletContext [/]]
2025-07-03 15:53:47 [http-nio-8081-exec-6] DEBUG o.s.web.servlet.DispatcherServlet - Exiting from "FORWARD" dispatch, status 200
2025-07-03 15:53:47 [http-nio-8081-exec-6] DEBUG o.s.web.servlet.DispatcherServlet - Completed 200 OK
2025-07-03 15:53:47 [http-nio-8081-exec-9] DEBUG o.s.web.servlet.DispatcherServlet - GET "/static/css/main.e6c13ad2.css", parameters={}
2025-07-03 15:53:47 [http-nio-8081-exec-9] DEBUG o.s.w.s.h.SimpleUrlHandlerMapping - Mapped to ResourceHttpRequestHandler [classpath [META-INF/resources/], classpath [resources/], classpath [static/], classpath [public/], ServletContext [/]]
2025-07-03 15:53:47 [http-nio-8081-exec-7] DEBUG o.s.web.servlet.DispatcherServlet - GET "/static/js/main.86959c4b.js", parameters={}
2025-07-03 15:53:47 [http-nio-8081-exec-7] DEBUG o.s.w.s.h.SimpleUrlHandlerMapping - Mapped to ResourceHttpRequestHandler [classpath [META-INF/resources/], classpath [resources/], classpath [static/], classpath [public/], ServletContext [/]]
2025-07-03 15:53:47 [http-nio-8081-exec-9] DEBUG o.s.web.servlet.DispatcherServlet - Completed 200 OK
2025-07-03 15:53:47 [http-nio-8081-exec-7] DEBUG o.s.web.servlet.DispatcherServlet - Completed 200 OK
2025-07-03 15:53:47 [http-nio-8081-exec-10] DEBUG o.s.web.servlet.DispatcherServlet - GET "/static/css/main.e6c13ad2.css.map", parameters={}
2025-07-03 15:53:47 [http-nio-8081-exec-10] DEBUG o.s.w.s.h.SimpleUrlHandlerMapping - Mapped to ResourceHttpRequestHandler [classpath [META-INF/resources/], classpath [resources/], classpath [static/], classpath [public/], ServletContext [/]]
2025-07-03 15:53:47 [http-nio-8081-exec-10] DEBUG o.s.web.servlet.DispatcherServlet - Completed 200 OK
2025-07-03 15:53:47 [http-nio-8081-exec-1] DEBUG o.s.web.servlet.DispatcherServlet - GET "/static/js/main.86959c4b.js.map", parameters={}
2025-07-03 15:53:47 [http-nio-8081-exec-1] DEBUG o.s.w.s.h.SimpleUrlHandlerMapping - Mapped to ResourceHttpRequestHandler [classpath [META-INF/resources/], classpath [resources/], classpath [static/], classpath [public/], ServletContext [/]]
2025-07-03 15:53:47 [http-nio-8081-exec-1] DEBUG o.s.web.servlet.DispatcherServlet - Completed 200 OK
2025-07-03 15:53:47 [http-nio-8081-exec-4] DEBUG o.s.web.servlet.DispatcherServlet - GET "/manifest.json", parameters={}
2025-07-03 15:53:47 [http-nio-8081-exec-4] DEBUG o.s.w.s.h.SimpleUrlHandlerMapping - Mapped to ResourceHttpRequestHandler [classpath [META-INF/resources/], classpath [resources/], classpath [static/], classpath [public/], ServletContext [/]]
2025-07-03 15:53:47 [http-nio-8081-exec-4] DEBUG o.s.web.servlet.DispatcherServlet - Completed 200 OK
2025-07-03 15:53:47 [http-nio-8081-exec-2] DEBUG o.s.web.servlet.DispatcherServlet - GET "/employees/all", parameters={}
2025-07-03 15:53:47 [http-nio-8081-exec-2] DEBUG o.s.w.s.m.m.a.RequestMappingHandlerMapping - Mapped to com.example.springboot.controller.EmployeeController#getAll()
2025-07-03 15:53:47 [http-nio-8081-exec-2] INFO  c.e.s.controller.EmployeeController - Fetching all employees
2025-07-03 15:53:47 [http-nio-8081-exec-2] DEBUG o.s.w.s.m.m.a.RequestResponseBodyMethodProcessor - Using 'application/json', given [application/json, text/plain, */*] and supported [application/json, application/*+json]
2025-07-03 15:53:47 [http-nio-8081-exec-2] DEBUG o.s.w.s.m.m.a.RequestResponseBodyMethodProcessor - Writing [[EmployeeDTO(id=1, firstName=Anuradha, lastName=Shrivastava, email=anuradha@example.com, department= (truncated)...]
2025-07-03 15:53:47 [http-nio-8081-exec-2] DEBUG o.s.web.servlet.DispatcherServlet - Completed 200 OK
2025-07-03 15:53:47 [http-nio-8081-exec-3] DEBUG o.s.web.servlet.DispatcherServlet - GET "/logo192.png", parameters={}
2025-07-03 15:53:47 [http-nio-8081-exec-3] DEBUG o.s.w.s.h.SimpleUrlHandlerMapping - Mapped to ResourceHttpRequestHandler [classpath [META-INF/resources/], classpath [resources/], classpath [static/], classpath [public/], ServletContext [/]]
2025-07-03 15:53:47 [http-nio-8081-exec-3] DEBUG o.s.web.servlet.DispatcherServlet - Completed 200 OK
2025-07-03 15:53:47 [http-nio-8081-exec-8] DEBUG o.s.web.servlet.DispatcherServlet - GET "/.well-known/appspecific/com.chrome.devtools.json", parameters={}
2025-07-03 15:53:47 [http-nio-8081-exec-8] DEBUG o.s.w.s.h.SimpleUrlHandlerMapping - Mapped to ResourceHttpRequestHandler [classpath [META-INF/resources/], classpath [resources/], classpath [static/], classpath [public/], ServletContext [/]]
2025-07-03 15:53:47 [http-nio-8081-exec-8] DEBUG o.s.w.s.r.ResourceHttpRequestHandler - Resource not found
2025-07-03 15:53:47 [http-nio-8081-exec-8] DEBUG o.s.w.s.m.s.DefaultHandlerExceptionResolver - Resolved [org.springframework.web.servlet.resource.NoResourceFoundException: No static resource .well-known/appspecific/com.chrome.devtools.json.]
2025-07-03 15:53:47 [http-nio-8081-exec-8] DEBUG o.s.web.servlet.DispatcherServlet - Completed 404 NOT_FOUND
2025-07-03 15:53:47 [http-nio-8081-exec-8] DEBUG o.s.web.servlet.DispatcherServlet - "ERROR" dispatch for GET "/error", parameters={}
2025-07-03 15:53:47 [http-nio-8081-exec-8] DEBUG o.s.w.s.m.m.a.RequestMappingHandlerMapping - Mapped to org.springframework.boot.autoconfigure.web.servlet.error.BasicErrorController#error(HttpServletRequest)
2025-07-03 15:53:47 [http-nio-8081-exec-8] DEBUG o.s.w.s.m.m.a.HttpEntityMethodProcessor - Using 'application/json', given [*/*] and supported [application/json, application/*+json]
2025-07-03 15:53:47 [http-nio-8081-exec-8] DEBUG o.s.w.s.m.m.a.HttpEntityMethodProcessor - Writing [{timestamp=Thu Jul 03 15:53:47 IST 2025, status=404, error=Not Found, message=No static resource .we (truncated)...]
2025-07-03 15:53:47 [http-nio-8081-exec-8] DEBUG o.s.web.servlet.DispatcherServlet - Exiting from "ERROR" dispatch, status 404
2025-07-03 15:53:56 [http-nio-8081-exec-7] DEBUG o.s.web.servlet.DispatcherServlet - GET "/users", parameters={}
2025-07-03 15:53:56 [http-nio-8081-exec-7] DEBUG o.s.w.s.m.m.a.RequestMappingHandlerMapping - Mapped to com.example.springboot.controller.UserController#getAllUsers(Authentication)
2025-07-03 15:53:56 [http-nio-8081-exec-7] DEBUG o.s.w.s.m.m.a.RequestResponseBodyMethodProcessor - Using 'application/json', given [application/json, text/plain, */*] and supported [application/json, application/*+json]
2025-07-03 15:53:56 [http-nio-8081-exec-7] DEBUG o.s.w.s.m.m.a.RequestResponseBodyMethodProcessor - Writing [[User(id=2, username=demo, password=$2a$10$YpufV8hWIKFKqkPFCUiNiOKibkg7MPHDT9Om.A14St2Z1fv0.BwOu, ro (truncated)...]
2025-07-03 15:53:56 [http-nio-8081-exec-7] DEBUG o.s.web.servlet.DispatcherServlet - Completed 200 OK
2025-07-03 15:54:21 [http-nio-8081-exec-1] DEBUG o.s.web.servlet.DispatcherServlet - PUT "/users/2", parameters={}
2025-07-03 15:54:21 [http-nio-8081-exec-1] DEBUG o.s.w.s.m.m.a.RequestMappingHandlerMapping - Mapped to com.example.springboot.controller.UserController#updateUser(Long, User)
2025-07-03 15:54:21 [http-nio-8081-exec-1] DEBUG o.s.w.s.m.m.a.RequestResponseBodyMethodProcessor - Read "application/json;charset=UTF-8" to [User(id=2, username=demo1, password=$2a$10$YpufV8hWIKFKqkPFCUiNiOKibkg7MPHDT9Om.A14St2Z1fv0.BwOu, ro (truncated)...]
2025-07-03 15:54:21 [http-nio-8081-exec-1] DEBUG o.s.w.s.m.m.a.HttpEntityMethodProcessor - Using 'application/json', given [application/json, text/plain, */*] and supported [text/plain, */*, application/json, application/*+json]
2025-07-03 15:54:21 [http-nio-8081-exec-1] DEBUG o.s.w.s.m.m.a.HttpEntityMethodProcessor - Writing ["User updated successfully"]
2025-07-03 15:54:21 [http-nio-8081-exec-1] DEBUG o.s.web.servlet.DispatcherServlet - Completed 200 OK
2025-07-03 15:54:21 [http-nio-8081-exec-4] DEBUG o.s.web.servlet.DispatcherServlet - GET "/users", parameters={}
2025-07-03 15:54:21 [http-nio-8081-exec-4] DEBUG o.s.w.s.m.m.a.RequestMappingHandlerMapping - Mapped to com.example.springboot.controller.UserController#getAllUsers(Authentication)
2025-07-03 15:54:21 [http-nio-8081-exec-4] DEBUG o.s.w.s.m.m.a.RequestResponseBodyMethodProcessor - Using 'application/json', given [application/json, text/plain, */*] and supported [application/json, application/*+json]
2025-07-03 15:54:21 [http-nio-8081-exec-4] DEBUG o.s.w.s.m.m.a.RequestResponseBodyMethodProcessor - Writing [[User(id=1, username=anil, password=$2a$10$j1vG8uKF0QbvPIbvDE5Wte.MqWDbbIG6ywesTCV2.JWfFYWbzRdFi, ro (truncated)...]
2025-07-03 15:54:21 [http-nio-8081-exec-4] DEBUG o.s.web.servlet.DispatcherServlet - Completed 200 OK
2025-07-03 15:55:12 [http-nio-8081-exec-3] DEBUG o.s.web.servlet.DispatcherServlet - GET "/employees/all", parameters={}
2025-07-03 15:55:12 [http-nio-8081-exec-3] DEBUG o.s.w.s.m.m.a.RequestMappingHandlerMapping - Mapped to com.example.springboot.controller.EmployeeController#getAll()
2025-07-03 15:55:12 [http-nio-8081-exec-3] INFO  c.e.s.controller.EmployeeController - Fetching all employees
2025-07-03 15:55:12 [http-nio-8081-exec-3] DEBUG o.s.w.s.m.m.a.RequestResponseBodyMethodProcessor - Using 'application/json', given [application/json, text/plain, */*] and supported [application/json, application/*+json]
2025-07-03 15:55:12 [http-nio-8081-exec-3] DEBUG o.s.w.s.m.m.a.RequestResponseBodyMethodProcessor - Writing [[EmployeeDTO(id=1, firstName=Anuradha, lastName=Shrivastava, email=anuradha@example.com, department= (truncated)...]
2025-07-03 15:55:12 [http-nio-8081-exec-3] DEBUG o.s.web.servlet.DispatcherServlet - Completed 200 OK
2025-07-03 15:55:17 [http-nio-8081-exec-9] DEBUG o.s.web.servlet.DispatcherServlet - GET "/employees/4", parameters={}
2025-07-03 15:55:17 [http-nio-8081-exec-9] DEBUG o.s.w.s.m.m.a.RequestMappingHandlerMapping - Mapped to com.example.springboot.controller.EmployeeController#getById(Long)
2025-07-03 15:55:17 [http-nio-8081-exec-9] INFO  c.e.s.controller.EmployeeController - Fetching employee with id: 4
2025-07-03 15:55:17 [http-nio-8081-exec-9] DEBUG c.e.s.service.EmployeeServiceImpl - Looking up employee with ID: 4
2025-07-03 15:55:17 [http-nio-8081-exec-9] DEBUG o.s.w.s.m.m.a.HttpEntityMethodProcessor - Using 'application/json', given [application/json, text/plain, */*] and supported [application/json, application/*+json]
2025-07-03 15:55:17 [http-nio-8081-exec-9] DEBUG o.s.w.s.m.m.a.HttpEntityMethodProcessor - Writing [EmployeeDTO(id=4, firstName=Demo, lastName=User1, email=demo.user1@example.com, department=string, r (truncated)...]
2025-07-03 15:55:17 [http-nio-8081-exec-9] DEBUG o.s.web.servlet.DispatcherServlet - Completed 200 OK
2025-07-03 15:55:35 [http-nio-8081-exec-6] DEBUG o.s.web.servlet.DispatcherServlet - PUT "/employees/4", parameters={}
2025-07-03 15:55:35 [http-nio-8081-exec-6] DEBUG o.s.w.s.m.m.a.RequestMappingHandlerMapping - Mapped to com.example.springboot.controller.EmployeeController#update(Long, EmployeeDTO)
2025-07-03 15:55:35 [http-nio-8081-exec-6] DEBUG o.s.w.s.m.m.a.RequestResponseBodyMethodProcessor - Read "application/json;charset=UTF-8" to [EmployeeDTO(id=4, firstName=Demo, lastName=User1, email=demo.user1@example.com, department=Sales, ro (truncated)...]
2025-07-03 15:55:35 [http-nio-8081-exec-6] INFO  c.e.s.controller.EmployeeController - Updating employee with id : 4
2025-07-03 15:55:35 [http-nio-8081-exec-6] DEBUG o.s.w.s.m.m.a.HttpEntityMethodProcessor - Using 'application/json', given [application/json, text/plain, */*] and supported [application/json, application/*+json]
2025-07-03 15:55:35 [http-nio-8081-exec-6] DEBUG o.s.w.s.m.m.a.HttpEntityMethodProcessor - Writing [EmployeeDTO(id=4, firstName=Demo, lastName=User1, email=demo.user1@example.com, department=Sales, ro (truncated)...]
2025-07-03 15:55:35 [http-nio-8081-exec-6] DEBUG o.s.web.servlet.DispatcherServlet - Completed 200 OK
2025-07-03 15:55:36 [http-nio-8081-exec-10] DEBUG o.s.web.servlet.DispatcherServlet - GET "/employees/all", parameters={}
2025-07-03 15:55:36 [http-nio-8081-exec-10] DEBUG o.s.w.s.m.m.a.RequestMappingHandlerMapping - Mapped to com.example.springboot.controller.EmployeeController#getAll()
2025-07-03 15:55:36 [http-nio-8081-exec-10] INFO  c.e.s.controller.EmployeeController - Fetching all employees
2025-07-03 15:55:36 [http-nio-8081-exec-10] DEBUG o.s.w.s.m.m.a.RequestResponseBodyMethodProcessor - Using 'application/json', given [application/json, text/plain, */*] and supported [application/json, application/*+json]
2025-07-03 15:55:36 [http-nio-8081-exec-10] DEBUG o.s.w.s.m.m.a.RequestResponseBodyMethodProcessor - Writing [[EmployeeDTO(id=1, firstName=Anuradha, lastName=Shrivastava, email=anuradha@example.com, department= (truncated)...]
2025-07-03 15:55:36 [http-nio-8081-exec-10] DEBUG o.s.web.servlet.DispatcherServlet - Completed 200 OK
2025-07-03 15:56:05 [http-nio-8081-exec-4] DEBUG o.s.web.servlet.DispatcherServlet - GET "/employees/4", parameters={}
2025-07-03 15:56:05 [http-nio-8081-exec-4] DEBUG o.s.w.s.m.m.a.RequestMappingHandlerMapping - Mapped to com.example.springboot.controller.EmployeeController#getById(Long)
2025-07-03 15:56:05 [http-nio-8081-exec-4] INFO  c.e.s.controller.EmployeeController - Fetching employee with id: 4
2025-07-03 15:56:05 [http-nio-8081-exec-4] DEBUG c.e.s.service.EmployeeServiceImpl - Looking up employee with ID: 4
2025-07-03 15:56:05 [http-nio-8081-exec-4] DEBUG o.s.w.s.m.m.a.HttpEntityMethodProcessor - Using 'application/json', given [application/json, text/plain, */*] and supported [application/json, application/*+json]
2025-07-03 15:56:05 [http-nio-8081-exec-4] DEBUG o.s.w.s.m.m.a.HttpEntityMethodProcessor - Writing [EmployeeDTO(id=4, firstName=Demo, lastName=User1, email=demo.user1@example.com, department=Sales, ro (truncated)...]
2025-07-03 15:56:05 [http-nio-8081-exec-4] DEBUG o.s.web.servlet.DispatcherServlet - Completed 200 OK
2025-07-03 15:56:14 [http-nio-8081-exec-3] DEBUG o.s.web.servlet.DispatcherServlet - PUT "/employees/4", parameters={}
2025-07-03 15:56:14 [http-nio-8081-exec-3] DEBUG o.s.w.s.m.m.a.RequestMappingHandlerMapping - Mapped to com.example.springboot.controller.EmployeeController#update(Long, EmployeeDTO)
2025-07-03 15:56:14 [http-nio-8081-exec-3] DEBUG o.s.w.s.m.m.a.RequestResponseBodyMethodProcessor - Read "application/json;charset=UTF-8" to [EmployeeDTO(id=4, firstName=Demo, lastName=User1, email=demo.user1@example.com, department=HR, role= (truncated)...]
2025-07-03 15:56:14 [http-nio-8081-exec-3] INFO  c.e.s.controller.EmployeeController - Updating employee with id : 4
2025-07-03 15:56:14 [http-nio-8081-exec-3] DEBUG o.s.w.s.m.m.a.HttpEntityMethodProcessor - Using 'application/json', given [application/json, text/plain, */*] and supported [application/json, application/*+json]
2025-07-03 15:56:14 [http-nio-8081-exec-3] DEBUG o.s.w.s.m.m.a.HttpEntityMethodProcessor - Writing [EmployeeDTO(id=4, firstName=Demo, lastName=User1, email=demo.user1@example.com, department=HR, role= (truncated)...]
2025-07-03 15:56:14 [http-nio-8081-exec-3] DEBUG o.s.web.servlet.DispatcherServlet - Completed 200 OK
2025-07-03 15:56:16 [http-nio-8081-exec-9] DEBUG o.s.web.servlet.DispatcherServlet - GET "/employees/all", parameters={}
2025-07-03 15:56:16 [http-nio-8081-exec-9] DEBUG o.s.w.s.m.m.a.RequestMappingHandlerMapping - Mapped to com.example.springboot.controller.EmployeeController#getAll()
2025-07-03 15:56:16 [http-nio-8081-exec-9] INFO  c.e.s.controller.EmployeeController - Fetching all employees
2025-07-03 15:56:16 [http-nio-8081-exec-9] DEBUG o.s.w.s.m.m.a.RequestResponseBodyMethodProcessor - Using 'application/json', given [application/json, text/plain, */*] and supported [application/json, application/*+json]
2025-07-03 15:56:16 [http-nio-8081-exec-9] DEBUG o.s.w.s.m.m.a.RequestResponseBodyMethodProcessor - Writing [[EmployeeDTO(id=1, firstName=Anuradha, lastName=Shrivastava, email=anuradha@example.com, department= (truncated)...]
2025-07-03 15:56:16 [http-nio-8081-exec-9] DEBUG o.s.web.servlet.DispatcherServlet - Completed 200 OK
2025-07-03 15:56:45 [http-nio-8081-exec-6] DEBUG o.s.web.servlet.DispatcherServlet - DELETE "/employees/6", parameters={}
2025-07-03 15:56:45 [http-nio-8081-exec-6] DEBUG o.s.w.s.m.m.a.RequestMappingHandlerMapping - Mapped to com.example.springboot.controller.EmployeeController#delete(Long)
2025-07-03 15:56:45 [http-nio-8081-exec-6] WARN  c.e.s.controller.EmployeeController - Deleting employee with id: 6
2025-07-03 15:56:45 [http-nio-8081-exec-6] DEBUG o.s.w.s.m.m.a.HttpEntityMethodProcessor - Using 'application/json', given [application/json, text/plain, */*] and supported [application/json, application/*+json]
2025-07-03 15:56:45 [http-nio-8081-exec-6] DEBUG o.s.w.s.m.m.a.HttpEntityMethodProcessor - Nothing to write: null body
2025-07-03 15:56:45 [http-nio-8081-exec-6] DEBUG o.s.web.servlet.DispatcherServlet - Completed 204 NO_CONTENT
2025-07-03 15:56:45 [http-nio-8081-exec-7] DEBUG o.s.web.servlet.DispatcherServlet - GET "/employees/all", parameters={}
2025-07-03 15:56:45 [http-nio-8081-exec-7] DEBUG o.s.w.s.m.m.a.RequestMappingHandlerMapping - Mapped to com.example.springboot.controller.EmployeeController#getAll()
2025-07-03 15:56:45 [http-nio-8081-exec-7] INFO  c.e.s.controller.EmployeeController - Fetching all employees
2025-07-03 15:56:45 [http-nio-8081-exec-7] DEBUG o.s.w.s.m.m.a.RequestResponseBodyMethodProcessor - Using 'application/json', given [application/json, text/plain, */*] and supported [application/json, application/*+json]
2025-07-03 15:56:45 [http-nio-8081-exec-7] DEBUG o.s.w.s.m.m.a.RequestResponseBodyMethodProcessor - Writing [[EmployeeDTO(id=1, firstName=Anuradha, lastName=Shrivastava, email=anuradha@example.com, department= (truncated)...]
2025-07-03 15:56:45 [http-nio-8081-exec-7] DEBUG o.s.web.servlet.DispatcherServlet - Completed 200 OK
2025-07-03 15:57:03 [http-nio-8081-exec-1] DEBUG o.s.web.servlet.DispatcherServlet - DELETE "/employees/4", parameters={}
2025-07-03 15:57:03 [http-nio-8081-exec-1] DEBUG o.s.w.s.m.m.a.RequestMappingHandlerMapping - Mapped to com.example.springboot.controller.EmployeeController#delete(Long)
2025-07-03 15:57:03 [http-nio-8081-exec-1] WARN  c.e.s.controller.EmployeeController - Deleting employee with id: 4
2025-07-03 15:57:03 [http-nio-8081-exec-1] DEBUG o.s.w.s.m.m.a.HttpEntityMethodProcessor - Using 'application/json', given [application/json, text/plain, */*] and supported [application/json, application/*+json]
2025-07-03 15:57:03 [http-nio-8081-exec-1] DEBUG o.s.w.s.m.m.a.HttpEntityMethodProcessor - Nothing to write: null body
2025-07-03 15:57:03 [http-nio-8081-exec-1] DEBUG o.s.web.servlet.DispatcherServlet - Completed 204 NO_CONTENT
2025-07-03 15:57:03 [http-nio-8081-exec-4] DEBUG o.s.web.servlet.DispatcherServlet - GET "/employees/all", parameters={}
2025-07-03 15:57:03 [http-nio-8081-exec-4] DEBUG o.s.w.s.m.m.a.RequestMappingHandlerMapping - Mapped to com.example.springboot.controller.EmployeeController#getAll()
2025-07-03 15:57:03 [http-nio-8081-exec-4] INFO  c.e.s.controller.EmployeeController - Fetching all employees
2025-07-03 15:57:03 [http-nio-8081-exec-4] DEBUG o.s.w.s.m.m.a.RequestResponseBodyMethodProcessor - Using 'application/json', given [application/json, text/plain, */*] and supported [application/json, application/*+json]
2025-07-03 15:57:03 [http-nio-8081-exec-4] DEBUG o.s.w.s.m.m.a.RequestResponseBodyMethodProcessor - Writing [[EmployeeDTO(id=1, firstName=Anuradha, lastName=Shrivastava, email=anuradha@example.com, department= (truncated)...]
2025-07-03 15:57:03 [http-nio-8081-exec-4] DEBUG o.s.web.servlet.DispatcherServlet - Completed 200 OK
2025-07-03 15:57:25 [http-nio-8081-exec-3] DEBUG o.s.web.servlet.DispatcherServlet - POST "/employees", parameters={}
2025-07-03 15:57:25 [http-nio-8081-exec-3] DEBUG o.s.w.s.m.m.a.RequestMappingHandlerMapping - Mapped to com.example.springboot.controller.EmployeeController#create(EmployeeDTO)
2025-07-03 15:57:25 [http-nio-8081-exec-3] DEBUG o.s.w.s.m.m.a.RequestResponseBodyMethodProcessor - Read "application/json;charset=UTF-8" to [EmployeeDTO(id=null, firstName=Demo, lastName=User1, email=demo.user1@example.com, department=Softwa (truncated)...]
2025-07-03 15:57:25 [http-nio-8081-exec-3] INFO  c.e.s.controller.EmployeeController - Creating new employee: demo.user1@example.com
2025-07-03 15:57:25 [http-nio-8081-exec-3] DEBUG o.s.w.s.m.m.a.HttpEntityMethodProcessor - Using 'application/json', given [application/json, text/plain, */*] and supported [application/json, application/*+json]
2025-07-03 15:57:25 [http-nio-8081-exec-3] DEBUG o.s.w.s.m.m.a.HttpEntityMethodProcessor - Writing [EmployeeDTO(id=7, firstName=Demo, lastName=User1, email=demo.user1@example.com, department=Software, (truncated)...]
2025-07-03 15:57:25 [http-nio-8081-exec-3] DEBUG o.s.web.servlet.DispatcherServlet - Completed 200 OK
2025-07-03 15:57:27 [http-nio-8081-exec-9] DEBUG o.s.web.servlet.DispatcherServlet - GET "/employees/all", parameters={}
2025-07-03 15:57:27 [http-nio-8081-exec-9] DEBUG o.s.w.s.m.m.a.RequestMappingHandlerMapping - Mapped to com.example.springboot.controller.EmployeeController#getAll()
2025-07-03 15:57:27 [http-nio-8081-exec-9] INFO  c.e.s.controller.EmployeeController - Fetching all employees
2025-07-03 15:57:27 [http-nio-8081-exec-9] DEBUG o.s.w.s.m.m.a.RequestResponseBodyMethodProcessor - Using 'application/json', given [application/json, text/plain, */*] and supported [application/json, application/*+json]
2025-07-03 15:57:27 [http-nio-8081-exec-9] DEBUG o.s.w.s.m.m.a.RequestResponseBodyMethodProcessor - Writing [[EmployeeDTO(id=1, firstName=Anuradha, lastName=Shrivastava, email=anuradha@example.com, department= (truncated)...]
2025-07-03 15:57:27 [http-nio-8081-exec-9] DEBUG o.s.web.servlet.DispatcherServlet - Completed 200 OK
2025-07-03 16:02:14 [SpringApplicationShutdownHook] INFO  o.s.o.j.LocalContainerEntityManagerFactoryBean - Closing JPA EntityManagerFactory for persistence unit 'default'
2025-07-03 16:02:14 [SpringApplicationShutdownHook] INFO  com.zaxxer.hikari.HikariDataSource - HikariPool-1 - Shutdown initiated...
2025-07-03 16:02:14 [SpringApplicationShutdownHook] INFO  com.zaxxer.hikari.HikariDataSource - HikariPool-1 - Shutdown completed.
2025-07-03 16:02:44 [main] INFO  com.example.springboot.Application - Starting Application using Java 17.0.15 with PID 38143 (/Users/anilshrivastava/Downloads/gs-spring-boot/complete/target/classes started by anilshrivastava in /Users/anilshrivastava/Downloads/gs-spring-boot/complete)
2025-07-03 16:02:44 [main] DEBUG com.example.springboot.Application - Running with Spring Boot v3.3.0, Spring v6.1.8
2025-07-03 16:02:44 [main] INFO  com.example.springboot.Application - The following 1 profile is active: "dev"
2025-07-03 16:02:45 [main] INFO  o.s.d.r.c.RepositoryConfigurationDelegate - Bootstrapping Spring Data JPA repositories in DEFAULT mode.
2025-07-03 16:02:45 [main] INFO  o.s.d.r.c.RepositoryConfigurationDelegate - Finished Spring Data repository scanning in 16 ms. Found 2 JPA repository interfaces.
2025-07-03 16:02:45 [main] INFO  o.s.b.w.e.tomcat.TomcatWebServer - Tomcat initialized with port 8081 (http)
2025-07-03 16:02:45 [main] INFO  o.a.catalina.core.StandardService - Starting service [Tomcat]
2025-07-03 16:02:45 [main] INFO  o.a.catalina.core.StandardEngine - Starting Servlet engine: [Apache Tomcat/10.1.24]
2025-07-03 16:02:45 [main] INFO  o.a.c.c.C.[Tomcat].[localhost].[/] - Initializing Spring embedded WebApplicationContext
2025-07-03 16:02:45 [main] INFO  o.s.b.w.s.c.ServletWebServerApplicationContext - Root WebApplicationContext: initialization completed in 774 ms
2025-07-03 16:02:45 [main] DEBUG o.s.w.f.ServerHttpObservationFilter - Filter 'webMvcObservationFilter' configured for use
2025-07-03 16:02:45 [main] INFO  o.h.jpa.internal.util.LogHelper - HHH000204: Processing PersistenceUnitInfo [name: default]
2025-07-03 16:02:45 [main] INFO  org.hibernate.Version - HHH000412: Hibernate ORM core version 6.5.2.Final
2025-07-03 16:02:45 [main] INFO  o.h.c.i.RegionFactoryInitiator - HHH000026: Second-level cache disabled
2025-07-03 16:02:45 [main] INFO  o.s.o.j.p.SpringPersistenceUnitInfo - No LoadTimeWeaver setup: ignoring JPA class transformer
2025-07-03 16:02:45 [main] INFO  com.zaxxer.hikari.HikariDataSource - HikariPool-1 - Starting...
2025-07-03 16:02:45 [main] INFO  com.zaxxer.hikari.pool.HikariPool - HikariPool-1 - Added connection org.postgresql.jdbc.PgConnection@4a2653a0
2025-07-03 16:02:45 [main] INFO  com.zaxxer.hikari.HikariDataSource - HikariPool-1 - Start completed.
2025-07-03 16:02:45 [main] WARN  org.hibernate.orm.deprecation - HHH90000025: PostgreSQLDialect does not need to be specified explicitly using 'hibernate.dialect' (remove the property setting and it will be selected by default)
2025-07-03 16:02:46 [main] INFO  o.h.e.t.j.p.i.JtaPlatformInitiator - HHH000489: No JTA platform available (set 'hibernate.transaction.jta.platform' to enable JTA platform integration)
2025-07-03 16:02:46 [main] INFO  o.s.o.j.LocalContainerEntityManagerFactoryBean - Initialized JPA EntityManagerFactory for persistence unit 'default'
2025-07-03 16:02:46 [main] INFO  o.s.s.c.a.a.c.InitializeUserDetailsBeanManagerConfigurer$InitializeUserDetailsManagerConfigurer - Global AuthenticationManager configured with UserDetailsService bean with name customUserDetailsService
2025-07-03 16:02:46 [main] WARN  o.s.b.a.o.j.JpaBaseConfiguration$JpaWebConfiguration - spring.jpa.open-in-view is enabled by default. Therefore, database queries may be performed during view rendering. Explicitly configure spring.jpa.open-in-view to disable this warning
2025-07-03 16:02:46 [main] INFO  o.s.b.a.w.s.WelcomePageHandlerMapping - Adding welcome page: class path resource [static/index.html]
2025-07-03 16:02:46 [main] DEBUG o.s.w.s.m.m.a.RequestMappingHandlerMapping - 17 mappings in 'requestMappingHandlerMapping'
2025-07-03 16:02:46 [main] DEBUG o.s.w.s.h.SimpleUrlHandlerMapping - Patterns [/webjars/**, /**, /swagger-ui*/*swagger-initializer.js, /swagger-ui*/**] in 'resourceHandlerMapping'
2025-07-03 16:02:46 [main] INFO  o.s.b.a.e.web.EndpointLinksResolver - Exposing 15 endpoints beneath base path '/actuator'
2025-07-03 16:02:46 [main] INFO  o.s.s.web.DefaultSecurityFilterChain - Will secure any request with [org.springframework.security.web.session.DisableEncodeUrlFilter@a49995f, org.springframework.security.web.context.request.async.WebAsyncManagerIntegrationFilter@2cb95c6c, org.springframework.security.web.context.SecurityContextHolderFilter@514f2b5c, org.springframework.security.web.header.HeaderWriterFilter@33224703, org.springframework.web.filter.CorsFilter@1484cb57, org.springframework.security.web.authentication.logout.LogoutFilter@5fe7454c, org.springframework.security.oauth2.server.resource.web.authentication.BearerTokenAuthenticationFilter@e4b9a64, org.springframework.security.web.authentication.www.BasicAuthenticationFilter@47db5b8f, org.springframework.security.web.savedrequest.RequestCacheAwareFilter@3020f22, org.springframework.security.web.servletapi.SecurityContextHolderAwareRequestFilter@c730e65, org.springframework.security.web.authentication.AnonymousAuthenticationFilter@1e250539, org.springframework.security.web.access.ExceptionTranslationFilter@27ae6f9e, org.springframework.security.web.access.intercept.AuthorizationFilter@4cd886b7]
2025-07-03 16:02:46 [main] DEBUG o.s.w.s.m.m.a.RequestMappingHandlerAdapter - ControllerAdvice beans: 0 @ModelAttribute, 0 @InitBinder, 1 RequestBodyAdvice, 1 ResponseBodyAdvice
2025-07-03 16:02:46 [main] DEBUG o.s.w.s.m.m.a.ExceptionHandlerExceptionResolver - ControllerAdvice beans: 2 @ExceptionHandler, 1 ResponseBodyAdvice
2025-07-03 16:02:46 [main] INFO  o.s.b.w.e.tomcat.TomcatWebServer - Tomcat started on port 8081 (http) with context path '/'
2025-07-03 16:02:46 [main] INFO  com.example.springboot.Application - Started Application in 2.565 seconds (process running for 2.701)
